运行日志: /workspace/6Dpose/outputs/zed_foundationpose/run.log
自动加载首帧 mask: /workspace/6Dpose/outputs/zed_foundationpose/initial_mask.png
正在加载 FoundationPose scorer/refiner 模型...
[__init__()] self.cfg: 
 lr: 0.0001
c_in: 6
zfar: 'Infinity'
debug: null
n_view: 1
run_id: 3wy8qqex
use_BN: true
exp_name: 2024-01-11-20-02-45
n_epochs: 62
save_dir: /home/bowenw/debug/2024-01-11-20-02-45/
use_mask: false
loss_type: pairwise_valid
optimizer: adam
batch_size: 64
crop_ratio: 1.1
enable_amp: true
use_normal: false
max_num_key: null
warmup_step: -1
input_resize:
- 160
- 160
max_step_val: 1000
vis_interval: 1000
weight_decay: 0
normalize_xyz: true
resume_run_id: null
clip_grad_norm: 'Infinity'
lr_epoch_decay: 500
render_backend: nvdiffrast
train_num_pair: 5
lr_decay_epochs:
- 50
n_epochs_warmup: 1
make_pair_online: false
gradient_max_norm: 'Infinity'
max_step_per_epoch: 10000
n_rendering_workers: 1
save_epoch_interval: 100
n_dataloader_workers: 100
split_objects_across_gpus: true
ckpt_dir: /workspace/6Dpose/FoundationPose/learning/training/../../weights/2024-01-11-20-02-45/model_best.pth

[__init__()] self.h5_file:None
[__init__()] Using pretrained model from /workspace/6Dpose/FoundationPose/learning/training/../../weights/2024-01-11-20-02-45/model_best.pth
[__init__()] init done
[__init__()] welcome
[__init__()] self.cfg: 
 lr: 0.0001
c_in: 6
zfar: .inf
debug: null
w_rot: 0.1
n_view: 1
run_id: null
use_BN: true
rot_rep: axis_angle
ckpt_dir: /workspace/6Dpose/FoundationPose/learning/training/../../weights/2023-10-28-18-33-37/model_best.pth
exp_name: 2023-10-28-18-33-37
save_dir: /tmp/2023-10-28-18-33-37/
loss_type: l2
optimizer: adam
trans_rep: tracknet
batch_size: 64
crop_ratio: 1.2
use_normal: false
BN_momentum: 0.1
max_num_key: null
warmup_step: -1
input_resize:
- 160
- 160
max_step_val: 1000
normal_uint8: false
vis_interval: 1000
weight_decay: 0
n_max_objects: null
normalize_xyz: true
clip_grad_norm: 'Infinity'
rot_normalizer: 0.3490658503988659
trans_normalizer:
- 0.019999999552965164
- 0.019999999552965164
- 0.05000000074505806
max_step_per_epoch: 25000
val_epoch_interval: 10
n_dataloader_workers: 60
enable_amp: true
use_mask: false

[__init__()] self.h5_file:
[__init__()] Using pretrained model from /workspace/6Dpose/FoundationPose/learning/training/../../weights/2023-10-28-18-33-37/model_best.pth
[__init__()] init done
[reset_object()] self.diameter:0.606217782649107, vox_size:0.03031088913245535
[reset_object()] self.pts:torch.Size([8, 3])
[reset_object()] reset done
[make_rotation_grid()] cam_in_obs:(42, 4, 4)
[make_rotation_grid()] rot_grid:(252, 4, 4)
[make_rotation_grid()] after cluster, rot_grid:(252, 4, 4)
[make_rotation_grid()] self.rot_grid: torch.Size([252, 4, 4])
FoundationPose 初始化完成；共 1005 帧
自动加载首帧姿态并恢复跟踪状态: /workspace/6Dpose/outputs/zed_foundationpose/ob_in_cam/000000.txt
[1/1005] 000000.png
[track_one()] Welcome
Module Utils 65dffc6 load on device 'cuda:0' took 0.67 ms  (cached)
[track_one()] depth processing done
/usr/local/lib/python3.10/dist-packages/torch/__init__.py:1275: UserWarning: torch.set_default_tensor_type() is deprecated as of PyTorch 2.1, please use torch.set_default_dtype() and torch.set_default_device() as alternatives. (Triggered internally at /pytorch/torch/csrc/tensor/python_tensor.cpp:434.)
  _C._set_default_tensor_type(t)
[predict()] ob_in_cams:(1, 4, 4)
[predict()] self.cfg.use_normal:False
[predict()] trans_normalizer:[0.019999999552965164, 0.019999999552965164, 0.05000000074505806], rot_normalizer:0.3490658503988659
[predict()] making cropped data
[make_crop_data_batch()] Welcome make_crop_data_batch
[make_crop_data_batch()] make tf_to_crops done
[make_crop_data_batch()] render done
[make_crop_data_batch()] warp done
[make_crop_data_batch()] pose batch data done
[predict()] forward start
/workspace/6Dpose/FoundationPose/learning/training/predict_pose_refine.py:190: FutureWarning: `torch.cuda.amp.autocast(args...)` is deprecated. Please use `torch.amp.autocast('cuda', args...)` instead.
  with torch.cuda.amp.autocast(enabled=self.amp):
[predict()] forward done
[predict()] making cropped data
[make_crop_data_batch()] Welcome make_crop_data_batch
[make_crop_data_batch()] make tf_to_crops done
[make_crop_data_batch()] render done
[make_crop_data_batch()] warp done
[make_crop_data_batch()] pose batch data done
[predict()] forward start
[predict()] forward done
[track_one()] pose done
[2/1005] 000001.png
[track_one()] Welcome
[track_one()] depth processing done
[predict()] ob_in_cams:(1, 4, 4)
[predict()] self.cfg.use_normal:False
[predict()] trans_normalizer:[0.019999999552965164, 0.019999999552965164, 0.05000000074505806], rot_normalizer:0.3490658503988659
[predict()] making cropped data
[make_crop_data_batch()] Welcome make_crop_data_batch
[make_crop_data_batch()] make tf_to_crops done
[make_crop_data_batch()] render done
[make_crop_data_batch()] warp done
[make_crop_data_batch()] pose batch data done
[predict()] forward start
[predict()] forward done
[predict()] making cropped data
[make_crop_data_batch()] Welcome make_crop_data_batch
[make_crop_data_batch()] make tf_to_crops done
[make_crop_data_batch()] render done
[make_crop_data_batch()] warp done
[make_crop_data_batch()] pose batch data done
[predict()] forward start
[predict()] forward done
[track_one()] pose done
[3/1005] 000002.png
[track_one()] Welcome
[track_one()] depth processing done
[predict()] ob_in_cams:(1, 4, 4)
[predict()] self.cfg.use_normal:False
[predict()] trans_normalizer:[0.019999999552965164, 0.019999999552965164, 0.05000000074505806], rot_normalizer:0.3490658503988659
[predict()] making cropped data
[make_crop_data_batch()] Welcome make_crop_data_batch
[make_crop_data_batch()] make tf_to_crops done
[make_crop_data_batch()] render done
[make_crop_data_batch()] warp done
[make_crop_data_batch()] pose batch data done
[predict()] forward start
[predict()] forward done
[predict()] making cropped data
[make_crop_data_batch()] Welcome make_crop_data_batch
[make_crop_data_batch()] make tf_to_crops done
[make_crop_data_batch()] render done
[make_crop_data_batch()] warp done
[make_crop_data_batch()] pose batch data done
[predict()] forward start
[predict()] forward done
[track_one()] pose done
[4/1005] 000003.png
[track_one()] Welcome
[track_one()] depth processing done
[predict()] ob_in_cams:(1, 4, 4)
[predict()] self.cfg.use_normal:False
[predict()] trans_normalizer:[0.019999999552965164, 0.019999999552965164, 0.05000000074505806], rot_normalizer:0.3490658503988659
[predict()] making cropped data
[make_crop_data_batch()] Welcome make_crop_data_batch
[make_crop_data_batch()] make tf_to_crops done
[make_crop_data_batch()] render done
[make_crop_data_batch()] warp done
[make_crop_data_batch()] pose batch data done
[predict()] forward start
[predict()] forward done
[predict()] making cropped data
[make_crop_data_batch()] Welcome make_crop_data_batch
[make_crop_data_batch()] make tf_to_crops done
[make_crop_data_batch()] render done
[make_crop_data_batch()] warp done
[make_crop_data_batch()] pose batch data done
[predict()] forward start
[predict()] forward done
[track_one()] pose done
[5/1005] 000004.png
[track_one()] Welcome
[track_one()] depth processing done
[predict()] ob_in_cams:(1, 4, 4)
[predict()] self.cfg.use_normal:False
[predict()] trans_normalizer:[0.019999999552965164, 0.019999999552965164, 0.05000000074505806], rot_normalizer:0.3490658503988659
[predict()] making cropped data
[make_crop_data_batch()] Welcome make_crop_data_batch
[make_crop_data_batch()] make tf_to_crops done
[make_crop_data_batch()] render done
[make_crop_data_batch()] warp done
[make_crop_data_batch()] pose batch data done
[predict()] forward start
[predict()] forward done
[predict()] making cropped data
[make_crop_data_batch()] Welcome make_crop_data_batch
[make_crop_data_batch()] make tf_to_crops done
[make_crop_data_batch()] render done
[make_crop_data_batch()] warp done
[make_crop_data_batch()] pose batch data done
[predict()] forward start
[predict()] forward done
[track_one()] pose done
[6/1005] 000005.png
[track_one()] Welcome
[track_one()] depth processing done
[predict()] ob_in_cams:(1, 4, 4)
[predict()] self.cfg.use_normal:False
[predict()] trans_normalizer:[0.019999999552965164, 0.019999999552965164, 0.05000000074505806], rot_normalizer:0.3490658503988659
[predict()] making cropped data
[make_crop_data_batch()] Welcome make_crop_data_batch
[make_crop_data_batch()] make tf_to_crops done
[make_crop_data_batch()] render done
[make_crop_data_batch()] warp done
[make_crop_data_batch()] pose batch data done
[predict()] forward start
[predict()] forward done
[predict()] making cropped data
[make_crop_data_batch()] Welcome make_crop_data_batch
[make_crop_data_batch()] make tf_to_crops done
[make_crop_data_batch()] render done
[make_crop_data_batch()] warp done
[make_crop_data_batch()] pose batch data done
[predict()] forward start
[predict()] forward done
[track_one()] pose done
[7/1005] 000006.png
[track_one()] Welcome
[track_one()] depth processing done
[predict()] ob_in_cams:(1, 4, 4)
[predict()] self.cfg.use_normal:False
[predict()] trans_normalizer:[0.019999999552965164, 0.019999999552965164, 0.05000000074505806], rot_normalizer:0.3490658503988659
[predict()] making cropped data
[make_crop_data_batch()] Welcome make_crop_data_batch
[make_crop_data_batch()] make tf_to_crops done
[make_crop_data_batch()] render done
[make_crop_data_batch()] warp done
[make_crop_data_batch()] pose batch data done
[predict()] forward start
[predict()] forward done
[predict()] making cropped data
[make_crop_data_batch()] Welcome make_crop_data_batch
[make_crop_data_batch()] make tf_to_crops done
[make_crop_data_batch()] render done
[make_crop_data_batch()] warp done
[make_crop_data_batch()] pose batch data done
[predict()] forward start
[predict()] forward done
[track_one()] pose done
[8/1005] 000007.png
[track_one()] Welcome
[track_one()] depth processing done
[predict()] ob_in_cams:(1, 4, 4)
[predict()] self.cfg.use_normal:False
[predict()] trans_normalizer:[0.019999999552965164, 0.019999999552965164, 0.05000000074505806], rot_normalizer:0.3490658503988659
[predict()] making cropped data
[make_crop_data_batch()] Welcome make_crop_data_batch
[make_crop_data_batch()] make tf_to_crops done
[make_crop_data_batch()] render done
[make_crop_data_batch()] warp done
[make_crop_data_batch()] pose batch data done
[predict()] forward start
[predict()] forward done
[predict()] making cropped data
[make_crop_data_batch()] Welcome make_crop_data_batch
[make_crop_data_batch()] make tf_to_crops done
[make_crop_data_batch()] render done
[make_crop_data_batch()] warp done
[make_crop_data_batch()] pose batch data done
[predict()] forward start
[predict()] forward done
[track_one()] pose done
[9/1005] 000008.png
[track_one()] Welcome
[track_one()] depth processing done
[predict()] ob_in_cams:(1, 4, 4)
[predict()] self.cfg.use_normal:False
[predict()] trans_normalizer:[0.019999999552965164, 0.019999999552965164, 0.05000000074505806], rot_normalizer:0.3490658503988659
[predict()] making cropped data
[make_crop_data_batch()] Welcome make_crop_data_batch
[make_crop_data_batch()] make tf_to_crops done
[make_crop_data_batch()] render done
[make_crop_data_batch()] warp done
[make_crop_data_batch()] pose batch data done
[predict()] forward start
[predict()] forward done
[predict()] making cropped data
[make_crop_data_batch()] Welcome make_crop_data_batch
[make_crop_data_batch()] make tf_to_crops done
[make_crop_data_batch()] render done
[make_crop_data_batch()] warp done
[make_crop_data_batch()] pose batch data done
[predict()] forward start
[predict()] forward done
[track_one()] pose done
[10/1005] 000009.png
[track_one()] Welcome
[track_one()] depth processing done
[predict()] ob_in_cams:(1, 4, 4)
[predict()] self.cfg.use_normal:False
[predict()] trans_normalizer:[0.019999999552965164, 0.019999999552965164, 0.05000000074505806], rot_normalizer:0.3490658503988659
[predict()] making cropped data
[make_crop_data_batch()] Welcome make_crop_data_batch
[make_crop_data_batch()] make tf_to_crops done
[make_crop_data_batch()] render done
[make_crop_data_batch()] warp done
[make_crop_data_batch()] pose batch data done
[predict()] forward start
[predict()] forward done
[predict()] making cropped data
[make_crop_data_batch()] Welcome make_crop_data_batch
[make_crop_data_batch()] make tf_to_crops done
[make_crop_data_batch()] render done
[make_crop_data_batch()] warp done
[make_crop_data_batch()] pose batch data done
[predict()] forward start
[predict()] forward done
[track_one()] pose done
[11/1005] 000010.png
[track_one()] Welcome
[track_one()] depth processing done
[predict()] ob_in_cams:(1, 4, 4)
[predict()] self.cfg.use_normal:False
[predict()] trans_normalizer:[0.019999999552965164, 0.019999999552965164, 0.05000000074505806], rot_normalizer:0.3490658503988659
[predict()] making cropped data
[make_crop_data_batch()] Welcome make_crop_data_batch
[make_crop_data_batch()] make tf_to_crops done
[make_crop_data_batch()] render done
[make_crop_data_batch()] warp done
[make_crop_data_batch()] pose batch data done
[predict()] forward start
[predict()] forward done
[predict()] making cropped data
[make_crop_data_batch()] Welcome make_crop_data_batch
[make_crop_data_batch()] make tf_to_crops done
[make_crop_data_batch()] render done
[make_crop_data_batch()] warp done
[make_crop_data_batch()] pose batch data done
[predict()] forward start
[predict()] forward done
[track_one()] pose done
[12/1005] 000011.png
[track_one()] Welcome
[track_one()] depth processing done
[predict()] ob_in_cams:(1, 4, 4)
[predict()] self.cfg.use_normal:False
[predict()] trans_normalizer:[0.019999999552965164, 0.019999999552965164, 0.05000000074505806], rot_normalizer:0.3490658503988659
[predict()] making cropped data
[make_crop_data_batch()] Welcome make_crop_data_batch
[make_crop_data_batch()] make tf_to_crops done
[make_crop_data_batch()] render done
[make_crop_data_batch()] warp done
[make_crop_data_batch()] pose batch data done
[predict()] forward start
[predict()] forward done
[predict()] making cropped data
[make_crop_data_batch()] Welcome make_crop_data_batch
[make_crop_data_batch()] make tf_to_crops done
[make_crop_data_batch()] render done
[make_crop_data_batch()] warp done
[make_crop_data_batch()] pose batch data done
[predict()] forward start
[predict()] forward done
[track_one()] pose done
[13/1005] 000012.png
[track_one()] Welcome
[track_one()] depth processing done
[predict()] ob_in_cams:(1, 4, 4)
[predict()] self.cfg.use_normal:False
[predict()] trans_normalizer:[0.019999999552965164, 0.019999999552965164, 0.05000000074505806], rot_normalizer:0.3490658503988659
[predict()] making cropped data
[make_crop_data_batch()] Welcome make_crop_data_batch
[make_crop_data_batch()] make tf_to_crops done
[make_crop_data_batch()] render done
[make_crop_data_batch()] warp done
[make_crop_data_batch()] pose batch data done
[predict()] forward start
[predict()] forward done
[predict()] making cropped data
[make_crop_data_batch()] Welcome make_crop_data_batch
[make_crop_data_batch()] make tf_to_crops done
[make_crop_data_batch()] render done
[make_crop_data_batch()] warp done
[make_crop_data_batch()] pose batch data done
[predict()] forward start
[predict()] forward done
[track_one()] pose done
[14/1005] 000013.png
[track_one()] Welcome
[track_one()] depth processing done
[predict()] ob_in_cams:(1, 4, 4)
[predict()] self.cfg.use_normal:False
[predict()] trans_normalizer:[0.019999999552965164, 0.019999999552965164, 0.05000000074505806], rot_normalizer:0.3490658503988659
[predict()] making cropped data
[make_crop_data_batch()] Welcome make_crop_data_batch
[make_crop_data_batch()] make tf_to_crops done
[make_crop_data_batch()] render done
[make_crop_data_batch()] warp done
[make_crop_data_batch()] pose batch data done
[predict()] forward start
[predict()] forward done
[predict()] making cropped data
[make_crop_data_batch()] Welcome make_crop_data_batch
[make_crop_data_batch()] make tf_to_crops done
[make_crop_data_batch()] render done
[make_crop_data_batch()] warp done
[make_crop_data_batch()] pose batch data done
[predict()] forward start
[predict()] forward done
[track_one()] pose done
[15/1005] 000014.png
[track_one()] Welcome
[track_one()] depth processing done
[predict()] ob_in_cams:(1, 4, 4)
[predict()] self.cfg.use_normal:False
[predict()] trans_normalizer:[0.019999999552965164, 0.019999999552965164, 0.05000000074505806], rot_normalizer:0.3490658503988659
[predict()] making cropped data
[make_crop_data_batch()] Welcome make_crop_data_batch
[make_crop_data_batch()] make tf_to_crops done
[make_crop_data_batch()] render done
[make_crop_data_batch()] warp done
[make_crop_data_batch()] pose batch data done
[predict()] forward start
[predict()] forward done
[predict()] making cropped data
[make_crop_data_batch()] Welcome make_crop_data_batch
[make_crop_data_batch()] make tf_to_crops done
[make_crop_data_batch()] render done
[make_crop_data_batch()] warp done
[make_crop_data_batch()] pose batch data done
[predict()] forward start
[predict()] forward done
[track_one()] pose done
[16/1005] 000015.png
[track_one()] Welcome
[track_one()] depth processing done
[predict()] ob_in_cams:(1, 4, 4)
[predict()] self.cfg.use_normal:False
[predict()] trans_normalizer:[0.019999999552965164, 0.019999999552965164, 0.05000000074505806], rot_normalizer:0.3490658503988659
[predict()] making cropped data
[make_crop_data_batch()] Welcome make_crop_data_batch
[make_crop_data_batch()] make tf_to_crops done
[make_crop_data_batch()] render done
[make_crop_data_batch()] warp done
[make_crop_data_batch()] pose batch data done
[predict()] forward start
[predict()] forward done
[predict()] making cropped data
[make_crop_data_batch()] Welcome make_crop_data_batch
[make_crop_data_batch()] make tf_to_crops done
[make_crop_data_batch()] render done
[make_crop_data_batch()] warp done
[make_crop_data_batch()] pose batch data done
[predict()] forward start
[predict()] forward done
[track_one()] pose done
[17/1005] 000016.png
[track_one()] Welcome
[track_one()] depth processing done
[predict()] ob_in_cams:(1, 4, 4)
[predict()] self.cfg.use_normal:False
[predict()] trans_normalizer:[0.019999999552965164, 0.019999999552965164, 0.05000000074505806], rot_normalizer:0.3490658503988659
[predict()] making cropped data
[make_crop_data_batch()] Welcome make_crop_data_batch
[make_crop_data_batch()] make tf_to_crops done
[make_crop_data_batch()] render done
[make_crop_data_batch()] warp done
[make_crop_data_batch()] pose batch data done
[predict()] forward start
[predict()] forward done
[predict()] making cropped data
[make_crop_data_batch()] Welcome make_crop_data_batch
[make_crop_data_batch()] make tf_to_crops done
[make_crop_data_batch()] render done
[make_crop_data_batch()] warp done
[make_crop_data_batch()] pose batch data done
[predict()] forward start
[predict()] forward done
[track_one()] pose done
[18/1005] 000017.png
[track_one()] Welcome
[track_one()] depth processing done
[predict()] ob_in_cams:(1, 4, 4)
[predict()] self.cfg.use_normal:False
[predict()] trans_normalizer:[0.019999999552965164, 0.019999999552965164, 0.05000000074505806], rot_normalizer:0.3490658503988659
[predict()] making cropped data
[make_crop_data_batch()] Welcome make_crop_data_batch
[make_crop_data_batch()] make tf_to_crops done
[make_crop_data_batch()] render done
[make_crop_data_batch()] warp done
[make_crop_data_batch()] pose batch data done
[predict()] forward start
[predict()] forward done
[predict()] making cropped data
[make_crop_data_batch()] Welcome make_crop_data_batch
[make_crop_data_batch()] make tf_to_crops done
[make_crop_data_batch()] render done
[make_crop_data_batch()] warp done
[make_crop_data_batch()] pose batch data done
[predict()] forward start
[predict()] forward done
[track_one()] pose done
[19/1005] 000018.png
[track_one()] Welcome
[track_one()] depth processing done
[predict()] ob_in_cams:(1, 4, 4)
[predict()] self.cfg.use_normal:False
[predict()] trans_normalizer:[0.019999999552965164, 0.019999999552965164, 0.05000000074505806], rot_normalizer:0.3490658503988659
[predict()] making cropped data
[make_crop_data_batch()] Welcome make_crop_data_batch
[make_crop_data_batch()] make tf_to_crops done
[make_crop_data_batch()] render done
[make_crop_data_batch()] warp done
[make_crop_data_batch()] pose batch data done
[predict()] forward start
[predict()] forward done
[predict()] making cropped data
[make_crop_data_batch()] Welcome make_crop_data_batch
[make_crop_data_batch()] make tf_to_crops done
[make_crop_data_batch()] render done
[make_crop_data_batch()] warp done
[make_crop_data_batch()] pose batch data done
[predict()] forward start
[predict()] forward done
[track_one()] pose done
[20/1005] 000019.png
[track_one()] Welcome
[track_one()] depth processing done
[predict()] ob_in_cams:(1, 4, 4)
[predict()] self.cfg.use_normal:False
[predict()] trans_normalizer:[0.019999999552965164, 0.019999999552965164, 0.05000000074505806], rot_normalizer:0.3490658503988659
[predict()] making cropped data
[make_crop_data_batch()] Welcome make_crop_data_batch
[make_crop_data_batch()] make tf_to_crops done
[make_crop_data_batch()] render done
[make_crop_data_batch()] warp done
[make_crop_data_batch()] pose batch data done
[predict()] forward start
[predict()] forward done
[predict()] making cropped data
[make_crop_data_batch()] Welcome make_crop_data_batch
[make_crop_data_batch()] make tf_to_crops done
[make_crop_data_batch()] render done
[make_crop_data_batch()] warp done
[make_crop_data_batch()] pose batch data done
[predict()] forward start
[predict()] forward done
[track_one()] pose done
[21/1005] 000020.png
[track_one()] Welcome
[track_one()] depth processing done
[predict()] ob_in_cams:(1, 4, 4)
[predict()] self.cfg.use_normal:False
[predict()] trans_normalizer:[0.019999999552965164, 0.019999999552965164, 0.05000000074505806], rot_normalizer:0.3490658503988659
[predict()] making cropped data
[make_crop_data_batch()] Welcome make_crop_data_batch
[make_crop_data_batch()] make tf_to_crops done
[make_crop_data_batch()] render done
[make_crop_data_batch()] warp done
[make_crop_data_batch()] pose batch data done
[predict()] forward start
[predict()] forward done
[predict()] making cropped data
[make_crop_data_batch()] Welcome make_crop_data_batch
[make_crop_data_batch()] make tf_to_crops done
[make_crop_data_batch()] render done
[make_crop_data_batch()] warp done
[make_crop_data_batch()] pose batch data done
[predict()] forward start
[predict()] forward done
[track_one()] pose done
[22/1005] 000021.png
[track_one()] Welcome
[track_one()] depth processing done
[predict()] ob_in_cams:(1, 4, 4)
[predict()] self.cfg.use_normal:False
[predict()] trans_normalizer:[0.019999999552965164, 0.019999999552965164, 0.05000000074505806], rot_normalizer:0.3490658503988659
[predict()] making cropped data
[make_crop_data_batch()] Welcome make_crop_data_batch
[make_crop_data_batch()] make tf_to_crops done
[make_crop_data_batch()] render done
[make_crop_data_batch()] warp done
[make_crop_data_batch()] pose batch data done
[predict()] forward start
[predict()] forward done
[predict()] making cropped data
[make_crop_data_batch()] Welcome make_crop_data_batch
[make_crop_data_batch()] make tf_to_crops done
[make_crop_data_batch()] render done
[make_crop_data_batch()] warp done
[make_crop_data_batch()] pose batch data done
[predict()] forward start
[predict()] forward done
[track_one()] pose done
[23/1005] 000022.png
[track_one()] Welcome
[track_one()] depth processing done
[predict()] ob_in_cams:(1, 4, 4)
[predict()] self.cfg.use_normal:False
[predict()] trans_normalizer:[0.019999999552965164, 0.019999999552965164, 0.05000000074505806], rot_normalizer:0.3490658503988659
[predict()] making cropped data
[make_crop_data_batch()] Welcome make_crop_data_batch
[make_crop_data_batch()] make tf_to_crops done
[make_crop_data_batch()] render done
[make_crop_data_batch()] warp done
[make_crop_data_batch()] pose batch data done
[predict()] forward start
[predict()] forward done
[predict()] making cropped data
[make_crop_data_batch()] Welcome make_crop_data_batch
[make_crop_data_batch()] make tf_to_crops done
[make_crop_data_batch()] render done
[make_crop_data_batch()] warp done
[make_crop_data_batch()] pose batch data done
[predict()] forward start
[predict()] forward done
[track_one()] pose done
[24/1005] 000023.png
[track_one()] Welcome
[track_one()] depth processing done
[predict()] ob_in_cams:(1, 4, 4)
[predict()] self.cfg.use_normal:False
[predict()] trans_normalizer:[0.019999999552965164, 0.019999999552965164, 0.05000000074505806], rot_normalizer:0.3490658503988659
[predict()] making cropped data
[make_crop_data_batch()] Welcome make_crop_data_batch
[make_crop_data_batch()] make tf_to_crops done
[make_crop_data_batch()] render done
[make_crop_data_batch()] warp done
[make_crop_data_batch()] pose batch data done
[predict()] forward start
[predict()] forward done
[predict()] making cropped data
[make_crop_data_batch()] Welcome make_crop_data_batch
[make_crop_data_batch()] make tf_to_crops done
[make_crop_data_batch()] render done
[make_crop_data_batch()] warp done
[make_crop_data_batch()] pose batch data done
[predict()] forward start
[predict()] forward done
[track_one()] pose done
[25/1005] 000024.png
[track_one()] Welcome
[track_one()] depth processing done
[predict()] ob_in_cams:(1, 4, 4)
[predict()] self.cfg.use_normal:False
[predict()] trans_normalizer:[0.019999999552965164, 0.019999999552965164, 0.05000000074505806], rot_normalizer:0.3490658503988659
[predict()] making cropped data
[make_crop_data_batch()] Welcome make_crop_data_batch
[make_crop_data_batch()] make tf_to_crops done
[make_crop_data_batch()] render done
[make_crop_data_batch()] warp done
[make_crop_data_batch()] pose batch data done
[predict()] forward start
[predict()] forward done
[predict()] making cropped data
[make_crop_data_batch()] Welcome make_crop_data_batch
[make_crop_data_batch()] make tf_to_crops done
[make_crop_data_batch()] render done
[make_crop_data_batch()] warp done
[make_crop_data_batch()] pose batch data done
[predict()] forward start
[predict()] forward done
[track_one()] pose done
[26/1005] 000025.png
[track_one()] Welcome
[track_one()] depth processing done
[predict()] ob_in_cams:(1, 4, 4)
[predict()] self.cfg.use_normal:False
[predict()] trans_normalizer:[0.019999999552965164, 0.019999999552965164, 0.05000000074505806], rot_normalizer:0.3490658503988659
[predict()] making cropped data
[make_crop_data_batch()] Welcome make_crop_data_batch
[make_crop_data_batch()] make tf_to_crops done
[make_crop_data_batch()] render done
[make_crop_data_batch()] warp done
[make_crop_data_batch()] pose batch data done
[predict()] forward start
[predict()] forward done
[predict()] making cropped data
[make_crop_data_batch()] Welcome make_crop_data_batch
[make_crop_data_batch()] make tf_to_crops done
[make_crop_data_batch()] render done
[make_crop_data_batch()] warp done
[make_crop_data_batch()] pose batch data done
[predict()] forward start
[predict()] forward done
[track_one()] pose done
[27/1005] 000026.png
[track_one()] Welcome
[track_one()] depth processing done
[predict()] ob_in_cams:(1, 4, 4)
[predict()] self.cfg.use_normal:False
[predict()] trans_normalizer:[0.019999999552965164, 0.019999999552965164, 0.05000000074505806], rot_normalizer:0.3490658503988659
[predict()] making cropped data
[make_crop_data_batch()] Welcome make_crop_data_batch
[make_crop_data_batch()] make tf_to_crops done
[make_crop_data_batch()] render done
[make_crop_data_batch()] warp done
[make_crop_data_batch()] pose batch data done
[predict()] forward start
[predict()] forward done
[predict()] making cropped data
[make_crop_data_batch()] Welcome make_crop_data_batch
[make_crop_data_batch()] make tf_to_crops done
[make_crop_data_batch()] render done
[make_crop_data_batch()] warp done
[make_crop_data_batch()] pose batch data done
[predict()] forward start
[predict()] forward done
[track_one()] pose done
[28/1005] 000027.png
[track_one()] Welcome
[track_one()] depth processing done
[predict()] ob_in_cams:(1, 4, 4)
[predict()] self.cfg.use_normal:False
[predict()] trans_normalizer:[0.019999999552965164, 0.019999999552965164, 0.05000000074505806], rot_normalizer:0.3490658503988659
[predict()] making cropped data
[make_crop_data_batch()] Welcome make_crop_data_batch
[make_crop_data_batch()] make tf_to_crops done
[make_crop_data_batch()] render done
[make_crop_data_batch()] warp done
[make_crop_data_batch()] pose batch data done
[predict()] forward start
[predict()] forward done
[predict()] making cropped data
[make_crop_data_batch()] Welcome make_crop_data_batch
[make_crop_data_batch()] make tf_to_crops done
[make_crop_data_batch()] render done
[make_crop_data_batch()] warp done
[make_crop_data_batch()] pose batch data done
[predict()] forward start
[predict()] forward done
[track_one()] pose done
[29/1005] 000028.png
[track_one()] Welcome
[track_one()] depth processing done
[predict()] ob_in_cams:(1, 4, 4)
[predict()] self.cfg.use_normal:False
[predict()] trans_normalizer:[0.019999999552965164, 0.019999999552965164, 0.05000000074505806], rot_normalizer:0.3490658503988659
[predict()] making cropped data
[make_crop_data_batch()] Welcome make_crop_data_batch
[make_crop_data_batch()] make tf_to_crops done
[make_crop_data_batch()] render done
[make_crop_data_batch()] warp done
[make_crop_data_batch()] pose batch data done
[predict()] forward start
[predict()] forward done
[predict()] making cropped data
[make_crop_data_batch()] Welcome make_crop_data_batch
[make_crop_data_batch()] make tf_to_crops done
[make_crop_data_batch()] render done
[make_crop_data_batch()] warp done
[make_crop_data_batch()] pose batch data done
[predict()] forward start
[predict()] forward done
[track_one()] pose done
[30/1005] 000029.png
[track_one()] Welcome
[track_one()] depth processing done
[predict()] ob_in_cams:(1, 4, 4)
[predict()] self.cfg.use_normal:False
[predict()] trans_normalizer:[0.019999999552965164, 0.019999999552965164, 0.05000000074505806], rot_normalizer:0.3490658503988659
[predict()] making cropped data
[make_crop_data_batch()] Welcome make_crop_data_batch
[make_crop_data_batch()] make tf_to_crops done
[make_crop_data_batch()] render done
[make_crop_data_batch()] warp done
[make_crop_data_batch()] pose batch data done
[predict()] forward start
[predict()] forward done
[predict()] making cropped data
[make_crop_data_batch()] Welcome make_crop_data_batch
[make_crop_data_batch()] make tf_to_crops done
[make_crop_data_batch()] render done
[make_crop_data_batch()] warp done
[make_crop_data_batch()] pose batch data done
[predict()] forward start
[predict()] forward done
[track_one()] pose done
[31/1005] 000030.png
[track_one()] Welcome
[track_one()] depth processing done
[predict()] ob_in_cams:(1, 4, 4)
[predict()] self.cfg.use_normal:False
[predict()] trans_normalizer:[0.019999999552965164, 0.019999999552965164, 0.05000000074505806], rot_normalizer:0.3490658503988659
[predict()] making cropped data
[make_crop_data_batch()] Welcome make_crop_data_batch
[make_crop_data_batch()] make tf_to_crops done
[make_crop_data_batch()] render done
[make_crop_data_batch()] warp done
[make_crop_data_batch()] pose batch data done
[predict()] forward start
[predict()] forward done
[predict()] making cropped data
[make_crop_data_batch()] Welcome make_crop_data_batch
[make_crop_data_batch()] make tf_to_crops done
[make_crop_data_batch()] render done
[make_crop_data_batch()] warp done
[make_crop_data_batch()] pose batch data done
[predict()] forward start
[predict()] forward done
[track_one()] pose done
[32/1005] 000031.png
[track_one()] Welcome
[track_one()] depth processing done
[predict()] ob_in_cams:(1, 4, 4)
[predict()] self.cfg.use_normal:False
[predict()] trans_normalizer:[0.019999999552965164, 0.019999999552965164, 0.05000000074505806], rot_normalizer:0.3490658503988659
[predict()] making cropped data
[make_crop_data_batch()] Welcome make_crop_data_batch
[make_crop_data_batch()] make tf_to_crops done
[make_crop_data_batch()] render done
[make_crop_data_batch()] warp done
[make_crop_data_batch()] pose batch data done
[predict()] forward start
[predict()] forward done
[predict()] making cropped data
[make_crop_data_batch()] Welcome make_crop_data_batch
[make_crop_data_batch()] make tf_to_crops done
[make_crop_data_batch()] render done
[make_crop_data_batch()] warp done
[make_crop_data_batch()] pose batch data done
[predict()] forward start
[predict()] forward done
[track_one()] pose done
[33/1005] 000032.png
[track_one()] Welcome
[track_one()] depth processing done
[predict()] ob_in_cams:(1, 4, 4)
[predict()] self.cfg.use_normal:False
[predict()] trans_normalizer:[0.019999999552965164, 0.019999999552965164, 0.05000000074505806], rot_normalizer:0.3490658503988659
[predict()] making cropped data
[make_crop_data_batch()] Welcome make_crop_data_batch
[make_crop_data_batch()] make tf_to_crops done
[make_crop_data_batch()] render done
[make_crop_data_batch()] warp done
[make_crop_data_batch()] pose batch data done
[predict()] forward start
[predict()] forward done
[predict()] making cropped data
[make_crop_data_batch()] Welcome make_crop_data_batch
[make_crop_data_batch()] make tf_to_crops done
[make_crop_data_batch()] render done
[make_crop_data_batch()] warp done
[make_crop_data_batch()] pose batch data done
[predict()] forward start
[predict()] forward done
[track_one()] pose done
[34/1005] 000033.png
[track_one()] Welcome
[track_one()] depth processing done
[predict()] ob_in_cams:(1, 4, 4)
[predict()] self.cfg.use_normal:False
[predict()] trans_normalizer:[0.019999999552965164, 0.019999999552965164, 0.05000000074505806], rot_normalizer:0.3490658503988659
[predict()] making cropped data
[make_crop_data_batch()] Welcome make_crop_data_batch
[make_crop_data_batch()] make tf_to_crops done
[make_crop_data_batch()] render done
[make_crop_data_batch()] warp done
[make_crop_data_batch()] pose batch data done
[predict()] forward start
[predict()] forward done
[predict()] making cropped data
[make_crop_data_batch()] Welcome make_crop_data_batch
[make_crop_data_batch()] make tf_to_crops done
[make_crop_data_batch()] render done
[make_crop_data_batch()] warp done
[make_crop_data_batch()] pose batch data done
[predict()] forward start
[predict()] forward done
[track_one()] pose done
[35/1005] 000034.png
[track_one()] Welcome
[track_one()] depth processing done
[predict()] ob_in_cams:(1, 4, 4)
[predict()] self.cfg.use_normal:False
[predict()] trans_normalizer:[0.019999999552965164, 0.019999999552965164, 0.05000000074505806], rot_normalizer:0.3490658503988659
[predict()] making cropped data
[make_crop_data_batch()] Welcome make_crop_data_batch
[make_crop_data_batch()] make tf_to_crops done
[make_crop_data_batch()] render done
[make_crop_data_batch()] warp done
[make_crop_data_batch()] pose batch data done
[predict()] forward start
[predict()] forward done
[predict()] making cropped data
[make_crop_data_batch()] Welcome make_crop_data_batch
[make_crop_data_batch()] make tf_to_crops done
[make_crop_data_batch()] render done
[make_crop_data_batch()] warp done
[make_crop_data_batch()] pose batch data done
[predict()] forward start
[predict()] forward done
[track_one()] pose done
[36/1005] 000035.png
[track_one()] Welcome
[track_one()] depth processing done
[predict()] ob_in_cams:(1, 4, 4)
[predict()] self.cfg.use_normal:False
[predict()] trans_normalizer:[0.019999999552965164, 0.019999999552965164, 0.05000000074505806], rot_normalizer:0.3490658503988659
[predict()] making cropped data
[make_crop_data_batch()] Welcome make_crop_data_batch
[make_crop_data_batch()] make tf_to_crops done
[make_crop_data_batch()] render done
[make_crop_data_batch()] warp done
[make_crop_data_batch()] pose batch data done
[predict()] forward start
[predict()] forward done
[predict()] making cropped data
[make_crop_data_batch()] Welcome make_crop_data_batch
[make_crop_data_batch()] make tf_to_crops done
[make_crop_data_batch()] render done
[make_crop_data_batch()] warp done
[make_crop_data_batch()] pose batch data done
[predict()] forward start
[predict()] forward done
[track_one()] pose done
[37/1005] 000036.png
[track_one()] Welcome
[track_one()] depth processing done
[predict()] ob_in_cams:(1, 4, 4)
[predict()] self.cfg.use_normal:False
[predict()] trans_normalizer:[0.019999999552965164, 0.019999999552965164, 0.05000000074505806], rot_normalizer:0.3490658503988659
[predict()] making cropped data
[make_crop_data_batch()] Welcome make_crop_data_batch
[make_crop_data_batch()] make tf_to_crops done
[make_crop_data_batch()] render done
[make_crop_data_batch()] warp done
[make_crop_data_batch()] pose batch data done
[predict()] forward start
[predict()] forward done
[predict()] making cropped data
[make_crop_data_batch()] Welcome make_crop_data_batch
[make_crop_data_batch()] make tf_to_crops done
[make_crop_data_batch()] render done
[make_crop_data_batch()] warp done
[make_crop_data_batch()] pose batch data done
[predict()] forward start
[predict()] forward done
[track_one()] pose done
[38/1005] 000037.png
[track_one()] Welcome
[track_one()] depth processing done
[predict()] ob_in_cams:(1, 4, 4)
[predict()] self.cfg.use_normal:False
[predict()] trans_normalizer:[0.019999999552965164, 0.019999999552965164, 0.05000000074505806], rot_normalizer:0.3490658503988659
[predict()] making cropped data
[make_crop_data_batch()] Welcome make_crop_data_batch
[make_crop_data_batch()] make tf_to_crops done
[make_crop_data_batch()] render done
[make_crop_data_batch()] warp done
[make_crop_data_batch()] pose batch data done
[predict()] forward start
[predict()] forward done
[predict()] making cropped data
[make_crop_data_batch()] Welcome make_crop_data_batch
[make_crop_data_batch()] make tf_to_crops done
[make_crop_data_batch()] render done
[make_crop_data_batch()] warp done
[make_crop_data_batch()] pose batch data done
[predict()] forward start
[predict()] forward done
[track_one()] pose done
[39/1005] 000038.png
[track_one()] Welcome
[track_one()] depth processing done
[predict()] ob_in_cams:(1, 4, 4)
[predict()] self.cfg.use_normal:False
[predict()] trans_normalizer:[0.019999999552965164, 0.019999999552965164, 0.05000000074505806], rot_normalizer:0.3490658503988659
[predict()] making cropped data
[make_crop_data_batch()] Welcome make_crop_data_batch
[make_crop_data_batch()] make tf_to_crops done
[make_crop_data_batch()] render done
[make_crop_data_batch()] warp done
[make_crop_data_batch()] pose batch data done
[predict()] forward start
[predict()] forward done
[predict()] making cropped data
[make_crop_data_batch()] Welcome make_crop_data_batch
[make_crop_data_batch()] make tf_to_crops done
[make_crop_data_batch()] render done
[make_crop_data_batch()] warp done
[make_crop_data_batch()] pose batch data done
[predict()] forward start
[predict()] forward done
[track_one()] pose done
[40/1005] 000039.png
[track_one()] Welcome
[track_one()] depth processing done
[predict()] ob_in_cams:(1, 4, 4)
[predict()] self.cfg.use_normal:False
[predict()] trans_normalizer:[0.019999999552965164, 0.019999999552965164, 0.05000000074505806], rot_normalizer:0.3490658503988659
[predict()] making cropped data
[make_crop_data_batch()] Welcome make_crop_data_batch
[make_crop_data_batch()] make tf_to_crops done
[make_crop_data_batch()] render done
[make_crop_data_batch()] warp done
[make_crop_data_batch()] pose batch data done
[predict()] forward start
[predict()] forward done
[predict()] making cropped data
[make_crop_data_batch()] Welcome make_crop_data_batch
[make_crop_data_batch()] make tf_to_crops done
[make_crop_data_batch()] render done
[make_crop_data_batch()] warp done
[make_crop_data_batch()] pose batch data done
[predict()] forward start
[predict()] forward done
[track_one()] pose done
[41/1005] 000040.png
[track_one()] Welcome
[track_one()] depth processing done
[predict()] ob_in_cams:(1, 4, 4)
[predict()] self.cfg.use_normal:False
[predict()] trans_normalizer:[0.019999999552965164, 0.019999999552965164, 0.05000000074505806], rot_normalizer:0.3490658503988659
[predict()] making cropped data
[make_crop_data_batch()] Welcome make_crop_data_batch
[make_crop_data_batch()] make tf_to_crops done
[make_crop_data_batch()] render done
[make_crop_data_batch()] warp done
[make_crop_data_batch()] pose batch data done
[predict()] forward start
[predict()] forward done
[predict()] making cropped data
[make_crop_data_batch()] Welcome make_crop_data_batch
[make_crop_data_batch()] make tf_to_crops done
[make_crop_data_batch()] render done
[make_crop_data_batch()] warp done
[make_crop_data_batch()] pose batch data done
[predict()] forward start
[predict()] forward done
[track_one()] pose done
[42/1005] 000041.png
[track_one()] Welcome
[track_one()] depth processing done
[predict()] ob_in_cams:(1, 4, 4)
[predict()] self.cfg.use_normal:False
[predict()] trans_normalizer:[0.019999999552965164, 0.019999999552965164, 0.05000000074505806], rot_normalizer:0.3490658503988659
[predict()] making cropped data
[make_crop_data_batch()] Welcome make_crop_data_batch
[make_crop_data_batch()] make tf_to_crops done
[make_crop_data_batch()] render done
[make_crop_data_batch()] warp done
[make_crop_data_batch()] pose batch data done
[predict()] forward start
[predict()] forward done
[predict()] making cropped data
[make_crop_data_batch()] Welcome make_crop_data_batch
[make_crop_data_batch()] make tf_to_crops done
[make_crop_data_batch()] render done
[make_crop_data_batch()] warp done
[make_crop_data_batch()] pose batch data done
[predict()] forward start
[predict()] forward done
[track_one()] pose done
[43/1005] 000042.png
[track_one()] Welcome
[track_one()] depth processing done
[predict()] ob_in_cams:(1, 4, 4)
[predict()] self.cfg.use_normal:False
[predict()] trans_normalizer:[0.019999999552965164, 0.019999999552965164, 0.05000000074505806], rot_normalizer:0.3490658503988659
[predict()] making cropped data
[make_crop_data_batch()] Welcome make_crop_data_batch
[make_crop_data_batch()] make tf_to_crops done
[make_crop_data_batch()] render done
[make_crop_data_batch()] warp done
[make_crop_data_batch()] pose batch data done
[predict()] forward start
[predict()] forward done
[predict()] making cropped data
[make_crop_data_batch()] Welcome make_crop_data_batch
[make_crop_data_batch()] make tf_to_crops done
[make_crop_data_batch()] render done
[make_crop_data_batch()] warp done
[make_crop_data_batch()] pose batch data done
[predict()] forward start
[predict()] forward done
[track_one()] pose done
[44/1005] 000043.png
[track_one()] Welcome
[track_one()] depth processing done
[predict()] ob_in_cams:(1, 4, 4)
[predict()] self.cfg.use_normal:False
[predict()] trans_normalizer:[0.019999999552965164, 0.019999999552965164, 0.05000000074505806], rot_normalizer:0.3490658503988659
[predict()] making cropped data
[make_crop_data_batch()] Welcome make_crop_data_batch
[make_crop_data_batch()] make tf_to_crops done
[make_crop_data_batch()] render done
[make_crop_data_batch()] warp done
[make_crop_data_batch()] pose batch data done
[predict()] forward start
[predict()] forward done
[predict()] making cropped data
[make_crop_data_batch()] Welcome make_crop_data_batch
[make_crop_data_batch()] make tf_to_crops done
[make_crop_data_batch()] render done
[make_crop_data_batch()] warp done
[make_crop_data_batch()] pose batch data done
[predict()] forward start
[predict()] forward done
[track_one()] pose done
[45/1005] 000044.png
[track_one()] Welcome
[track_one()] depth processing done
[predict()] ob_in_cams:(1, 4, 4)
[predict()] self.cfg.use_normal:False
[predict()] trans_normalizer:[0.019999999552965164, 0.019999999552965164, 0.05000000074505806], rot_normalizer:0.3490658503988659
[predict()] making cropped data
[make_crop_data_batch()] Welcome make_crop_data_batch
[make_crop_data_batch()] make tf_to_crops done
[make_crop_data_batch()] render done
[make_crop_data_batch()] warp done
[make_crop_data_batch()] pose batch data done
[predict()] forward start
[predict()] forward done
[predict()] making cropped data
[make_crop_data_batch()] Welcome make_crop_data_batch
[make_crop_data_batch()] make tf_to_crops done
[make_crop_data_batch()] render done
[make_crop_data_batch()] warp done
[make_crop_data_batch()] pose batch data done
[predict()] forward start
[predict()] forward done
[track_one()] pose done
[46/1005] 000045.png
[track_one()] Welcome
[track_one()] depth processing done
[predict()] ob_in_cams:(1, 4, 4)
[predict()] self.cfg.use_normal:False
[predict()] trans_normalizer:[0.019999999552965164, 0.019999999552965164, 0.05000000074505806], rot_normalizer:0.3490658503988659
[predict()] making cropped data
[make_crop_data_batch()] Welcome make_crop_data_batch
[make_crop_data_batch()] make tf_to_crops done
[make_crop_data_batch()] render done
[make_crop_data_batch()] warp done
[make_crop_data_batch()] pose batch data done
[predict()] forward start
[predict()] forward done
[predict()] making cropped data
[make_crop_data_batch()] Welcome make_crop_data_batch
[make_crop_data_batch()] make tf_to_crops done
[make_crop_data_batch()] render done
[make_crop_data_batch()] warp done
[make_crop_data_batch()] pose batch data done
[predict()] forward start
[predict()] forward done
[track_one()] pose done
[47/1005] 000046.png
[track_one()] Welcome
[track_one()] depth processing done
[predict()] ob_in_cams:(1, 4, 4)
[predict()] self.cfg.use_normal:False
[predict()] trans_normalizer:[0.019999999552965164, 0.019999999552965164, 0.05000000074505806], rot_normalizer:0.3490658503988659
[predict()] making cropped data
[make_crop_data_batch()] Welcome make_crop_data_batch
[make_crop_data_batch()] make tf_to_crops done
[make_crop_data_batch()] render done
[make_crop_data_batch()] warp done
[make_crop_data_batch()] pose batch data done
[predict()] forward start
[predict()] forward done
[predict()] making cropped data
[make_crop_data_batch()] Welcome make_crop_data_batch
[make_crop_data_batch()] make tf_to_crops done
[make_crop_data_batch()] render done
[make_crop_data_batch()] warp done
[make_crop_data_batch()] pose batch data done
[predict()] forward start
[predict()] forward done
[track_one()] pose done
[48/1005] 000047.png
[track_one()] Welcome
[track_one()] depth processing done
[predict()] ob_in_cams:(1, 4, 4)
[predict()] self.cfg.use_normal:False
[predict()] trans_normalizer:[0.019999999552965164, 0.019999999552965164, 0.05000000074505806], rot_normalizer:0.3490658503988659
[predict()] making cropped data
[make_crop_data_batch()] Welcome make_crop_data_batch
[make_crop_data_batch()] make tf_to_crops done
[make_crop_data_batch()] render done
[make_crop_data_batch()] warp done
[make_crop_data_batch()] pose batch data done
[predict()] forward start
[predict()] forward done
[predict()] making cropped data
[make_crop_data_batch()] Welcome make_crop_data_batch
[make_crop_data_batch()] make tf_to_crops done
[make_crop_data_batch()] render done
[make_crop_data_batch()] warp done
[make_crop_data_batch()] pose batch data done
[predict()] forward start
[predict()] forward done
[track_one()] pose done
[49/1005] 000048.png
[track_one()] Welcome
[track_one()] depth processing done
[predict()] ob_in_cams:(1, 4, 4)
[predict()] self.cfg.use_normal:False
[predict()] trans_normalizer:[0.019999999552965164, 0.019999999552965164, 0.05000000074505806], rot_normalizer:0.3490658503988659
[predict()] making cropped data
[make_crop_data_batch()] Welcome make_crop_data_batch
[make_crop_data_batch()] make tf_to_crops done
[make_crop_data_batch()] render done
[make_crop_data_batch()] warp done
[make_crop_data_batch()] pose batch data done
[predict()] forward start
[predict()] forward done
[predict()] making cropped data
[make_crop_data_batch()] Welcome make_crop_data_batch
[make_crop_data_batch()] make tf_to_crops done
[make_crop_data_batch()] render done
[make_crop_data_batch()] warp done
[make_crop_data_batch()] pose batch data done
[predict()] forward start
[predict()] forward done
[track_one()] pose done
[50/1005] 000049.png
[track_one()] Welcome
[track_one()] depth processing done
[predict()] ob_in_cams:(1, 4, 4)
[predict()] self.cfg.use_normal:False
[predict()] trans_normalizer:[0.019999999552965164, 0.019999999552965164, 0.05000000074505806], rot_normalizer:0.3490658503988659
[predict()] making cropped data
[make_crop_data_batch()] Welcome make_crop_data_batch
[make_crop_data_batch()] make tf_to_crops done
[make_crop_data_batch()] render done
[make_crop_data_batch()] warp done
[make_crop_data_batch()] pose batch data done
[predict()] forward start
[predict()] forward done
[predict()] making cropped data
[make_crop_data_batch()] Welcome make_crop_data_batch
[make_crop_data_batch()] make tf_to_crops done
[make_crop_data_batch()] render done
[make_crop_data_batch()] warp done
[make_crop_data_batch()] pose batch data done
[predict()] forward start
[predict()] forward done
[track_one()] pose done
[51/1005] 000050.png
[track_one()] Welcome
[track_one()] depth processing done
[predict()] ob_in_cams:(1, 4, 4)
[predict()] self.cfg.use_normal:False
[predict()] trans_normalizer:[0.019999999552965164, 0.019999999552965164, 0.05000000074505806], rot_normalizer:0.3490658503988659
[predict()] making cropped data
[make_crop_data_batch()] Welcome make_crop_data_batch
[make_crop_data_batch()] make tf_to_crops done
[make_crop_data_batch()] render done
[make_crop_data_batch()] warp done
[make_crop_data_batch()] pose batch data done
[predict()] forward start
[predict()] forward done
[predict()] making cropped data
[make_crop_data_batch()] Welcome make_crop_data_batch
[make_crop_data_batch()] make tf_to_crops done
[make_crop_data_batch()] render done
[make_crop_data_batch()] warp done
[make_crop_data_batch()] pose batch data done
[predict()] forward start
[predict()] forward done
[track_one()] pose done
[52/1005] 000051.png
[track_one()] Welcome
[track_one()] depth processing done
[predict()] ob_in_cams:(1, 4, 4)
[predict()] self.cfg.use_normal:False
[predict()] trans_normalizer:[0.019999999552965164, 0.019999999552965164, 0.05000000074505806], rot_normalizer:0.3490658503988659
[predict()] making cropped data
[make_crop_data_batch()] Welcome make_crop_data_batch
[make_crop_data_batch()] make tf_to_crops done
[make_crop_data_batch()] render done
[make_crop_data_batch()] warp done
[make_crop_data_batch()] pose batch data done
[predict()] forward start
[predict()] forward done
[predict()] making cropped data
[make_crop_data_batch()] Welcome make_crop_data_batch
[make_crop_data_batch()] make tf_to_crops done
[make_crop_data_batch()] render done
[make_crop_data_batch()] warp done
[make_crop_data_batch()] pose batch data done
[predict()] forward start
[predict()] forward done
[track_one()] pose done
[53/1005] 000052.png
[track_one()] Welcome
[track_one()] depth processing done
[predict()] ob_in_cams:(1, 4, 4)
[predict()] self.cfg.use_normal:False
[predict()] trans_normalizer:[0.019999999552965164, 0.019999999552965164, 0.05000000074505806], rot_normalizer:0.3490658503988659
[predict()] making cropped data
[make_crop_data_batch()] Welcome make_crop_data_batch
[make_crop_data_batch()] make tf_to_crops done
[make_crop_data_batch()] render done
[make_crop_data_batch()] warp done
[make_crop_data_batch()] pose batch data done
[predict()] forward start
[predict()] forward done
[predict()] making cropped data
[make_crop_data_batch()] Welcome make_crop_data_batch
[make_crop_data_batch()] make tf_to_crops done
[make_crop_data_batch()] render done
[make_crop_data_batch()] warp done
[make_crop_data_batch()] pose batch data done
[predict()] forward start
[predict()] forward done
[track_one()] pose done
[54/1005] 000053.png
[track_one()] Welcome
[track_one()] depth processing done
[predict()] ob_in_cams:(1, 4, 4)
[predict()] self.cfg.use_normal:False
[predict()] trans_normalizer:[0.019999999552965164, 0.019999999552965164, 0.05000000074505806], rot_normalizer:0.3490658503988659
[predict()] making cropped data
[make_crop_data_batch()] Welcome make_crop_data_batch
[make_crop_data_batch()] make tf_to_crops done
[make_crop_data_batch()] render done
[make_crop_data_batch()] warp done
[make_crop_data_batch()] pose batch data done
[predict()] forward start
[predict()] forward done
[predict()] making cropped data
[make_crop_data_batch()] Welcome make_crop_data_batch
[make_crop_data_batch()] make tf_to_crops done
[make_crop_data_batch()] render done
[make_crop_data_batch()] warp done
[make_crop_data_batch()] pose batch data done
[predict()] forward start
[predict()] forward done
[track_one()] pose done
[55/1005] 000054.png
[track_one()] Welcome
[track_one()] depth processing done
[predict()] ob_in_cams:(1, 4, 4)
[predict()] self.cfg.use_normal:False
[predict()] trans_normalizer:[0.019999999552965164, 0.019999999552965164, 0.05000000074505806], rot_normalizer:0.3490658503988659
[predict()] making cropped data
[make_crop_data_batch()] Welcome make_crop_data_batch
[make_crop_data_batch()] make tf_to_crops done
[make_crop_data_batch()] render done
[make_crop_data_batch()] warp done
[make_crop_data_batch()] pose batch data done
[predict()] forward start
[predict()] forward done
[predict()] making cropped data
[make_crop_data_batch()] Welcome make_crop_data_batch
[make_crop_data_batch()] make tf_to_crops done
[make_crop_data_batch()] render done
[make_crop_data_batch()] warp done
[make_crop_data_batch()] pose batch data done
[predict()] forward start
[predict()] forward done
[track_one()] pose done
[56/1005] 000055.png
[track_one()] Welcome
[track_one()] depth processing done
[predict()] ob_in_cams:(1, 4, 4)
[predict()] self.cfg.use_normal:False
[predict()] trans_normalizer:[0.019999999552965164, 0.019999999552965164, 0.05000000074505806], rot_normalizer:0.3490658503988659
[predict()] making cropped data
[make_crop_data_batch()] Welcome make_crop_data_batch
[make_crop_data_batch()] make tf_to_crops done
[make_crop_data_batch()] render done
[make_crop_data_batch()] warp done
[make_crop_data_batch()] pose batch data done
[predict()] forward start
[predict()] forward done
[predict()] making cropped data
[make_crop_data_batch()] Welcome make_crop_data_batch
[make_crop_data_batch()] make tf_to_crops done
[make_crop_data_batch()] render done
[make_crop_data_batch()] warp done
[make_crop_data_batch()] pose batch data done
[predict()] forward start
[predict()] forward done
[track_one()] pose done
[57/1005] 000056.png
[track_one()] Welcome
[track_one()] depth processing done
[predict()] ob_in_cams:(1, 4, 4)
[predict()] self.cfg.use_normal:False
[predict()] trans_normalizer:[0.019999999552965164, 0.019999999552965164, 0.05000000074505806], rot_normalizer:0.3490658503988659
[predict()] making cropped data
[make_crop_data_batch()] Welcome make_crop_data_batch
[make_crop_data_batch()] make tf_to_crops done
[make_crop_data_batch()] render done
[make_crop_data_batch()] warp done
[make_crop_data_batch()] pose batch data done
[predict()] forward start
[predict()] forward done
[predict()] making cropped data
[make_crop_data_batch()] Welcome make_crop_data_batch
[make_crop_data_batch()] make tf_to_crops done
[make_crop_data_batch()] render done
[make_crop_data_batch()] warp done
[make_crop_data_batch()] pose batch data done
[predict()] forward start
[predict()] forward done
[track_one()] pose done
[58/1005] 000057.png
[track_one()] Welcome
[track_one()] depth processing done
[predict()] ob_in_cams:(1, 4, 4)
[predict()] self.cfg.use_normal:False
[predict()] trans_normalizer:[0.019999999552965164, 0.019999999552965164, 0.05000000074505806], rot_normalizer:0.3490658503988659
[predict()] making cropped data
[make_crop_data_batch()] Welcome make_crop_data_batch
[make_crop_data_batch()] make tf_to_crops done
[make_crop_data_batch()] render done
[make_crop_data_batch()] warp done
[make_crop_data_batch()] pose batch data done
[predict()] forward start
[predict()] forward done
[predict()] making cropped data
[make_crop_data_batch()] Welcome make_crop_data_batch
[make_crop_data_batch()] make tf_to_crops done
[make_crop_data_batch()] render done
[make_crop_data_batch()] warp done
[make_crop_data_batch()] pose batch data done
[predict()] forward start
[predict()] forward done
[track_one()] pose done
[59/1005] 000058.png
[track_one()] Welcome
[track_one()] depth processing done
[predict()] ob_in_cams:(1, 4, 4)
[predict()] self.cfg.use_normal:False
[predict()] trans_normalizer:[0.019999999552965164, 0.019999999552965164, 0.05000000074505806], rot_normalizer:0.3490658503988659
[predict()] making cropped data
[make_crop_data_batch()] Welcome make_crop_data_batch
[make_crop_data_batch()] make tf_to_crops done
[make_crop_data_batch()] render done
[make_crop_data_batch()] warp done
[make_crop_data_batch()] pose batch data done
[predict()] forward start
[predict()] forward done
[predict()] making cropped data
[make_crop_data_batch()] Welcome make_crop_data_batch
[make_crop_data_batch()] make tf_to_crops done
[make_crop_data_batch()] render done
[make_crop_data_batch()] warp done
[make_crop_data_batch()] pose batch data done
[predict()] forward start
[predict()] forward done
[track_one()] pose done
[60/1005] 000059.png
[track_one()] Welcome
[track_one()] depth processing done
[predict()] ob_in_cams:(1, 4, 4)
[predict()] self.cfg.use_normal:False
[predict()] trans_normalizer:[0.019999999552965164, 0.019999999552965164, 0.05000000074505806], rot_normalizer:0.3490658503988659
[predict()] making cropped data
[make_crop_data_batch()] Welcome make_crop_data_batch
[make_crop_data_batch()] make tf_to_crops done
[make_crop_data_batch()] render done
[make_crop_data_batch()] warp done
[make_crop_data_batch()] pose batch data done
[predict()] forward start
[predict()] forward done
[predict()] making cropped data
[make_crop_data_batch()] Welcome make_crop_data_batch
[make_crop_data_batch()] make tf_to_crops done
[make_crop_data_batch()] render done
[make_crop_data_batch()] warp done
[make_crop_data_batch()] pose batch data done
[predict()] forward start
[predict()] forward done
[track_one()] pose done
[61/1005] 000060.png
[track_one()] Welcome
[track_one()] depth processing done
[predict()] ob_in_cams:(1, 4, 4)
[predict()] self.cfg.use_normal:False
[predict()] trans_normalizer:[0.019999999552965164, 0.019999999552965164, 0.05000000074505806], rot_normalizer:0.3490658503988659
[predict()] making cropped data
[make_crop_data_batch()] Welcome make_crop_data_batch
[make_crop_data_batch()] make tf_to_crops done
[make_crop_data_batch()] render done
[make_crop_data_batch()] warp done
[make_crop_data_batch()] pose batch data done
[predict()] forward start
[predict()] forward done
[predict()] making cropped data
[make_crop_data_batch()] Welcome make_crop_data_batch
[make_crop_data_batch()] make tf_to_crops done
[make_crop_data_batch()] render done
[make_crop_data_batch()] warp done
[make_crop_data_batch()] pose batch data done
[predict()] forward start
[predict()] forward done
[track_one()] pose done
[62/1005] 000061.png
[track_one()] Welcome
[track_one()] depth processing done
[predict()] ob_in_cams:(1, 4, 4)
[predict()] self.cfg.use_normal:False
[predict()] trans_normalizer:[0.019999999552965164, 0.019999999552965164, 0.05000000074505806], rot_normalizer:0.3490658503988659
[predict()] making cropped data
[make_crop_data_batch()] Welcome make_crop_data_batch
[make_crop_data_batch()] make tf_to_crops done
[make_crop_data_batch()] render done
[make_crop_data_batch()] warp done
[make_crop_data_batch()] pose batch data done
[predict()] forward start
[predict()] forward done
[predict()] making cropped data
[make_crop_data_batch()] Welcome make_crop_data_batch
[make_crop_data_batch()] make tf_to_crops done
[make_crop_data_batch()] render done
[make_crop_data_batch()] warp done
[make_crop_data_batch()] pose batch data done
[predict()] forward start
[predict()] forward done
[track_one()] pose done
[63/1005] 000062.png
[track_one()] Welcome
[track_one()] depth processing done
[predict()] ob_in_cams:(1, 4, 4)
[predict()] self.cfg.use_normal:False
[predict()] trans_normalizer:[0.019999999552965164, 0.019999999552965164, 0.05000000074505806], rot_normalizer:0.3490658503988659
[predict()] making cropped data
[make_crop_data_batch()] Welcome make_crop_data_batch
[make_crop_data_batch()] make tf_to_crops done
[make_crop_data_batch()] render done
[make_crop_data_batch()] warp done
[make_crop_data_batch()] pose batch data done
[predict()] forward start
[predict()] forward done
[predict()] making cropped data
[make_crop_data_batch()] Welcome make_crop_data_batch
[make_crop_data_batch()] make tf_to_crops done
[make_crop_data_batch()] render done
[make_crop_data_batch()] warp done
[make_crop_data_batch()] pose batch data done
[predict()] forward start
[predict()] forward done
[track_one()] pose done
[64/1005] 000063.png
[track_one()] Welcome
[track_one()] depth processing done
[predict()] ob_in_cams:(1, 4, 4)
[predict()] self.cfg.use_normal:False
[predict()] trans_normalizer:[0.019999999552965164, 0.019999999552965164, 0.05000000074505806], rot_normalizer:0.3490658503988659
[predict()] making cropped data
[make_crop_data_batch()] Welcome make_crop_data_batch
[make_crop_data_batch()] make tf_to_crops done
[make_crop_data_batch()] render done
[make_crop_data_batch()] warp done
[make_crop_data_batch()] pose batch data done
[predict()] forward start
[predict()] forward done
[predict()] making cropped data
[make_crop_data_batch()] Welcome make_crop_data_batch
[make_crop_data_batch()] make tf_to_crops done
[make_crop_data_batch()] render done
[make_crop_data_batch()] warp done
[make_crop_data_batch()] pose batch data done
[predict()] forward start
[predict()] forward done
[track_one()] pose done
[65/1005] 000064.png
[track_one()] Welcome
[track_one()] depth processing done
[predict()] ob_in_cams:(1, 4, 4)
[predict()] self.cfg.use_normal:False
[predict()] trans_normalizer:[0.019999999552965164, 0.019999999552965164, 0.05000000074505806], rot_normalizer:0.3490658503988659
[predict()] making cropped data
[make_crop_data_batch()] Welcome make_crop_data_batch
[make_crop_data_batch()] make tf_to_crops done
[make_crop_data_batch()] render done
[make_crop_data_batch()] warp done
[make_crop_data_batch()] pose batch data done
[predict()] forward start
[predict()] forward done
[predict()] making cropped data
[make_crop_data_batch()] Welcome make_crop_data_batch
[make_crop_data_batch()] make tf_to_crops done
[make_crop_data_batch()] render done
[make_crop_data_batch()] warp done
[make_crop_data_batch()] pose batch data done
[predict()] forward start
[predict()] forward done
[track_one()] pose done
[66/1005] 000065.png
[track_one()] Welcome
[track_one()] depth processing done
[predict()] ob_in_cams:(1, 4, 4)
[predict()] self.cfg.use_normal:False
[predict()] trans_normalizer:[0.019999999552965164, 0.019999999552965164, 0.05000000074505806], rot_normalizer:0.3490658503988659
[predict()] making cropped data
[make_crop_data_batch()] Welcome make_crop_data_batch
[make_crop_data_batch()] make tf_to_crops done
[make_crop_data_batch()] render done
[make_crop_data_batch()] warp done
[make_crop_data_batch()] pose batch data done
[predict()] forward start
[predict()] forward done
[predict()] making cropped data
[make_crop_data_batch()] Welcome make_crop_data_batch
[make_crop_data_batch()] make tf_to_crops done
[make_crop_data_batch()] render done
[make_crop_data_batch()] warp done
[make_crop_data_batch()] pose batch data done
[predict()] forward start
[predict()] forward done
[track_one()] pose done
[67/1005] 000066.png
[track_one()] Welcome
[track_one()] depth processing done
[predict()] ob_in_cams:(1, 4, 4)
[predict()] self.cfg.use_normal:False
[predict()] trans_normalizer:[0.019999999552965164, 0.019999999552965164, 0.05000000074505806], rot_normalizer:0.3490658503988659
[predict()] making cropped data
[make_crop_data_batch()] Welcome make_crop_data_batch
[make_crop_data_batch()] make tf_to_crops done
[make_crop_data_batch()] render done
[make_crop_data_batch()] warp done
[make_crop_data_batch()] pose batch data done
[predict()] forward start
[predict()] forward done
[predict()] making cropped data
[make_crop_data_batch()] Welcome make_crop_data_batch
[make_crop_data_batch()] make tf_to_crops done
[make_crop_data_batch()] render done
[make_crop_data_batch()] warp done
[make_crop_data_batch()] pose batch data done
[predict()] forward start
[predict()] forward done
[track_one()] pose done
[68/1005] 000067.png
[track_one()] Welcome
[track_one()] depth processing done
[predict()] ob_in_cams:(1, 4, 4)
[predict()] self.cfg.use_normal:False
[predict()] trans_normalizer:[0.019999999552965164, 0.019999999552965164, 0.05000000074505806], rot_normalizer:0.3490658503988659
[predict()] making cropped data
[make_crop_data_batch()] Welcome make_crop_data_batch
[make_crop_data_batch()] make tf_to_crops done
[make_crop_data_batch()] render done
[make_crop_data_batch()] warp done
[make_crop_data_batch()] pose batch data done
[predict()] forward start
[predict()] forward done
[predict()] making cropped data
[make_crop_data_batch()] Welcome make_crop_data_batch
[make_crop_data_batch()] make tf_to_crops done
[make_crop_data_batch()] render done
[make_crop_data_batch()] warp done
[make_crop_data_batch()] pose batch data done
[predict()] forward start
[predict()] forward done
[track_one()] pose done
[69/1005] 000068.png
[track_one()] Welcome
[track_one()] depth processing done
[predict()] ob_in_cams:(1, 4, 4)
[predict()] self.cfg.use_normal:False
[predict()] trans_normalizer:[0.019999999552965164, 0.019999999552965164, 0.05000000074505806], rot_normalizer:0.3490658503988659
[predict()] making cropped data
[make_crop_data_batch()] Welcome make_crop_data_batch
[make_crop_data_batch()] make tf_to_crops done
[make_crop_data_batch()] render done
[make_crop_data_batch()] warp done
[make_crop_data_batch()] pose batch data done
[predict()] forward start
[predict()] forward done
[predict()] making cropped data
[make_crop_data_batch()] Welcome make_crop_data_batch
[make_crop_data_batch()] make tf_to_crops done
[make_crop_data_batch()] render done
[make_crop_data_batch()] warp done
[make_crop_data_batch()] pose batch data done
[predict()] forward start
[predict()] forward done
[track_one()] pose done
[70/1005] 000069.png
[track_one()] Welcome
[track_one()] depth processing done
[predict()] ob_in_cams:(1, 4, 4)
[predict()] self.cfg.use_normal:False
[predict()] trans_normalizer:[0.019999999552965164, 0.019999999552965164, 0.05000000074505806], rot_normalizer:0.3490658503988659
[predict()] making cropped data
[make_crop_data_batch()] Welcome make_crop_data_batch
[make_crop_data_batch()] make tf_to_crops done
[make_crop_data_batch()] render done
[make_crop_data_batch()] warp done
[make_crop_data_batch()] pose batch data done
[predict()] forward start
[predict()] forward done
[predict()] making cropped data
[make_crop_data_batch()] Welcome make_crop_data_batch
[make_crop_data_batch()] make tf_to_crops done
[make_crop_data_batch()] render done
[make_crop_data_batch()] warp done
[make_crop_data_batch()] pose batch data done
[predict()] forward start
[predict()] forward done
[track_one()] pose done
[71/1005] 000070.png
[track_one()] Welcome
[track_one()] depth processing done
[predict()] ob_in_cams:(1, 4, 4)
[predict()] self.cfg.use_normal:False
[predict()] trans_normalizer:[0.019999999552965164, 0.019999999552965164, 0.05000000074505806], rot_normalizer:0.3490658503988659
[predict()] making cropped data
[make_crop_data_batch()] Welcome make_crop_data_batch
[make_crop_data_batch()] make tf_to_crops done
[make_crop_data_batch()] render done
[make_crop_data_batch()] warp done
[make_crop_data_batch()] pose batch data done
[predict()] forward start
[predict()] forward done
[predict()] making cropped data
[make_crop_data_batch()] Welcome make_crop_data_batch
[make_crop_data_batch()] make tf_to_crops done
[make_crop_data_batch()] render done
[make_crop_data_batch()] warp done
[make_crop_data_batch()] pose batch data done
[predict()] forward start
[predict()] forward done
[track_one()] pose done
[72/1005] 000071.png
[track_one()] Welcome
[track_one()] depth processing done
[predict()] ob_in_cams:(1, 4, 4)
[predict()] self.cfg.use_normal:False
[predict()] trans_normalizer:[0.019999999552965164, 0.019999999552965164, 0.05000000074505806], rot_normalizer:0.3490658503988659
[predict()] making cropped data
[make_crop_data_batch()] Welcome make_crop_data_batch
[make_crop_data_batch()] make tf_to_crops done
[make_crop_data_batch()] render done
[make_crop_data_batch()] warp done
[make_crop_data_batch()] pose batch data done
[predict()] forward start
[predict()] forward done
[predict()] making cropped data
[make_crop_data_batch()] Welcome make_crop_data_batch
[make_crop_data_batch()] make tf_to_crops done
[make_crop_data_batch()] render done
[make_crop_data_batch()] warp done
[make_crop_data_batch()] pose batch data done
[predict()] forward start
[predict()] forward done
[track_one()] pose done
[73/1005] 000072.png
[track_one()] Welcome
[track_one()] depth processing done
[predict()] ob_in_cams:(1, 4, 4)
[predict()] self.cfg.use_normal:False
[predict()] trans_normalizer:[0.019999999552965164, 0.019999999552965164, 0.05000000074505806], rot_normalizer:0.3490658503988659
[predict()] making cropped data
[make_crop_data_batch()] Welcome make_crop_data_batch
[make_crop_data_batch()] make tf_to_crops done
[make_crop_data_batch()] render done
[make_crop_data_batch()] warp done
[make_crop_data_batch()] pose batch data done
[predict()] forward start
[predict()] forward done
[predict()] making cropped data
[make_crop_data_batch()] Welcome make_crop_data_batch
[make_crop_data_batch()] make tf_to_crops done
[make_crop_data_batch()] render done
[make_crop_data_batch()] warp done
[make_crop_data_batch()] pose batch data done
[predict()] forward start
[predict()] forward done
[track_one()] pose done
[74/1005] 000073.png
[track_one()] Welcome
[track_one()] depth processing done
[predict()] ob_in_cams:(1, 4, 4)
[predict()] self.cfg.use_normal:False
[predict()] trans_normalizer:[0.019999999552965164, 0.019999999552965164, 0.05000000074505806], rot_normalizer:0.3490658503988659
[predict()] making cropped data
[make_crop_data_batch()] Welcome make_crop_data_batch
[make_crop_data_batch()] make tf_to_crops done
[make_crop_data_batch()] render done
[make_crop_data_batch()] warp done
[make_crop_data_batch()] pose batch data done
[predict()] forward start
[predict()] forward done
[predict()] making cropped data
[make_crop_data_batch()] Welcome make_crop_data_batch
[make_crop_data_batch()] make tf_to_crops done
[make_crop_data_batch()] render done
[make_crop_data_batch()] warp done
[make_crop_data_batch()] pose batch data done
[predict()] forward start
[predict()] forward done
[track_one()] pose done
[75/1005] 000074.png
[track_one()] Welcome
[track_one()] depth processing done
[predict()] ob_in_cams:(1, 4, 4)
[predict()] self.cfg.use_normal:False
[predict()] trans_normalizer:[0.019999999552965164, 0.019999999552965164, 0.05000000074505806], rot_normalizer:0.3490658503988659
[predict()] making cropped data
[make_crop_data_batch()] Welcome make_crop_data_batch
[make_crop_data_batch()] make tf_to_crops done
[make_crop_data_batch()] render done
[make_crop_data_batch()] warp done
[make_crop_data_batch()] pose batch data done
[predict()] forward start
[predict()] forward done
[predict()] making cropped data
[make_crop_data_batch()] Welcome make_crop_data_batch
[make_crop_data_batch()] make tf_to_crops done
[make_crop_data_batch()] render done
[make_crop_data_batch()] warp done
[make_crop_data_batch()] pose batch data done
[predict()] forward start
[predict()] forward done
[track_one()] pose done
[76/1005] 000075.png
[track_one()] Welcome
[track_one()] depth processing done
[predict()] ob_in_cams:(1, 4, 4)
[predict()] self.cfg.use_normal:False
[predict()] trans_normalizer:[0.019999999552965164, 0.019999999552965164, 0.05000000074505806], rot_normalizer:0.3490658503988659
[predict()] making cropped data
[make_crop_data_batch()] Welcome make_crop_data_batch
[make_crop_data_batch()] make tf_to_crops done
[make_crop_data_batch()] render done
[make_crop_data_batch()] warp done
[make_crop_data_batch()] pose batch data done
[predict()] forward start
[predict()] forward done
[predict()] making cropped data
[make_crop_data_batch()] Welcome make_crop_data_batch
[make_crop_data_batch()] make tf_to_crops done
[make_crop_data_batch()] render done
[make_crop_data_batch()] warp done
[make_crop_data_batch()] pose batch data done
[predict()] forward start
[predict()] forward done
[track_one()] pose done
[77/1005] 000076.png
[track_one()] Welcome
[track_one()] depth processing done
[predict()] ob_in_cams:(1, 4, 4)
[predict()] self.cfg.use_normal:False
[predict()] trans_normalizer:[0.019999999552965164, 0.019999999552965164, 0.05000000074505806], rot_normalizer:0.3490658503988659
[predict()] making cropped data
[make_crop_data_batch()] Welcome make_crop_data_batch
[make_crop_data_batch()] make tf_to_crops done
[make_crop_data_batch()] render done
[make_crop_data_batch()] warp done
[make_crop_data_batch()] pose batch data done
[predict()] forward start
[predict()] forward done
[predict()] making cropped data
[make_crop_data_batch()] Welcome make_crop_data_batch
[make_crop_data_batch()] make tf_to_crops done
[make_crop_data_batch()] render done
[make_crop_data_batch()] warp done
[make_crop_data_batch()] pose batch data done
[predict()] forward start
[predict()] forward done
[track_one()] pose done
[78/1005] 000077.png
[track_one()] Welcome
[track_one()] depth processing done
[predict()] ob_in_cams:(1, 4, 4)
[predict()] self.cfg.use_normal:False
[predict()] trans_normalizer:[0.019999999552965164, 0.019999999552965164, 0.05000000074505806], rot_normalizer:0.3490658503988659
[predict()] making cropped data
[make_crop_data_batch()] Welcome make_crop_data_batch
[make_crop_data_batch()] make tf_to_crops done
[make_crop_data_batch()] render done
[make_crop_data_batch()] warp done
[make_crop_data_batch()] pose batch data done
[predict()] forward start
[predict()] forward done
[predict()] making cropped data
[make_crop_data_batch()] Welcome make_crop_data_batch
[make_crop_data_batch()] make tf_to_crops done
[make_crop_data_batch()] render done
[make_crop_data_batch()] warp done
[make_crop_data_batch()] pose batch data done
[predict()] forward start
[predict()] forward done
[track_one()] pose done
[79/1005] 000078.png
[track_one()] Welcome
[track_one()] depth processing done
[predict()] ob_in_cams:(1, 4, 4)
[predict()] self.cfg.use_normal:False
[predict()] trans_normalizer:[0.019999999552965164, 0.019999999552965164, 0.05000000074505806], rot_normalizer:0.3490658503988659
[predict()] making cropped data
[make_crop_data_batch()] Welcome make_crop_data_batch
[make_crop_data_batch()] make tf_to_crops done
[make_crop_data_batch()] render done
[make_crop_data_batch()] warp done
[make_crop_data_batch()] pose batch data done
[predict()] forward start
[predict()] forward done
[predict()] making cropped data
[make_crop_data_batch()] Welcome make_crop_data_batch
[make_crop_data_batch()] make tf_to_crops done
[make_crop_data_batch()] render done
[make_crop_data_batch()] warp done
[make_crop_data_batch()] pose batch data done
[predict()] forward start
[predict()] forward done
[track_one()] pose done
[80/1005] 000079.png
[track_one()] Welcome
[track_one()] depth processing done
[predict()] ob_in_cams:(1, 4, 4)
[predict()] self.cfg.use_normal:False
[predict()] trans_normalizer:[0.019999999552965164, 0.019999999552965164, 0.05000000074505806], rot_normalizer:0.3490658503988659
[predict()] making cropped data
[make_crop_data_batch()] Welcome make_crop_data_batch
[make_crop_data_batch()] make tf_to_crops done
[make_crop_data_batch()] render done
[make_crop_data_batch()] warp done
[make_crop_data_batch()] pose batch data done
[predict()] forward start
[predict()] forward done
[predict()] making cropped data
[make_crop_data_batch()] Welcome make_crop_data_batch
[make_crop_data_batch()] make tf_to_crops done
[make_crop_data_batch()] render done
[make_crop_data_batch()] warp done
[make_crop_data_batch()] pose batch data done
[predict()] forward start
[predict()] forward done
[track_one()] pose done
[81/1005] 000080.png
[track_one()] Welcome
[track_one()] depth processing done
[predict()] ob_in_cams:(1, 4, 4)
[predict()] self.cfg.use_normal:False
[predict()] trans_normalizer:[0.019999999552965164, 0.019999999552965164, 0.05000000074505806], rot_normalizer:0.3490658503988659
[predict()] making cropped data
[make_crop_data_batch()] Welcome make_crop_data_batch
[make_crop_data_batch()] make tf_to_crops done
[make_crop_data_batch()] render done
[make_crop_data_batch()] warp done
[make_crop_data_batch()] pose batch data done
[predict()] forward start
[predict()] forward done
[predict()] making cropped data
[make_crop_data_batch()] Welcome make_crop_data_batch
[make_crop_data_batch()] make tf_to_crops done
[make_crop_data_batch()] render done
[make_crop_data_batch()] warp done
[make_crop_data_batch()] pose batch data done
[predict()] forward start
[predict()] forward done
[track_one()] pose done
[82/1005] 000081.png
[track_one()] Welcome
[track_one()] depth processing done
[predict()] ob_in_cams:(1, 4, 4)
[predict()] self.cfg.use_normal:False
[predict()] trans_normalizer:[0.019999999552965164, 0.019999999552965164, 0.05000000074505806], rot_normalizer:0.3490658503988659
[predict()] making cropped data
[make_crop_data_batch()] Welcome make_crop_data_batch
[make_crop_data_batch()] make tf_to_crops done
[make_crop_data_batch()] render done
[make_crop_data_batch()] warp done
[make_crop_data_batch()] pose batch data done
[predict()] forward start
[predict()] forward done
[predict()] making cropped data
[make_crop_data_batch()] Welcome make_crop_data_batch
[make_crop_data_batch()] make tf_to_crops done
[make_crop_data_batch()] render done
[make_crop_data_batch()] warp done
[make_crop_data_batch()] pose batch data done
[predict()] forward start
[predict()] forward done
[track_one()] pose done
[83/1005] 000082.png
[track_one()] Welcome
[track_one()] depth processing done
[predict()] ob_in_cams:(1, 4, 4)
[predict()] self.cfg.use_normal:False
[predict()] trans_normalizer:[0.019999999552965164, 0.019999999552965164, 0.05000000074505806], rot_normalizer:0.3490658503988659
[predict()] making cropped data
[make_crop_data_batch()] Welcome make_crop_data_batch
[make_crop_data_batch()] make tf_to_crops done
[make_crop_data_batch()] render done
[make_crop_data_batch()] warp done
[make_crop_data_batch()] pose batch data done
[predict()] forward start
[predict()] forward done
[predict()] making cropped data
[make_crop_data_batch()] Welcome make_crop_data_batch
[make_crop_data_batch()] make tf_to_crops done
[make_crop_data_batch()] render done
[make_crop_data_batch()] warp done
[make_crop_data_batch()] pose batch data done
[predict()] forward start
[predict()] forward done
[track_one()] pose done
[84/1005] 000083.png
[track_one()] Welcome
[track_one()] depth processing done
[predict()] ob_in_cams:(1, 4, 4)
[predict()] self.cfg.use_normal:False
[predict()] trans_normalizer:[0.019999999552965164, 0.019999999552965164, 0.05000000074505806], rot_normalizer:0.3490658503988659
[predict()] making cropped data
[make_crop_data_batch()] Welcome make_crop_data_batch
[make_crop_data_batch()] make tf_to_crops done
[make_crop_data_batch()] render done
[make_crop_data_batch()] warp done
[make_crop_data_batch()] pose batch data done
[predict()] forward start
[predict()] forward done
[predict()] making cropped data
[make_crop_data_batch()] Welcome make_crop_data_batch
[make_crop_data_batch()] make tf_to_crops done
[make_crop_data_batch()] render done
[make_crop_data_batch()] warp done
[make_crop_data_batch()] pose batch data done
[predict()] forward start
[predict()] forward done
[track_one()] pose done
[85/1005] 000084.png
[track_one()] Welcome
[track_one()] depth processing done
[predict()] ob_in_cams:(1, 4, 4)
[predict()] self.cfg.use_normal:False
[predict()] trans_normalizer:[0.019999999552965164, 0.019999999552965164, 0.05000000074505806], rot_normalizer:0.3490658503988659
[predict()] making cropped data
[make_crop_data_batch()] Welcome make_crop_data_batch
[make_crop_data_batch()] make tf_to_crops done
[make_crop_data_batch()] render done
[make_crop_data_batch()] warp done
[make_crop_data_batch()] pose batch data done
[predict()] forward start
[predict()] forward done
[predict()] making cropped data
[make_crop_data_batch()] Welcome make_crop_data_batch
[make_crop_data_batch()] make tf_to_crops done
[make_crop_data_batch()] render done
[make_crop_data_batch()] warp done
[make_crop_data_batch()] pose batch data done
[predict()] forward start
[predict()] forward done
[track_one()] pose done
[86/1005] 000085.png
[track_one()] Welcome
[track_one()] depth processing done
[predict()] ob_in_cams:(1, 4, 4)
[predict()] self.cfg.use_normal:False
[predict()] trans_normalizer:[0.019999999552965164, 0.019999999552965164, 0.05000000074505806], rot_normalizer:0.3490658503988659
[predict()] making cropped data
[make_crop_data_batch()] Welcome make_crop_data_batch
[make_crop_data_batch()] make tf_to_crops done
[make_crop_data_batch()] render done
[make_crop_data_batch()] warp done
[make_crop_data_batch()] pose batch data done
[predict()] forward start
[predict()] forward done
[predict()] making cropped data
[make_crop_data_batch()] Welcome make_crop_data_batch
[make_crop_data_batch()] make tf_to_crops done
[make_crop_data_batch()] render done
[make_crop_data_batch()] warp done
[make_crop_data_batch()] pose batch data done
[predict()] forward start
[predict()] forward done
[track_one()] pose done
[87/1005] 000086.png
[track_one()] Welcome
[track_one()] depth processing done
[predict()] ob_in_cams:(1, 4, 4)
[predict()] self.cfg.use_normal:False
[predict()] trans_normalizer:[0.019999999552965164, 0.019999999552965164, 0.05000000074505806], rot_normalizer:0.3490658503988659
[predict()] making cropped data
[make_crop_data_batch()] Welcome make_crop_data_batch
[make_crop_data_batch()] make tf_to_crops done
[make_crop_data_batch()] render done
[make_crop_data_batch()] warp done
[make_crop_data_batch()] pose batch data done
[predict()] forward start
[predict()] forward done
[predict()] making cropped data
[make_crop_data_batch()] Welcome make_crop_data_batch
[make_crop_data_batch()] make tf_to_crops done
[make_crop_data_batch()] render done
[make_crop_data_batch()] warp done
[make_crop_data_batch()] pose batch data done
[predict()] forward start
[predict()] forward done
[track_one()] pose done
[88/1005] 000087.png
[track_one()] Welcome
[track_one()] depth processing done
[predict()] ob_in_cams:(1, 4, 4)
[predict()] self.cfg.use_normal:False
[predict()] trans_normalizer:[0.019999999552965164, 0.019999999552965164, 0.05000000074505806], rot_normalizer:0.3490658503988659
[predict()] making cropped data
[make_crop_data_batch()] Welcome make_crop_data_batch
[make_crop_data_batch()] make tf_to_crops done
[make_crop_data_batch()] render done
[make_crop_data_batch()] warp done
[make_crop_data_batch()] pose batch data done
[predict()] forward start
[predict()] forward done
[predict()] making cropped data
[make_crop_data_batch()] Welcome make_crop_data_batch
[make_crop_data_batch()] make tf_to_crops done
[make_crop_data_batch()] render done
[make_crop_data_batch()] warp done
[make_crop_data_batch()] pose batch data done
[predict()] forward start
[predict()] forward done
[track_one()] pose done
[89/1005] 000088.png
[track_one()] Welcome
[track_one()] depth processing done
[predict()] ob_in_cams:(1, 4, 4)
[predict()] self.cfg.use_normal:False
[predict()] trans_normalizer:[0.019999999552965164, 0.019999999552965164, 0.05000000074505806], rot_normalizer:0.3490658503988659
[predict()] making cropped data
[make_crop_data_batch()] Welcome make_crop_data_batch
[make_crop_data_batch()] make tf_to_crops done
[make_crop_data_batch()] render done
[make_crop_data_batch()] warp done
[make_crop_data_batch()] pose batch data done
[predict()] forward start
[predict()] forward done
[predict()] making cropped data
[make_crop_data_batch()] Welcome make_crop_data_batch
[make_crop_data_batch()] make tf_to_crops done
[make_crop_data_batch()] render done
[make_crop_data_batch()] warp done
[make_crop_data_batch()] pose batch data done
[predict()] forward start
[predict()] forward done
[track_one()] pose done
[90/1005] 000089.png
[track_one()] Welcome
[track_one()] depth processing done
[predict()] ob_in_cams:(1, 4, 4)
[predict()] self.cfg.use_normal:False
[predict()] trans_normalizer:[0.019999999552965164, 0.019999999552965164, 0.05000000074505806], rot_normalizer:0.3490658503988659
[predict()] making cropped data
[make_crop_data_batch()] Welcome make_crop_data_batch
[make_crop_data_batch()] make tf_to_crops done
[make_crop_data_batch()] render done
[make_crop_data_batch()] warp done
[make_crop_data_batch()] pose batch data done
[predict()] forward start
[predict()] forward done
[predict()] making cropped data
[make_crop_data_batch()] Welcome make_crop_data_batch
[make_crop_data_batch()] make tf_to_crops done
[make_crop_data_batch()] render done
[make_crop_data_batch()] warp done
[make_crop_data_batch()] pose batch data done
[predict()] forward start
[predict()] forward done
[track_one()] pose done
[91/1005] 000090.png
[track_one()] Welcome
[track_one()] depth processing done
[predict()] ob_in_cams:(1, 4, 4)
[predict()] self.cfg.use_normal:False
[predict()] trans_normalizer:[0.019999999552965164, 0.019999999552965164, 0.05000000074505806], rot_normalizer:0.3490658503988659
[predict()] making cropped data
[make_crop_data_batch()] Welcome make_crop_data_batch
[make_crop_data_batch()] make tf_to_crops done
[make_crop_data_batch()] render done
[make_crop_data_batch()] warp done
[make_crop_data_batch()] pose batch data done
[predict()] forward start
[predict()] forward done
[predict()] making cropped data
[make_crop_data_batch()] Welcome make_crop_data_batch
[make_crop_data_batch()] make tf_to_crops done
[make_crop_data_batch()] render done
[make_crop_data_batch()] warp done
[make_crop_data_batch()] pose batch data done
[predict()] forward start
[predict()] forward done
[track_one()] pose done
[92/1005] 000091.png
[track_one()] Welcome
[track_one()] depth processing done
[predict()] ob_in_cams:(1, 4, 4)
[predict()] self.cfg.use_normal:False
[predict()] trans_normalizer:[0.019999999552965164, 0.019999999552965164, 0.05000000074505806], rot_normalizer:0.3490658503988659
[predict()] making cropped data
[make_crop_data_batch()] Welcome make_crop_data_batch
[make_crop_data_batch()] make tf_to_crops done
[make_crop_data_batch()] render done
[make_crop_data_batch()] warp done
[make_crop_data_batch()] pose batch data done
[predict()] forward start
[predict()] forward done
[predict()] making cropped data
[make_crop_data_batch()] Welcome make_crop_data_batch
[make_crop_data_batch()] make tf_to_crops done
[make_crop_data_batch()] render done
[make_crop_data_batch()] warp done
[make_crop_data_batch()] pose batch data done
[predict()] forward start
[predict()] forward done
[track_one()] pose done
[93/1005] 000092.png
[track_one()] Welcome
[track_one()] depth processing done
[predict()] ob_in_cams:(1, 4, 4)
[predict()] self.cfg.use_normal:False
[predict()] trans_normalizer:[0.019999999552965164, 0.019999999552965164, 0.05000000074505806], rot_normalizer:0.3490658503988659
[predict()] making cropped data
[make_crop_data_batch()] Welcome make_crop_data_batch
[make_crop_data_batch()] make tf_to_crops done
[make_crop_data_batch()] render done
[make_crop_data_batch()] warp done
[make_crop_data_batch()] pose batch data done
[predict()] forward start
[predict()] forward done
[predict()] making cropped data
[make_crop_data_batch()] Welcome make_crop_data_batch
[make_crop_data_batch()] make tf_to_crops done
[make_crop_data_batch()] render done
[make_crop_data_batch()] warp done
[make_crop_data_batch()] pose batch data done
[predict()] forward start
[predict()] forward done
[track_one()] pose done
[94/1005] 000093.png
[track_one()] Welcome
[track_one()] depth processing done
[predict()] ob_in_cams:(1, 4, 4)
[predict()] self.cfg.use_normal:False
[predict()] trans_normalizer:[0.019999999552965164, 0.019999999552965164, 0.05000000074505806], rot_normalizer:0.3490658503988659
[predict()] making cropped data
[make_crop_data_batch()] Welcome make_crop_data_batch
[make_crop_data_batch()] make tf_to_crops done
[make_crop_data_batch()] render done
[make_crop_data_batch()] warp done
[make_crop_data_batch()] pose batch data done
[predict()] forward start
[predict()] forward done
[predict()] making cropped data
[make_crop_data_batch()] Welcome make_crop_data_batch
[make_crop_data_batch()] make tf_to_crops done
[make_crop_data_batch()] render done
[make_crop_data_batch()] warp done
[make_crop_data_batch()] pose batch data done
[predict()] forward start
[predict()] forward done
[track_one()] pose done
[95/1005] 000094.png
[track_one()] Welcome
[track_one()] depth processing done
[predict()] ob_in_cams:(1, 4, 4)
[predict()] self.cfg.use_normal:False
[predict()] trans_normalizer:[0.019999999552965164, 0.019999999552965164, 0.05000000074505806], rot_normalizer:0.3490658503988659
[predict()] making cropped data
[make_crop_data_batch()] Welcome make_crop_data_batch
[make_crop_data_batch()] make tf_to_crops done
[make_crop_data_batch()] render done
[make_crop_data_batch()] warp done
[make_crop_data_batch()] pose batch data done
[predict()] forward start
[predict()] forward done
[predict()] making cropped data
[make_crop_data_batch()] Welcome make_crop_data_batch
[make_crop_data_batch()] make tf_to_crops done
[make_crop_data_batch()] render done
[make_crop_data_batch()] warp done
[make_crop_data_batch()] pose batch data done
[predict()] forward start
[predict()] forward done
[track_one()] pose done
[96/1005] 000095.png
[track_one()] Welcome
[track_one()] depth processing done
[predict()] ob_in_cams:(1, 4, 4)
[predict()] self.cfg.use_normal:False
[predict()] trans_normalizer:[0.019999999552965164, 0.019999999552965164, 0.05000000074505806], rot_normalizer:0.3490658503988659
[predict()] making cropped data
[make_crop_data_batch()] Welcome make_crop_data_batch
[make_crop_data_batch()] make tf_to_crops done
[make_crop_data_batch()] render done
[make_crop_data_batch()] warp done
[make_crop_data_batch()] pose batch data done
[predict()] forward start
[predict()] forward done
[predict()] making cropped data
[make_crop_data_batch()] Welcome make_crop_data_batch
[make_crop_data_batch()] make tf_to_crops done
[make_crop_data_batch()] render done
[make_crop_data_batch()] warp done
[make_crop_data_batch()] pose batch data done
[predict()] forward start
[predict()] forward done
[track_one()] pose done
[97/1005] 000096.png
[track_one()] Welcome
[track_one()] depth processing done
[predict()] ob_in_cams:(1, 4, 4)
[predict()] self.cfg.use_normal:False
[predict()] trans_normalizer:[0.019999999552965164, 0.019999999552965164, 0.05000000074505806], rot_normalizer:0.3490658503988659
[predict()] making cropped data
[make_crop_data_batch()] Welcome make_crop_data_batch
[make_crop_data_batch()] make tf_to_crops done
[make_crop_data_batch()] render done
[make_crop_data_batch()] warp done
[make_crop_data_batch()] pose batch data done
[predict()] forward start
[predict()] forward done
[predict()] making cropped data
[make_crop_data_batch()] Welcome make_crop_data_batch
[make_crop_data_batch()] make tf_to_crops done
[make_crop_data_batch()] render done
[make_crop_data_batch()] warp done
[make_crop_data_batch()] pose batch data done
[predict()] forward start
[predict()] forward done
[track_one()] pose done
[98/1005] 000097.png
[track_one()] Welcome
[track_one()] depth processing done
[predict()] ob_in_cams:(1, 4, 4)
[predict()] self.cfg.use_normal:False
[predict()] trans_normalizer:[0.019999999552965164, 0.019999999552965164, 0.05000000074505806], rot_normalizer:0.3490658503988659
[predict()] making cropped data
[make_crop_data_batch()] Welcome make_crop_data_batch
[make_crop_data_batch()] make tf_to_crops done
[make_crop_data_batch()] render done
[make_crop_data_batch()] warp done
[make_crop_data_batch()] pose batch data done
[predict()] forward start
[predict()] forward done
[predict()] making cropped data
[make_crop_data_batch()] Welcome make_crop_data_batch
[make_crop_data_batch()] make tf_to_crops done
[make_crop_data_batch()] render done
[make_crop_data_batch()] warp done
[make_crop_data_batch()] pose batch data done
[predict()] forward start
[predict()] forward done
[track_one()] pose done
[99/1005] 000098.png
[track_one()] Welcome
[track_one()] depth processing done
[predict()] ob_in_cams:(1, 4, 4)
[predict()] self.cfg.use_normal:False
[predict()] trans_normalizer:[0.019999999552965164, 0.019999999552965164, 0.05000000074505806], rot_normalizer:0.3490658503988659
[predict()] making cropped data
[make_crop_data_batch()] Welcome make_crop_data_batch
[make_crop_data_batch()] make tf_to_crops done
[make_crop_data_batch()] render done
[make_crop_data_batch()] warp done
[make_crop_data_batch()] pose batch data done
[predict()] forward start
[predict()] forward done
[predict()] making cropped data
[make_crop_data_batch()] Welcome make_crop_data_batch
[make_crop_data_batch()] make tf_to_crops done
[make_crop_data_batch()] render done
[make_crop_data_batch()] warp done
[make_crop_data_batch()] pose batch data done
[predict()] forward start
[predict()] forward done
[track_one()] pose done
[100/1005] 000099.png
[track_one()] Welcome
[track_one()] depth processing done
[predict()] ob_in_cams:(1, 4, 4)
[predict()] self.cfg.use_normal:False
[predict()] trans_normalizer:[0.019999999552965164, 0.019999999552965164, 0.05000000074505806], rot_normalizer:0.3490658503988659
[predict()] making cropped data
[make_crop_data_batch()] Welcome make_crop_data_batch
[make_crop_data_batch()] make tf_to_crops done
[make_crop_data_batch()] render done
[make_crop_data_batch()] warp done
[make_crop_data_batch()] pose batch data done
[predict()] forward start
[predict()] forward done
[predict()] making cropped data
[make_crop_data_batch()] Welcome make_crop_data_batch
[make_crop_data_batch()] make tf_to_crops done
[make_crop_data_batch()] render done
[make_crop_data_batch()] warp done
[make_crop_data_batch()] pose batch data done
[predict()] forward start
[predict()] forward done
[track_one()] pose done
[101/1005] 000100.png
[track_one()] Welcome
[track_one()] depth processing done
[predict()] ob_in_cams:(1, 4, 4)
[predict()] self.cfg.use_normal:False
[predict()] trans_normalizer:[0.019999999552965164, 0.019999999552965164, 0.05000000074505806], rot_normalizer:0.3490658503988659
[predict()] making cropped data
[make_crop_data_batch()] Welcome make_crop_data_batch
[make_crop_data_batch()] make tf_to_crops done
[make_crop_data_batch()] render done
[make_crop_data_batch()] warp done
[make_crop_data_batch()] pose batch data done
[predict()] forward start
[predict()] forward done
[predict()] making cropped data
[make_crop_data_batch()] Welcome make_crop_data_batch
[make_crop_data_batch()] make tf_to_crops done
[make_crop_data_batch()] render done
[make_crop_data_batch()] warp done
[make_crop_data_batch()] pose batch data done
[predict()] forward start
[predict()] forward done
[track_one()] pose done
[102/1005] 000101.png
[track_one()] Welcome
[track_one()] depth processing done
[predict()] ob_in_cams:(1, 4, 4)
[predict()] self.cfg.use_normal:False
[predict()] trans_normalizer:[0.019999999552965164, 0.019999999552965164, 0.05000000074505806], rot_normalizer:0.3490658503988659
[predict()] making cropped data
[make_crop_data_batch()] Welcome make_crop_data_batch
[make_crop_data_batch()] make tf_to_crops done
[make_crop_data_batch()] render done
[make_crop_data_batch()] warp done
[make_crop_data_batch()] pose batch data done
[predict()] forward start
[predict()] forward done
[predict()] making cropped data
[make_crop_data_batch()] Welcome make_crop_data_batch
[make_crop_data_batch()] make tf_to_crops done
[make_crop_data_batch()] render done
[make_crop_data_batch()] warp done
[make_crop_data_batch()] pose batch data done
[predict()] forward start
[predict()] forward done
[track_one()] pose done
[103/1005] 000102.png
[track_one()] Welcome
[track_one()] depth processing done
[predict()] ob_in_cams:(1, 4, 4)
[predict()] self.cfg.use_normal:False
[predict()] trans_normalizer:[0.019999999552965164, 0.019999999552965164, 0.05000000074505806], rot_normalizer:0.3490658503988659
[predict()] making cropped data
[make_crop_data_batch()] Welcome make_crop_data_batch
[make_crop_data_batch()] make tf_to_crops done
[make_crop_data_batch()] render done
[make_crop_data_batch()] warp done
[make_crop_data_batch()] pose batch data done
[predict()] forward start
[predict()] forward done
[predict()] making cropped data
[make_crop_data_batch()] Welcome make_crop_data_batch
[make_crop_data_batch()] make tf_to_crops done
[make_crop_data_batch()] render done
[make_crop_data_batch()] warp done
[make_crop_data_batch()] pose batch data done
[predict()] forward start
[predict()] forward done
[track_one()] pose done
[104/1005] 000103.png
[track_one()] Welcome
[track_one()] depth processing done
[predict()] ob_in_cams:(1, 4, 4)
[predict()] self.cfg.use_normal:False
[predict()] trans_normalizer:[0.019999999552965164, 0.019999999552965164, 0.05000000074505806], rot_normalizer:0.3490658503988659
[predict()] making cropped data
[make_crop_data_batch()] Welcome make_crop_data_batch
[make_crop_data_batch()] make tf_to_crops done
[make_crop_data_batch()] render done
[make_crop_data_batch()] warp done
[make_crop_data_batch()] pose batch data done
[predict()] forward start
[predict()] forward done
[predict()] making cropped data
[make_crop_data_batch()] Welcome make_crop_data_batch
[make_crop_data_batch()] make tf_to_crops done
[make_crop_data_batch()] render done
[make_crop_data_batch()] warp done
[make_crop_data_batch()] pose batch data done
[predict()] forward start
[predict()] forward done
[track_one()] pose done
[105/1005] 000104.png
[track_one()] Welcome
[track_one()] depth processing done
[predict()] ob_in_cams:(1, 4, 4)
[predict()] self.cfg.use_normal:False
[predict()] trans_normalizer:[0.019999999552965164, 0.019999999552965164, 0.05000000074505806], rot_normalizer:0.3490658503988659
[predict()] making cropped data
[make_crop_data_batch()] Welcome make_crop_data_batch
[make_crop_data_batch()] make tf_to_crops done
[make_crop_data_batch()] render done
[make_crop_data_batch()] warp done
[make_crop_data_batch()] pose batch data done
[predict()] forward start
[predict()] forward done
[predict()] making cropped data
[make_crop_data_batch()] Welcome make_crop_data_batch
[make_crop_data_batch()] make tf_to_crops done
[make_crop_data_batch()] render done
[make_crop_data_batch()] warp done
[make_crop_data_batch()] pose batch data done
[predict()] forward start
[predict()] forward done
[track_one()] pose done
[106/1005] 000105.png
[track_one()] Welcome
[track_one()] depth processing done
[predict()] ob_in_cams:(1, 4, 4)
[predict()] self.cfg.use_normal:False
[predict()] trans_normalizer:[0.019999999552965164, 0.019999999552965164, 0.05000000074505806], rot_normalizer:0.3490658503988659
[predict()] making cropped data
[make_crop_data_batch()] Welcome make_crop_data_batch
[make_crop_data_batch()] make tf_to_crops done
[make_crop_data_batch()] render done
[make_crop_data_batch()] warp done
[make_crop_data_batch()] pose batch data done
[predict()] forward start
[predict()] forward done
[predict()] making cropped data
[make_crop_data_batch()] Welcome make_crop_data_batch
[make_crop_data_batch()] make tf_to_crops done
[make_crop_data_batch()] render done
[make_crop_data_batch()] warp done
[make_crop_data_batch()] pose batch data done
[predict()] forward start
[predict()] forward done
[track_one()] pose done
[107/1005] 000106.png
[track_one()] Welcome
[track_one()] depth processing done
[predict()] ob_in_cams:(1, 4, 4)
[predict()] self.cfg.use_normal:False
[predict()] trans_normalizer:[0.019999999552965164, 0.019999999552965164, 0.05000000074505806], rot_normalizer:0.3490658503988659
[predict()] making cropped data
[make_crop_data_batch()] Welcome make_crop_data_batch
[make_crop_data_batch()] make tf_to_crops done
[make_crop_data_batch()] render done
[make_crop_data_batch()] warp done
[make_crop_data_batch()] pose batch data done
[predict()] forward start
[predict()] forward done
[predict()] making cropped data
[make_crop_data_batch()] Welcome make_crop_data_batch
[make_crop_data_batch()] make tf_to_crops done
[make_crop_data_batch()] render done
[make_crop_data_batch()] warp done
[make_crop_data_batch()] pose batch data done
[predict()] forward start
[predict()] forward done
[track_one()] pose done
[108/1005] 000107.png
[track_one()] Welcome
[track_one()] depth processing done
[predict()] ob_in_cams:(1, 4, 4)
[predict()] self.cfg.use_normal:False
[predict()] trans_normalizer:[0.019999999552965164, 0.019999999552965164, 0.05000000074505806], rot_normalizer:0.3490658503988659
[predict()] making cropped data
[make_crop_data_batch()] Welcome make_crop_data_batch
[make_crop_data_batch()] make tf_to_crops done
[make_crop_data_batch()] render done
[make_crop_data_batch()] warp done
[make_crop_data_batch()] pose batch data done
[predict()] forward start
[predict()] forward done
[predict()] making cropped data
[make_crop_data_batch()] Welcome make_crop_data_batch
[make_crop_data_batch()] make tf_to_crops done
[make_crop_data_batch()] render done
[make_crop_data_batch()] warp done
[make_crop_data_batch()] pose batch data done
[predict()] forward start
[predict()] forward done
[track_one()] pose done
[109/1005] 000108.png
[track_one()] Welcome
[track_one()] depth processing done
[predict()] ob_in_cams:(1, 4, 4)
[predict()] self.cfg.use_normal:False
[predict()] trans_normalizer:[0.019999999552965164, 0.019999999552965164, 0.05000000074505806], rot_normalizer:0.3490658503988659
[predict()] making cropped data
[make_crop_data_batch()] Welcome make_crop_data_batch
[make_crop_data_batch()] make tf_to_crops done
[make_crop_data_batch()] render done
[make_crop_data_batch()] warp done
[make_crop_data_batch()] pose batch data done
[predict()] forward start
[predict()] forward done
[predict()] making cropped data
[make_crop_data_batch()] Welcome make_crop_data_batch
[make_crop_data_batch()] make tf_to_crops done
[make_crop_data_batch()] render done
[make_crop_data_batch()] warp done
[make_crop_data_batch()] pose batch data done
[predict()] forward start
[predict()] forward done
[track_one()] pose done
[110/1005] 000109.png
[track_one()] Welcome
[track_one()] depth processing done
[predict()] ob_in_cams:(1, 4, 4)
[predict()] self.cfg.use_normal:False
[predict()] trans_normalizer:[0.019999999552965164, 0.019999999552965164, 0.05000000074505806], rot_normalizer:0.3490658503988659
[predict()] making cropped data
[make_crop_data_batch()] Welcome make_crop_data_batch
[make_crop_data_batch()] make tf_to_crops done
[make_crop_data_batch()] render done
[make_crop_data_batch()] warp done
[make_crop_data_batch()] pose batch data done
[predict()] forward start
[predict()] forward done
[predict()] making cropped data
[make_crop_data_batch()] Welcome make_crop_data_batch
[make_crop_data_batch()] make tf_to_crops done
[make_crop_data_batch()] render done
[make_crop_data_batch()] warp done
[make_crop_data_batch()] pose batch data done
[predict()] forward start
[predict()] forward done
[track_one()] pose done
[111/1005] 000110.png
[track_one()] Welcome
[track_one()] depth processing done
[predict()] ob_in_cams:(1, 4, 4)
[predict()] self.cfg.use_normal:False
[predict()] trans_normalizer:[0.019999999552965164, 0.019999999552965164, 0.05000000074505806], rot_normalizer:0.3490658503988659
[predict()] making cropped data
[make_crop_data_batch()] Welcome make_crop_data_batch
[make_crop_data_batch()] make tf_to_crops done
[make_crop_data_batch()] render done
[make_crop_data_batch()] warp done
[make_crop_data_batch()] pose batch data done
[predict()] forward start
[predict()] forward done
[predict()] making cropped data
[make_crop_data_batch()] Welcome make_crop_data_batch
[make_crop_data_batch()] make tf_to_crops done
[make_crop_data_batch()] render done
[make_crop_data_batch()] warp done
[make_crop_data_batch()] pose batch data done
[predict()] forward start
[predict()] forward done
[track_one()] pose done
[112/1005] 000111.png
[track_one()] Welcome
[track_one()] depth processing done
[predict()] ob_in_cams:(1, 4, 4)
[predict()] self.cfg.use_normal:False
[predict()] trans_normalizer:[0.019999999552965164, 0.019999999552965164, 0.05000000074505806], rot_normalizer:0.3490658503988659
[predict()] making cropped data
[make_crop_data_batch()] Welcome make_crop_data_batch
[make_crop_data_batch()] make tf_to_crops done
[make_crop_data_batch()] render done
[make_crop_data_batch()] warp done
[make_crop_data_batch()] pose batch data done
[predict()] forward start
[predict()] forward done
[predict()] making cropped data
[make_crop_data_batch()] Welcome make_crop_data_batch
[make_crop_data_batch()] make tf_to_crops done
[make_crop_data_batch()] render done
[make_crop_data_batch()] warp done
[make_crop_data_batch()] pose batch data done
[predict()] forward start
[predict()] forward done
[track_one()] pose done
[113/1005] 000112.png
[track_one()] Welcome
[track_one()] depth processing done
[predict()] ob_in_cams:(1, 4, 4)
[predict()] self.cfg.use_normal:False
[predict()] trans_normalizer:[0.019999999552965164, 0.019999999552965164, 0.05000000074505806], rot_normalizer:0.3490658503988659
[predict()] making cropped data
[make_crop_data_batch()] Welcome make_crop_data_batch
[make_crop_data_batch()] make tf_to_crops done
[make_crop_data_batch()] render done
[make_crop_data_batch()] warp done
[make_crop_data_batch()] pose batch data done
[predict()] forward start
[predict()] forward done
[predict()] making cropped data
[make_crop_data_batch()] Welcome make_crop_data_batch
[make_crop_data_batch()] make tf_to_crops done
[make_crop_data_batch()] render done
[make_crop_data_batch()] warp done
[make_crop_data_batch()] pose batch data done
[predict()] forward start
[predict()] forward done
[track_one()] pose done
[114/1005] 000113.png
[track_one()] Welcome
[track_one()] depth processing done
[predict()] ob_in_cams:(1, 4, 4)
[predict()] self.cfg.use_normal:False
[predict()] trans_normalizer:[0.019999999552965164, 0.019999999552965164, 0.05000000074505806], rot_normalizer:0.3490658503988659
[predict()] making cropped data
[make_crop_data_batch()] Welcome make_crop_data_batch
[make_crop_data_batch()] make tf_to_crops done
[make_crop_data_batch()] render done
[make_crop_data_batch()] warp done
[make_crop_data_batch()] pose batch data done
[predict()] forward start
[predict()] forward done
[predict()] making cropped data
[make_crop_data_batch()] Welcome make_crop_data_batch
[make_crop_data_batch()] make tf_to_crops done
[make_crop_data_batch()] render done
[make_crop_data_batch()] warp done
[make_crop_data_batch()] pose batch data done
[predict()] forward start
[predict()] forward done
[track_one()] pose done
[115/1005] 000114.png
[track_one()] Welcome
[track_one()] depth processing done
[predict()] ob_in_cams:(1, 4, 4)
[predict()] self.cfg.use_normal:False
[predict()] trans_normalizer:[0.019999999552965164, 0.019999999552965164, 0.05000000074505806], rot_normalizer:0.3490658503988659
[predict()] making cropped data
[make_crop_data_batch()] Welcome make_crop_data_batch
[make_crop_data_batch()] make tf_to_crops done
[make_crop_data_batch()] render done
[make_crop_data_batch()] warp done
[make_crop_data_batch()] pose batch data done
[predict()] forward start
[predict()] forward done
[predict()] making cropped data
[make_crop_data_batch()] Welcome make_crop_data_batch
[make_crop_data_batch()] make tf_to_crops done
[make_crop_data_batch()] render done
[make_crop_data_batch()] warp done
[make_crop_data_batch()] pose batch data done
[predict()] forward start
[predict()] forward done
[track_one()] pose done
[116/1005] 000115.png
[track_one()] Welcome
[track_one()] depth processing done
[predict()] ob_in_cams:(1, 4, 4)
[predict()] self.cfg.use_normal:False
[predict()] trans_normalizer:[0.019999999552965164, 0.019999999552965164, 0.05000000074505806], rot_normalizer:0.3490658503988659
[predict()] making cropped data
[make_crop_data_batch()] Welcome make_crop_data_batch
[make_crop_data_batch()] make tf_to_crops done
[make_crop_data_batch()] render done
[make_crop_data_batch()] warp done
[make_crop_data_batch()] pose batch data done
[predict()] forward start
[predict()] forward done
[predict()] making cropped data
[make_crop_data_batch()] Welcome make_crop_data_batch
[make_crop_data_batch()] make tf_to_crops done
[make_crop_data_batch()] render done
[make_crop_data_batch()] warp done
[make_crop_data_batch()] pose batch data done
[predict()] forward start
[predict()] forward done
[track_one()] pose done
[117/1005] 000116.png
[track_one()] Welcome
[track_one()] depth processing done
[predict()] ob_in_cams:(1, 4, 4)
[predict()] self.cfg.use_normal:False
[predict()] trans_normalizer:[0.019999999552965164, 0.019999999552965164, 0.05000000074505806], rot_normalizer:0.3490658503988659
[predict()] making cropped data
[make_crop_data_batch()] Welcome make_crop_data_batch
[make_crop_data_batch()] make tf_to_crops done
[make_crop_data_batch()] render done
[make_crop_data_batch()] warp done
[make_crop_data_batch()] pose batch data done
[predict()] forward start
[predict()] forward done
[predict()] making cropped data
[make_crop_data_batch()] Welcome make_crop_data_batch
[make_crop_data_batch()] make tf_to_crops done
[make_crop_data_batch()] render done
[make_crop_data_batch()] warp done
[make_crop_data_batch()] pose batch data done
[predict()] forward start
[predict()] forward done
[track_one()] pose done
[118/1005] 000117.png
[track_one()] Welcome
[track_one()] depth processing done
[predict()] ob_in_cams:(1, 4, 4)
[predict()] self.cfg.use_normal:False
[predict()] trans_normalizer:[0.019999999552965164, 0.019999999552965164, 0.05000000074505806], rot_normalizer:0.3490658503988659
[predict()] making cropped data
[make_crop_data_batch()] Welcome make_crop_data_batch
[make_crop_data_batch()] make tf_to_crops done
[make_crop_data_batch()] render done
[make_crop_data_batch()] warp done
[make_crop_data_batch()] pose batch data done
[predict()] forward start
[predict()] forward done
[predict()] making cropped data
[make_crop_data_batch()] Welcome make_crop_data_batch
[make_crop_data_batch()] make tf_to_crops done
[make_crop_data_batch()] render done
[make_crop_data_batch()] warp done
[make_crop_data_batch()] pose batch data done
[predict()] forward start
[predict()] forward done
[track_one()] pose done
[119/1005] 000118.png
[track_one()] Welcome
[track_one()] depth processing done
[predict()] ob_in_cams:(1, 4, 4)
[predict()] self.cfg.use_normal:False
[predict()] trans_normalizer:[0.019999999552965164, 0.019999999552965164, 0.05000000074505806], rot_normalizer:0.3490658503988659
[predict()] making cropped data
[make_crop_data_batch()] Welcome make_crop_data_batch
[make_crop_data_batch()] make tf_to_crops done
[make_crop_data_batch()] render done
[make_crop_data_batch()] warp done
[make_crop_data_batch()] pose batch data done
[predict()] forward start
[predict()] forward done
[predict()] making cropped data
[make_crop_data_batch()] Welcome make_crop_data_batch
[make_crop_data_batch()] make tf_to_crops done
[make_crop_data_batch()] render done
[make_crop_data_batch()] warp done
[make_crop_data_batch()] pose batch data done
[predict()] forward start
[predict()] forward done
[track_one()] pose done
[120/1005] 000119.png
[track_one()] Welcome
[track_one()] depth processing done
[predict()] ob_in_cams:(1, 4, 4)
[predict()] self.cfg.use_normal:False
[predict()] trans_normalizer:[0.019999999552965164, 0.019999999552965164, 0.05000000074505806], rot_normalizer:0.3490658503988659
[predict()] making cropped data
[make_crop_data_batch()] Welcome make_crop_data_batch
[make_crop_data_batch()] make tf_to_crops done
[make_crop_data_batch()] render done
[make_crop_data_batch()] warp done
[make_crop_data_batch()] pose batch data done
[predict()] forward start
[predict()] forward done
[predict()] making cropped data
[make_crop_data_batch()] Welcome make_crop_data_batch
[make_crop_data_batch()] make tf_to_crops done
[make_crop_data_batch()] render done
[make_crop_data_batch()] warp done
[make_crop_data_batch()] pose batch data done
[predict()] forward start
[predict()] forward done
[track_one()] pose done
[121/1005] 000120.png
[track_one()] Welcome
[track_one()] depth processing done
[predict()] ob_in_cams:(1, 4, 4)
[predict()] self.cfg.use_normal:False
[predict()] trans_normalizer:[0.019999999552965164, 0.019999999552965164, 0.05000000074505806], rot_normalizer:0.3490658503988659
[predict()] making cropped data
[make_crop_data_batch()] Welcome make_crop_data_batch
[make_crop_data_batch()] make tf_to_crops done
[make_crop_data_batch()] render done
[make_crop_data_batch()] warp done
[make_crop_data_batch()] pose batch data done
[predict()] forward start
[predict()] forward done
[predict()] making cropped data
[make_crop_data_batch()] Welcome make_crop_data_batch
[make_crop_data_batch()] make tf_to_crops done
[make_crop_data_batch()] render done
[make_crop_data_batch()] warp done
[make_crop_data_batch()] pose batch data done
[predict()] forward start
[predict()] forward done
[track_one()] pose done
[122/1005] 000121.png
[track_one()] Welcome
[track_one()] depth processing done
[predict()] ob_in_cams:(1, 4, 4)
[predict()] self.cfg.use_normal:False
[predict()] trans_normalizer:[0.019999999552965164, 0.019999999552965164, 0.05000000074505806], rot_normalizer:0.3490658503988659
[predict()] making cropped data
[make_crop_data_batch()] Welcome make_crop_data_batch
[make_crop_data_batch()] make tf_to_crops done
[make_crop_data_batch()] render done
[make_crop_data_batch()] warp done
[make_crop_data_batch()] pose batch data done
[predict()] forward start
[predict()] forward done
[predict()] making cropped data
[make_crop_data_batch()] Welcome make_crop_data_batch
[make_crop_data_batch()] make tf_to_crops done
[make_crop_data_batch()] render done
[make_crop_data_batch()] warp done
[make_crop_data_batch()] pose batch data done
[predict()] forward start
[predict()] forward done
[track_one()] pose done
[123/1005] 000122.png
[track_one()] Welcome
[track_one()] depth processing done
[predict()] ob_in_cams:(1, 4, 4)
[predict()] self.cfg.use_normal:False
[predict()] trans_normalizer:[0.019999999552965164, 0.019999999552965164, 0.05000000074505806], rot_normalizer:0.3490658503988659
[predict()] making cropped data
[make_crop_data_batch()] Welcome make_crop_data_batch
[make_crop_data_batch()] make tf_to_crops done
[make_crop_data_batch()] render done
[make_crop_data_batch()] warp done
[make_crop_data_batch()] pose batch data done
[predict()] forward start
[predict()] forward done
[predict()] making cropped data
[make_crop_data_batch()] Welcome make_crop_data_batch
[make_crop_data_batch()] make tf_to_crops done
[make_crop_data_batch()] render done
[make_crop_data_batch()] warp done
[make_crop_data_batch()] pose batch data done
[predict()] forward start
[predict()] forward done
[track_one()] pose done
[124/1005] 000123.png
[track_one()] Welcome
[track_one()] depth processing done
[predict()] ob_in_cams:(1, 4, 4)
[predict()] self.cfg.use_normal:False
[predict()] trans_normalizer:[0.019999999552965164, 0.019999999552965164, 0.05000000074505806], rot_normalizer:0.3490658503988659
[predict()] making cropped data
[make_crop_data_batch()] Welcome make_crop_data_batch
[make_crop_data_batch()] make tf_to_crops done
[make_crop_data_batch()] render done
[make_crop_data_batch()] warp done
[make_crop_data_batch()] pose batch data done
[predict()] forward start
[predict()] forward done
[predict()] making cropped data
[make_crop_data_batch()] Welcome make_crop_data_batch
[make_crop_data_batch()] make tf_to_crops done
[make_crop_data_batch()] render done
[make_crop_data_batch()] warp done
[make_crop_data_batch()] pose batch data done
[predict()] forward start
[predict()] forward done
[track_one()] pose done
[125/1005] 000124.png
[track_one()] Welcome
[track_one()] depth processing done
[predict()] ob_in_cams:(1, 4, 4)
[predict()] self.cfg.use_normal:False
[predict()] trans_normalizer:[0.019999999552965164, 0.019999999552965164, 0.05000000074505806], rot_normalizer:0.3490658503988659
[predict()] making cropped data
[make_crop_data_batch()] Welcome make_crop_data_batch
[make_crop_data_batch()] make tf_to_crops done
[make_crop_data_batch()] render done
[make_crop_data_batch()] warp done
[make_crop_data_batch()] pose batch data done
[predict()] forward start
[predict()] forward done
[predict()] making cropped data
[make_crop_data_batch()] Welcome make_crop_data_batch
[make_crop_data_batch()] make tf_to_crops done
[make_crop_data_batch()] render done
[make_crop_data_batch()] warp done
[make_crop_data_batch()] pose batch data done
[predict()] forward start
[predict()] forward done
[track_one()] pose done
[126/1005] 000125.png
[track_one()] Welcome
[track_one()] depth processing done
[predict()] ob_in_cams:(1, 4, 4)
[predict()] self.cfg.use_normal:False
[predict()] trans_normalizer:[0.019999999552965164, 0.019999999552965164, 0.05000000074505806], rot_normalizer:0.3490658503988659
[predict()] making cropped data
[make_crop_data_batch()] Welcome make_crop_data_batch
[make_crop_data_batch()] make tf_to_crops done
[make_crop_data_batch()] render done
[make_crop_data_batch()] warp done
[make_crop_data_batch()] pose batch data done
[predict()] forward start
[predict()] forward done
[predict()] making cropped data
[make_crop_data_batch()] Welcome make_crop_data_batch
[make_crop_data_batch()] make tf_to_crops done
[make_crop_data_batch()] render done
[make_crop_data_batch()] warp done
[make_crop_data_batch()] pose batch data done
[predict()] forward start
[predict()] forward done
[track_one()] pose done
[127/1005] 000126.png
[track_one()] Welcome
[track_one()] depth processing done
[predict()] ob_in_cams:(1, 4, 4)
[predict()] self.cfg.use_normal:False
[predict()] trans_normalizer:[0.019999999552965164, 0.019999999552965164, 0.05000000074505806], rot_normalizer:0.3490658503988659
[predict()] making cropped data
[make_crop_data_batch()] Welcome make_crop_data_batch
[make_crop_data_batch()] make tf_to_crops done
[make_crop_data_batch()] render done
[make_crop_data_batch()] warp done
[make_crop_data_batch()] pose batch data done
[predict()] forward start
[predict()] forward done
[predict()] making cropped data
[make_crop_data_batch()] Welcome make_crop_data_batch
[make_crop_data_batch()] make tf_to_crops done
[make_crop_data_batch()] render done
[make_crop_data_batch()] warp done
[make_crop_data_batch()] pose batch data done
[predict()] forward start
[predict()] forward done
[track_one()] pose done
[128/1005] 000127.png
[track_one()] Welcome
[track_one()] depth processing done
[predict()] ob_in_cams:(1, 4, 4)
[predict()] self.cfg.use_normal:False
[predict()] trans_normalizer:[0.019999999552965164, 0.019999999552965164, 0.05000000074505806], rot_normalizer:0.3490658503988659
[predict()] making cropped data
[make_crop_data_batch()] Welcome make_crop_data_batch
[make_crop_data_batch()] make tf_to_crops done
[make_crop_data_batch()] render done
[make_crop_data_batch()] warp done
[make_crop_data_batch()] pose batch data done
[predict()] forward start
[predict()] forward done
[predict()] making cropped data
[make_crop_data_batch()] Welcome make_crop_data_batch
[make_crop_data_batch()] make tf_to_crops done
[make_crop_data_batch()] render done
[make_crop_data_batch()] warp done
[make_crop_data_batch()] pose batch data done
[predict()] forward start
[predict()] forward done
[track_one()] pose done
[129/1005] 000128.png
[track_one()] Welcome
[track_one()] depth processing done
[predict()] ob_in_cams:(1, 4, 4)
[predict()] self.cfg.use_normal:False
[predict()] trans_normalizer:[0.019999999552965164, 0.019999999552965164, 0.05000000074505806], rot_normalizer:0.3490658503988659
[predict()] making cropped data
[make_crop_data_batch()] Welcome make_crop_data_batch
[make_crop_data_batch()] make tf_to_crops done
[make_crop_data_batch()] render done
[make_crop_data_batch()] warp done
[make_crop_data_batch()] pose batch data done
[predict()] forward start
[predict()] forward done
[predict()] making cropped data
[make_crop_data_batch()] Welcome make_crop_data_batch
[make_crop_data_batch()] make tf_to_crops done
[make_crop_data_batch()] render done
[make_crop_data_batch()] warp done
[make_crop_data_batch()] pose batch data done
[predict()] forward start
[predict()] forward done
[track_one()] pose done
[130/1005] 000129.png
[track_one()] Welcome
[track_one()] depth processing done
[predict()] ob_in_cams:(1, 4, 4)
[predict()] self.cfg.use_normal:False
[predict()] trans_normalizer:[0.019999999552965164, 0.019999999552965164, 0.05000000074505806], rot_normalizer:0.3490658503988659
[predict()] making cropped data
[make_crop_data_batch()] Welcome make_crop_data_batch
[make_crop_data_batch()] make tf_to_crops done
[make_crop_data_batch()] render done
[make_crop_data_batch()] warp done
[make_crop_data_batch()] pose batch data done
[predict()] forward start
[predict()] forward done
[predict()] making cropped data
[make_crop_data_batch()] Welcome make_crop_data_batch
[make_crop_data_batch()] make tf_to_crops done
[make_crop_data_batch()] render done
[make_crop_data_batch()] warp done
[make_crop_data_batch()] pose batch data done
[predict()] forward start
[predict()] forward done
[track_one()] pose done
[131/1005] 000130.png
[track_one()] Welcome
[track_one()] depth processing done
[predict()] ob_in_cams:(1, 4, 4)
[predict()] self.cfg.use_normal:False
[predict()] trans_normalizer:[0.019999999552965164, 0.019999999552965164, 0.05000000074505806], rot_normalizer:0.3490658503988659
[predict()] making cropped data
[make_crop_data_batch()] Welcome make_crop_data_batch
[make_crop_data_batch()] make tf_to_crops done
[make_crop_data_batch()] render done
[make_crop_data_batch()] warp done
[make_crop_data_batch()] pose batch data done
[predict()] forward start
[predict()] forward done
[predict()] making cropped data
[make_crop_data_batch()] Welcome make_crop_data_batch
[make_crop_data_batch()] make tf_to_crops done
[make_crop_data_batch()] render done
[make_crop_data_batch()] warp done
[make_crop_data_batch()] pose batch data done
[predict()] forward start
[predict()] forward done
[track_one()] pose done
[132/1005] 000131.png
[track_one()] Welcome
[track_one()] depth processing done
[predict()] ob_in_cams:(1, 4, 4)
[predict()] self.cfg.use_normal:False
[predict()] trans_normalizer:[0.019999999552965164, 0.019999999552965164, 0.05000000074505806], rot_normalizer:0.3490658503988659
[predict()] making cropped data
[make_crop_data_batch()] Welcome make_crop_data_batch
[make_crop_data_batch()] make tf_to_crops done
[make_crop_data_batch()] render done
[make_crop_data_batch()] warp done
[make_crop_data_batch()] pose batch data done
[predict()] forward start
[predict()] forward done
[predict()] making cropped data
[make_crop_data_batch()] Welcome make_crop_data_batch
[make_crop_data_batch()] make tf_to_crops done
[make_crop_data_batch()] render done
[make_crop_data_batch()] warp done
[make_crop_data_batch()] pose batch data done
[predict()] forward start
[predict()] forward done
[track_one()] pose done
[133/1005] 000132.png
[track_one()] Welcome
[track_one()] depth processing done
[predict()] ob_in_cams:(1, 4, 4)
[predict()] self.cfg.use_normal:False
[predict()] trans_normalizer:[0.019999999552965164, 0.019999999552965164, 0.05000000074505806], rot_normalizer:0.3490658503988659
[predict()] making cropped data
[make_crop_data_batch()] Welcome make_crop_data_batch
[make_crop_data_batch()] make tf_to_crops done
[make_crop_data_batch()] render done
[make_crop_data_batch()] warp done
[make_crop_data_batch()] pose batch data done
[predict()] forward start
[predict()] forward done
[predict()] making cropped data
[make_crop_data_batch()] Welcome make_crop_data_batch
[make_crop_data_batch()] make tf_to_crops done
[make_crop_data_batch()] render done
[make_crop_data_batch()] warp done
[make_crop_data_batch()] pose batch data done
[predict()] forward start
[predict()] forward done
[track_one()] pose done
[134/1005] 000133.png
[track_one()] Welcome
[track_one()] depth processing done
[predict()] ob_in_cams:(1, 4, 4)
[predict()] self.cfg.use_normal:False
[predict()] trans_normalizer:[0.019999999552965164, 0.019999999552965164, 0.05000000074505806], rot_normalizer:0.3490658503988659
[predict()] making cropped data
[make_crop_data_batch()] Welcome make_crop_data_batch
[make_crop_data_batch()] make tf_to_crops done
[make_crop_data_batch()] render done
[make_crop_data_batch()] warp done
[make_crop_data_batch()] pose batch data done
[predict()] forward start
[predict()] forward done
[predict()] making cropped data
[make_crop_data_batch()] Welcome make_crop_data_batch
[make_crop_data_batch()] make tf_to_crops done
[make_crop_data_batch()] render done
[make_crop_data_batch()] warp done
[make_crop_data_batch()] pose batch data done
[predict()] forward start
[predict()] forward done
[track_one()] pose done
[135/1005] 000134.png
[track_one()] Welcome
[track_one()] depth processing done
[predict()] ob_in_cams:(1, 4, 4)
[predict()] self.cfg.use_normal:False
[predict()] trans_normalizer:[0.019999999552965164, 0.019999999552965164, 0.05000000074505806], rot_normalizer:0.3490658503988659
[predict()] making cropped data
[make_crop_data_batch()] Welcome make_crop_data_batch
[make_crop_data_batch()] make tf_to_crops done
[make_crop_data_batch()] render done
[make_crop_data_batch()] warp done
[make_crop_data_batch()] pose batch data done
[predict()] forward start
[predict()] forward done
[predict()] making cropped data
[make_crop_data_batch()] Welcome make_crop_data_batch
[make_crop_data_batch()] make tf_to_crops done
[make_crop_data_batch()] render done
[make_crop_data_batch()] warp done
[make_crop_data_batch()] pose batch data done
[predict()] forward start
[predict()] forward done
[track_one()] pose done
[136/1005] 000135.png
[track_one()] Welcome
[track_one()] depth processing done
[predict()] ob_in_cams:(1, 4, 4)
[predict()] self.cfg.use_normal:False
[predict()] trans_normalizer:[0.019999999552965164, 0.019999999552965164, 0.05000000074505806], rot_normalizer:0.3490658503988659
[predict()] making cropped data
[make_crop_data_batch()] Welcome make_crop_data_batch
[make_crop_data_batch()] make tf_to_crops done
[make_crop_data_batch()] render done
[make_crop_data_batch()] warp done
[make_crop_data_batch()] pose batch data done
[predict()] forward start
[predict()] forward done
[predict()] making cropped data
[make_crop_data_batch()] Welcome make_crop_data_batch
[make_crop_data_batch()] make tf_to_crops done
[make_crop_data_batch()] render done
[make_crop_data_batch()] warp done
[make_crop_data_batch()] pose batch data done
[predict()] forward start
[predict()] forward done
[track_one()] pose done
[137/1005] 000136.png
[track_one()] Welcome
[track_one()] depth processing done
[predict()] ob_in_cams:(1, 4, 4)
[predict()] self.cfg.use_normal:False
[predict()] trans_normalizer:[0.019999999552965164, 0.019999999552965164, 0.05000000074505806], rot_normalizer:0.3490658503988659
[predict()] making cropped data
[make_crop_data_batch()] Welcome make_crop_data_batch
[make_crop_data_batch()] make tf_to_crops done
[make_crop_data_batch()] render done
[make_crop_data_batch()] warp done
[make_crop_data_batch()] pose batch data done
[predict()] forward start
[predict()] forward done
[predict()] making cropped data
[make_crop_data_batch()] Welcome make_crop_data_batch
[make_crop_data_batch()] make tf_to_crops done
[make_crop_data_batch()] render done
[make_crop_data_batch()] warp done
[make_crop_data_batch()] pose batch data done
[predict()] forward start
[predict()] forward done
[track_one()] pose done
[138/1005] 000137.png
[track_one()] Welcome
[track_one()] depth processing done
[predict()] ob_in_cams:(1, 4, 4)
[predict()] self.cfg.use_normal:False
[predict()] trans_normalizer:[0.019999999552965164, 0.019999999552965164, 0.05000000074505806], rot_normalizer:0.3490658503988659
[predict()] making cropped data
[make_crop_data_batch()] Welcome make_crop_data_batch
[make_crop_data_batch()] make tf_to_crops done
[make_crop_data_batch()] render done
[make_crop_data_batch()] warp done
[make_crop_data_batch()] pose batch data done
[predict()] forward start
[predict()] forward done
[predict()] making cropped data
[make_crop_data_batch()] Welcome make_crop_data_batch
[make_crop_data_batch()] make tf_to_crops done
[make_crop_data_batch()] render done
[make_crop_data_batch()] warp done
[make_crop_data_batch()] pose batch data done
[predict()] forward start
[predict()] forward done
[track_one()] pose done
[139/1005] 000138.png
[track_one()] Welcome
[track_one()] depth processing done
[predict()] ob_in_cams:(1, 4, 4)
[predict()] self.cfg.use_normal:False
[predict()] trans_normalizer:[0.019999999552965164, 0.019999999552965164, 0.05000000074505806], rot_normalizer:0.3490658503988659
[predict()] making cropped data
[make_crop_data_batch()] Welcome make_crop_data_batch
[make_crop_data_batch()] make tf_to_crops done
[make_crop_data_batch()] render done
[make_crop_data_batch()] warp done
[make_crop_data_batch()] pose batch data done
[predict()] forward start
[predict()] forward done
[predict()] making cropped data
[make_crop_data_batch()] Welcome make_crop_data_batch
[make_crop_data_batch()] make tf_to_crops done
[make_crop_data_batch()] render done
[make_crop_data_batch()] warp done
[make_crop_data_batch()] pose batch data done
[predict()] forward start
[predict()] forward done
[track_one()] pose done
[140/1005] 000139.png
[track_one()] Welcome
[track_one()] depth processing done
[predict()] ob_in_cams:(1, 4, 4)
[predict()] self.cfg.use_normal:False
[predict()] trans_normalizer:[0.019999999552965164, 0.019999999552965164, 0.05000000074505806], rot_normalizer:0.3490658503988659
[predict()] making cropped data
[make_crop_data_batch()] Welcome make_crop_data_batch
[make_crop_data_batch()] make tf_to_crops done
[make_crop_data_batch()] render done
[make_crop_data_batch()] warp done
[make_crop_data_batch()] pose batch data done
[predict()] forward start
[predict()] forward done
[predict()] making cropped data
[make_crop_data_batch()] Welcome make_crop_data_batch
[make_crop_data_batch()] make tf_to_crops done
[make_crop_data_batch()] render done
[make_crop_data_batch()] warp done
[make_crop_data_batch()] pose batch data done
[predict()] forward start
[predict()] forward done
[track_one()] pose done
[141/1005] 000140.png
[track_one()] Welcome
[track_one()] depth processing done
[predict()] ob_in_cams:(1, 4, 4)
[predict()] self.cfg.use_normal:False
[predict()] trans_normalizer:[0.019999999552965164, 0.019999999552965164, 0.05000000074505806], rot_normalizer:0.3490658503988659
[predict()] making cropped data
[make_crop_data_batch()] Welcome make_crop_data_batch
[make_crop_data_batch()] make tf_to_crops done
[make_crop_data_batch()] render done
[make_crop_data_batch()] warp done
[make_crop_data_batch()] pose batch data done
[predict()] forward start
[predict()] forward done
[predict()] making cropped data
[make_crop_data_batch()] Welcome make_crop_data_batch
[make_crop_data_batch()] make tf_to_crops done
[make_crop_data_batch()] render done
[make_crop_data_batch()] warp done
[make_crop_data_batch()] pose batch data done
[predict()] forward start
[predict()] forward done
[track_one()] pose done
[142/1005] 000141.png
[track_one()] Welcome
[track_one()] depth processing done
[predict()] ob_in_cams:(1, 4, 4)
[predict()] self.cfg.use_normal:False
[predict()] trans_normalizer:[0.019999999552965164, 0.019999999552965164, 0.05000000074505806], rot_normalizer:0.3490658503988659
[predict()] making cropped data
[make_crop_data_batch()] Welcome make_crop_data_batch
[make_crop_data_batch()] make tf_to_crops done
[make_crop_data_batch()] render done
[make_crop_data_batch()] warp done
[make_crop_data_batch()] pose batch data done
[predict()] forward start
[predict()] forward done
[predict()] making cropped data
[make_crop_data_batch()] Welcome make_crop_data_batch
[make_crop_data_batch()] make tf_to_crops done
[make_crop_data_batch()] render done
[make_crop_data_batch()] warp done
[make_crop_data_batch()] pose batch data done
[predict()] forward start
[predict()] forward done
[track_one()] pose done
[143/1005] 000142.png
[track_one()] Welcome
[track_one()] depth processing done
[predict()] ob_in_cams:(1, 4, 4)
[predict()] self.cfg.use_normal:False
[predict()] trans_normalizer:[0.019999999552965164, 0.019999999552965164, 0.05000000074505806], rot_normalizer:0.3490658503988659
[predict()] making cropped data
[make_crop_data_batch()] Welcome make_crop_data_batch
[make_crop_data_batch()] make tf_to_crops done
[make_crop_data_batch()] render done
[make_crop_data_batch()] warp done
[make_crop_data_batch()] pose batch data done
[predict()] forward start
[predict()] forward done
[predict()] making cropped data
[make_crop_data_batch()] Welcome make_crop_data_batch
[make_crop_data_batch()] make tf_to_crops done
[make_crop_data_batch()] render done
[make_crop_data_batch()] warp done
[make_crop_data_batch()] pose batch data done
[predict()] forward start
[predict()] forward done
[track_one()] pose done
[144/1005] 000143.png
[track_one()] Welcome
[track_one()] depth processing done
[predict()] ob_in_cams:(1, 4, 4)
[predict()] self.cfg.use_normal:False
[predict()] trans_normalizer:[0.019999999552965164, 0.019999999552965164, 0.05000000074505806], rot_normalizer:0.3490658503988659
[predict()] making cropped data
[make_crop_data_batch()] Welcome make_crop_data_batch
[make_crop_data_batch()] make tf_to_crops done
[make_crop_data_batch()] render done
[make_crop_data_batch()] warp done
[make_crop_data_batch()] pose batch data done
[predict()] forward start
[predict()] forward done
[predict()] making cropped data
[make_crop_data_batch()] Welcome make_crop_data_batch
[make_crop_data_batch()] make tf_to_crops done
[make_crop_data_batch()] render done
[make_crop_data_batch()] warp done
[make_crop_data_batch()] pose batch data done
[predict()] forward start
[predict()] forward done
[track_one()] pose done
[145/1005] 000144.png
[track_one()] Welcome
[track_one()] depth processing done
[predict()] ob_in_cams:(1, 4, 4)
[predict()] self.cfg.use_normal:False
[predict()] trans_normalizer:[0.019999999552965164, 0.019999999552965164, 0.05000000074505806], rot_normalizer:0.3490658503988659
[predict()] making cropped data
[make_crop_data_batch()] Welcome make_crop_data_batch
[make_crop_data_batch()] make tf_to_crops done
[make_crop_data_batch()] render done
[make_crop_data_batch()] warp done
[make_crop_data_batch()] pose batch data done
[predict()] forward start
[predict()] forward done
[predict()] making cropped data
[make_crop_data_batch()] Welcome make_crop_data_batch
[make_crop_data_batch()] make tf_to_crops done
[make_crop_data_batch()] render done
[make_crop_data_batch()] warp done
[make_crop_data_batch()] pose batch data done
[predict()] forward start
[predict()] forward done
[track_one()] pose done
[146/1005] 000145.png
[track_one()] Welcome
[track_one()] depth processing done
[predict()] ob_in_cams:(1, 4, 4)
[predict()] self.cfg.use_normal:False
[predict()] trans_normalizer:[0.019999999552965164, 0.019999999552965164, 0.05000000074505806], rot_normalizer:0.3490658503988659
[predict()] making cropped data
[make_crop_data_batch()] Welcome make_crop_data_batch
[make_crop_data_batch()] make tf_to_crops done
[make_crop_data_batch()] render done
[make_crop_data_batch()] warp done
[make_crop_data_batch()] pose batch data done
[predict()] forward start
[predict()] forward done
[predict()] making cropped data
[make_crop_data_batch()] Welcome make_crop_data_batch
[make_crop_data_batch()] make tf_to_crops done
[make_crop_data_batch()] render done
[make_crop_data_batch()] warp done
[make_crop_data_batch()] pose batch data done
[predict()] forward start
[predict()] forward done
[track_one()] pose done
[147/1005] 000146.png
[track_one()] Welcome
[track_one()] depth processing done
[predict()] ob_in_cams:(1, 4, 4)
[predict()] self.cfg.use_normal:False
[predict()] trans_normalizer:[0.019999999552965164, 0.019999999552965164, 0.05000000074505806], rot_normalizer:0.3490658503988659
[predict()] making cropped data
[make_crop_data_batch()] Welcome make_crop_data_batch
[make_crop_data_batch()] make tf_to_crops done
[make_crop_data_batch()] render done
[make_crop_data_batch()] warp done
[make_crop_data_batch()] pose batch data done
[predict()] forward start
[predict()] forward done
[predict()] making cropped data
[make_crop_data_batch()] Welcome make_crop_data_batch
[make_crop_data_batch()] make tf_to_crops done
[make_crop_data_batch()] render done
[make_crop_data_batch()] warp done
[make_crop_data_batch()] pose batch data done
[predict()] forward start
[predict()] forward done
[track_one()] pose done
[148/1005] 000147.png
[track_one()] Welcome
[track_one()] depth processing done
[predict()] ob_in_cams:(1, 4, 4)
[predict()] self.cfg.use_normal:False
[predict()] trans_normalizer:[0.019999999552965164, 0.019999999552965164, 0.05000000074505806], rot_normalizer:0.3490658503988659
[predict()] making cropped data
[make_crop_data_batch()] Welcome make_crop_data_batch
[make_crop_data_batch()] make tf_to_crops done
[make_crop_data_batch()] render done
[make_crop_data_batch()] warp done
[make_crop_data_batch()] pose batch data done
[predict()] forward start
[predict()] forward done
[predict()] making cropped data
[make_crop_data_batch()] Welcome make_crop_data_batch
[make_crop_data_batch()] make tf_to_crops done
[make_crop_data_batch()] render done
[make_crop_data_batch()] warp done
[make_crop_data_batch()] pose batch data done
[predict()] forward start
[predict()] forward done
[track_one()] pose done
[149/1005] 000148.png
[track_one()] Welcome
[track_one()] depth processing done
[predict()] ob_in_cams:(1, 4, 4)
[predict()] self.cfg.use_normal:False
[predict()] trans_normalizer:[0.019999999552965164, 0.019999999552965164, 0.05000000074505806], rot_normalizer:0.3490658503988659
[predict()] making cropped data
[make_crop_data_batch()] Welcome make_crop_data_batch
[make_crop_data_batch()] make tf_to_crops done
[make_crop_data_batch()] render done
[make_crop_data_batch()] warp done
[make_crop_data_batch()] pose batch data done
[predict()] forward start
[predict()] forward done
[predict()] making cropped data
[make_crop_data_batch()] Welcome make_crop_data_batch
[make_crop_data_batch()] make tf_to_crops done
[make_crop_data_batch()] render done
[make_crop_data_batch()] warp done
[make_crop_data_batch()] pose batch data done
[predict()] forward start
[predict()] forward done
[track_one()] pose done
[150/1005] 000149.png
[track_one()] Welcome
[track_one()] depth processing done
[predict()] ob_in_cams:(1, 4, 4)
[predict()] self.cfg.use_normal:False
[predict()] trans_normalizer:[0.019999999552965164, 0.019999999552965164, 0.05000000074505806], rot_normalizer:0.3490658503988659
[predict()] making cropped data
[make_crop_data_batch()] Welcome make_crop_data_batch
[make_crop_data_batch()] make tf_to_crops done
[make_crop_data_batch()] render done
[make_crop_data_batch()] warp done
[make_crop_data_batch()] pose batch data done
[predict()] forward start
[predict()] forward done
[predict()] making cropped data
[make_crop_data_batch()] Welcome make_crop_data_batch
[make_crop_data_batch()] make tf_to_crops done
[make_crop_data_batch()] render done
[make_crop_data_batch()] warp done
[make_crop_data_batch()] pose batch data done
[predict()] forward start
[predict()] forward done
[track_one()] pose done
[151/1005] 000150.png
[track_one()] Welcome
[track_one()] depth processing done
[predict()] ob_in_cams:(1, 4, 4)
[predict()] self.cfg.use_normal:False
[predict()] trans_normalizer:[0.019999999552965164, 0.019999999552965164, 0.05000000074505806], rot_normalizer:0.3490658503988659
[predict()] making cropped data
[make_crop_data_batch()] Welcome make_crop_data_batch
[make_crop_data_batch()] make tf_to_crops done
[make_crop_data_batch()] render done
[make_crop_data_batch()] warp done
[make_crop_data_batch()] pose batch data done
[predict()] forward start
[predict()] forward done
[predict()] making cropped data
[make_crop_data_batch()] Welcome make_crop_data_batch
[make_crop_data_batch()] make tf_to_crops done
[make_crop_data_batch()] render done
[make_crop_data_batch()] warp done
[make_crop_data_batch()] pose batch data done
[predict()] forward start
[predict()] forward done
[track_one()] pose done
[152/1005] 000151.png
[track_one()] Welcome
[track_one()] depth processing done
[predict()] ob_in_cams:(1, 4, 4)
[predict()] self.cfg.use_normal:False
[predict()] trans_normalizer:[0.019999999552965164, 0.019999999552965164, 0.05000000074505806], rot_normalizer:0.3490658503988659
[predict()] making cropped data
[make_crop_data_batch()] Welcome make_crop_data_batch
[make_crop_data_batch()] make tf_to_crops done
[make_crop_data_batch()] render done
[make_crop_data_batch()] warp done
[make_crop_data_batch()] pose batch data done
[predict()] forward start
[predict()] forward done
[predict()] making cropped data
[make_crop_data_batch()] Welcome make_crop_data_batch
[make_crop_data_batch()] make tf_to_crops done
[make_crop_data_batch()] render done
[make_crop_data_batch()] warp done
[make_crop_data_batch()] pose batch data done
[predict()] forward start
[predict()] forward done
[track_one()] pose done
[153/1005] 000152.png
[track_one()] Welcome
[track_one()] depth processing done
[predict()] ob_in_cams:(1, 4, 4)
[predict()] self.cfg.use_normal:False
[predict()] trans_normalizer:[0.019999999552965164, 0.019999999552965164, 0.05000000074505806], rot_normalizer:0.3490658503988659
[predict()] making cropped data
[make_crop_data_batch()] Welcome make_crop_data_batch
[make_crop_data_batch()] make tf_to_crops done
[make_crop_data_batch()] render done
[make_crop_data_batch()] warp done
[make_crop_data_batch()] pose batch data done
[predict()] forward start
[predict()] forward done
[predict()] making cropped data
[make_crop_data_batch()] Welcome make_crop_data_batch
[make_crop_data_batch()] make tf_to_crops done
[make_crop_data_batch()] render done
[make_crop_data_batch()] warp done
[make_crop_data_batch()] pose batch data done
[predict()] forward start
[predict()] forward done
[track_one()] pose done
[154/1005] 000153.png
[track_one()] Welcome
[track_one()] depth processing done
[predict()] ob_in_cams:(1, 4, 4)
[predict()] self.cfg.use_normal:False
[predict()] trans_normalizer:[0.019999999552965164, 0.019999999552965164, 0.05000000074505806], rot_normalizer:0.3490658503988659
[predict()] making cropped data
[make_crop_data_batch()] Welcome make_crop_data_batch
[make_crop_data_batch()] make tf_to_crops done
[make_crop_data_batch()] render done
[make_crop_data_batch()] warp done
[make_crop_data_batch()] pose batch data done
[predict()] forward start
[predict()] forward done
[predict()] making cropped data
[make_crop_data_batch()] Welcome make_crop_data_batch
[make_crop_data_batch()] make tf_to_crops done
[make_crop_data_batch()] render done
[make_crop_data_batch()] warp done
[make_crop_data_batch()] pose batch data done
[predict()] forward start
[predict()] forward done
[track_one()] pose done
[155/1005] 000154.png
[track_one()] Welcome
[track_one()] depth processing done
[predict()] ob_in_cams:(1, 4, 4)
[predict()] self.cfg.use_normal:False
[predict()] trans_normalizer:[0.019999999552965164, 0.019999999552965164, 0.05000000074505806], rot_normalizer:0.3490658503988659
[predict()] making cropped data
[make_crop_data_batch()] Welcome make_crop_data_batch
[make_crop_data_batch()] make tf_to_crops done
[make_crop_data_batch()] render done
[make_crop_data_batch()] warp done
[make_crop_data_batch()] pose batch data done
[predict()] forward start
[predict()] forward done
[predict()] making cropped data
[make_crop_data_batch()] Welcome make_crop_data_batch
[make_crop_data_batch()] make tf_to_crops done
[make_crop_data_batch()] render done
[make_crop_data_batch()] warp done
[make_crop_data_batch()] pose batch data done
[predict()] forward start
[predict()] forward done
[track_one()] pose done
[156/1005] 000155.png
[track_one()] Welcome
[track_one()] depth processing done
[predict()] ob_in_cams:(1, 4, 4)
[predict()] self.cfg.use_normal:False
[predict()] trans_normalizer:[0.019999999552965164, 0.019999999552965164, 0.05000000074505806], rot_normalizer:0.3490658503988659
[predict()] making cropped data
[make_crop_data_batch()] Welcome make_crop_data_batch
[make_crop_data_batch()] make tf_to_crops done
[make_crop_data_batch()] render done
[make_crop_data_batch()] warp done
[make_crop_data_batch()] pose batch data done
[predict()] forward start
[predict()] forward done
[predict()] making cropped data
[make_crop_data_batch()] Welcome make_crop_data_batch
[make_crop_data_batch()] make tf_to_crops done
[make_crop_data_batch()] render done
[make_crop_data_batch()] warp done
[make_crop_data_batch()] pose batch data done
[predict()] forward start
[predict()] forward done
[track_one()] pose done
[157/1005] 000156.png
[track_one()] Welcome
[track_one()] depth processing done
[predict()] ob_in_cams:(1, 4, 4)
[predict()] self.cfg.use_normal:False
[predict()] trans_normalizer:[0.019999999552965164, 0.019999999552965164, 0.05000000074505806], rot_normalizer:0.3490658503988659
[predict()] making cropped data
[make_crop_data_batch()] Welcome make_crop_data_batch
[make_crop_data_batch()] make tf_to_crops done
[make_crop_data_batch()] render done
[make_crop_data_batch()] warp done
[make_crop_data_batch()] pose batch data done
[predict()] forward start
[predict()] forward done
[predict()] making cropped data
[make_crop_data_batch()] Welcome make_crop_data_batch
[make_crop_data_batch()] make tf_to_crops done
[make_crop_data_batch()] render done
[make_crop_data_batch()] warp done
[make_crop_data_batch()] pose batch data done
[predict()] forward start
[predict()] forward done
[track_one()] pose done
[158/1005] 000157.png
[track_one()] Welcome
[track_one()] depth processing done
[predict()] ob_in_cams:(1, 4, 4)
[predict()] self.cfg.use_normal:False
[predict()] trans_normalizer:[0.019999999552965164, 0.019999999552965164, 0.05000000074505806], rot_normalizer:0.3490658503988659
[predict()] making cropped data
[make_crop_data_batch()] Welcome make_crop_data_batch
[make_crop_data_batch()] make tf_to_crops done
[make_crop_data_batch()] render done
[make_crop_data_batch()] warp done
[make_crop_data_batch()] pose batch data done
[predict()] forward start
[predict()] forward done
[predict()] making cropped data
[make_crop_data_batch()] Welcome make_crop_data_batch
[make_crop_data_batch()] make tf_to_crops done
[make_crop_data_batch()] render done
[make_crop_data_batch()] warp done
[make_crop_data_batch()] pose batch data done
[predict()] forward start
[predict()] forward done
[track_one()] pose done
[159/1005] 000158.png
[track_one()] Welcome
[track_one()] depth processing done
[predict()] ob_in_cams:(1, 4, 4)
[predict()] self.cfg.use_normal:False
[predict()] trans_normalizer:[0.019999999552965164, 0.019999999552965164, 0.05000000074505806], rot_normalizer:0.3490658503988659
[predict()] making cropped data
[make_crop_data_batch()] Welcome make_crop_data_batch
[make_crop_data_batch()] make tf_to_crops done
[make_crop_data_batch()] render done
[make_crop_data_batch()] warp done
[make_crop_data_batch()] pose batch data done
[predict()] forward start
[predict()] forward done
[predict()] making cropped data
[make_crop_data_batch()] Welcome make_crop_data_batch
[make_crop_data_batch()] make tf_to_crops done
[make_crop_data_batch()] render done
[make_crop_data_batch()] warp done
[make_crop_data_batch()] pose batch data done
[predict()] forward start
[predict()] forward done
[track_one()] pose done
[160/1005] 000159.png
[track_one()] Welcome
[track_one()] depth processing done
[predict()] ob_in_cams:(1, 4, 4)
[predict()] self.cfg.use_normal:False
[predict()] trans_normalizer:[0.019999999552965164, 0.019999999552965164, 0.05000000074505806], rot_normalizer:0.3490658503988659
[predict()] making cropped data
[make_crop_data_batch()] Welcome make_crop_data_batch
[make_crop_data_batch()] make tf_to_crops done
[make_crop_data_batch()] render done
[make_crop_data_batch()] warp done
[make_crop_data_batch()] pose batch data done
[predict()] forward start
[predict()] forward done
[predict()] making cropped data
[make_crop_data_batch()] Welcome make_crop_data_batch
[make_crop_data_batch()] make tf_to_crops done
[make_crop_data_batch()] render done
[make_crop_data_batch()] warp done
[make_crop_data_batch()] pose batch data done
[predict()] forward start
[predict()] forward done
[track_one()] pose done
[161/1005] 000160.png
[track_one()] Welcome
[track_one()] depth processing done
[predict()] ob_in_cams:(1, 4, 4)
[predict()] self.cfg.use_normal:False
[predict()] trans_normalizer:[0.019999999552965164, 0.019999999552965164, 0.05000000074505806], rot_normalizer:0.3490658503988659
[predict()] making cropped data
[make_crop_data_batch()] Welcome make_crop_data_batch
[make_crop_data_batch()] make tf_to_crops done
[make_crop_data_batch()] render done
[make_crop_data_batch()] warp done
[make_crop_data_batch()] pose batch data done
[predict()] forward start
[predict()] forward done
[predict()] making cropped data
[make_crop_data_batch()] Welcome make_crop_data_batch
[make_crop_data_batch()] make tf_to_crops done
[make_crop_data_batch()] render done
[make_crop_data_batch()] warp done
[make_crop_data_batch()] pose batch data done
[predict()] forward start
[predict()] forward done
[track_one()] pose done
[162/1005] 000161.png
[track_one()] Welcome
[track_one()] depth processing done
[predict()] ob_in_cams:(1, 4, 4)
[predict()] self.cfg.use_normal:False
[predict()] trans_normalizer:[0.019999999552965164, 0.019999999552965164, 0.05000000074505806], rot_normalizer:0.3490658503988659
[predict()] making cropped data
[make_crop_data_batch()] Welcome make_crop_data_batch
[make_crop_data_batch()] make tf_to_crops done
[make_crop_data_batch()] render done
[make_crop_data_batch()] warp done
[make_crop_data_batch()] pose batch data done
[predict()] forward start
[predict()] forward done
[predict()] making cropped data
[make_crop_data_batch()] Welcome make_crop_data_batch
[make_crop_data_batch()] make tf_to_crops done
[make_crop_data_batch()] render done
[make_crop_data_batch()] warp done
[make_crop_data_batch()] pose batch data done
[predict()] forward start
[predict()] forward done
[track_one()] pose done
[163/1005] 000162.png
[track_one()] Welcome
[track_one()] depth processing done
[predict()] ob_in_cams:(1, 4, 4)
[predict()] self.cfg.use_normal:False
[predict()] trans_normalizer:[0.019999999552965164, 0.019999999552965164, 0.05000000074505806], rot_normalizer:0.3490658503988659
[predict()] making cropped data
[make_crop_data_batch()] Welcome make_crop_data_batch
[make_crop_data_batch()] make tf_to_crops done
[make_crop_data_batch()] render done
[make_crop_data_batch()] warp done
[make_crop_data_batch()] pose batch data done
[predict()] forward start
[predict()] forward done
[predict()] making cropped data
[make_crop_data_batch()] Welcome make_crop_data_batch
[make_crop_data_batch()] make tf_to_crops done
[make_crop_data_batch()] render done
[make_crop_data_batch()] warp done
[make_crop_data_batch()] pose batch data done
[predict()] forward start
[predict()] forward done
[track_one()] pose done
[164/1005] 000163.png
[track_one()] Welcome
[track_one()] depth processing done
[predict()] ob_in_cams:(1, 4, 4)
[predict()] self.cfg.use_normal:False
[predict()] trans_normalizer:[0.019999999552965164, 0.019999999552965164, 0.05000000074505806], rot_normalizer:0.3490658503988659
[predict()] making cropped data
[make_crop_data_batch()] Welcome make_crop_data_batch
[make_crop_data_batch()] make tf_to_crops done
[make_crop_data_batch()] render done
[make_crop_data_batch()] warp done
[make_crop_data_batch()] pose batch data done
[predict()] forward start
[predict()] forward done
[predict()] making cropped data
[make_crop_data_batch()] Welcome make_crop_data_batch
[make_crop_data_batch()] make tf_to_crops done
[make_crop_data_batch()] render done
[make_crop_data_batch()] warp done
[make_crop_data_batch()] pose batch data done
[predict()] forward start
[predict()] forward done
[track_one()] pose done
[165/1005] 000164.png
[track_one()] Welcome
[track_one()] depth processing done
[predict()] ob_in_cams:(1, 4, 4)
[predict()] self.cfg.use_normal:False
[predict()] trans_normalizer:[0.019999999552965164, 0.019999999552965164, 0.05000000074505806], rot_normalizer:0.3490658503988659
[predict()] making cropped data
[make_crop_data_batch()] Welcome make_crop_data_batch
[make_crop_data_batch()] make tf_to_crops done
[make_crop_data_batch()] render done
[make_crop_data_batch()] warp done
[make_crop_data_batch()] pose batch data done
[predict()] forward start
[predict()] forward done
[predict()] making cropped data
[make_crop_data_batch()] Welcome make_crop_data_batch
[make_crop_data_batch()] make tf_to_crops done
[make_crop_data_batch()] render done
[make_crop_data_batch()] warp done
[make_crop_data_batch()] pose batch data done
[predict()] forward start
[predict()] forward done
[track_one()] pose done
[166/1005] 000165.png
[track_one()] Welcome
[track_one()] depth processing done
[predict()] ob_in_cams:(1, 4, 4)
[predict()] self.cfg.use_normal:False
[predict()] trans_normalizer:[0.019999999552965164, 0.019999999552965164, 0.05000000074505806], rot_normalizer:0.3490658503988659
[predict()] making cropped data
[make_crop_data_batch()] Welcome make_crop_data_batch
[make_crop_data_batch()] make tf_to_crops done
[make_crop_data_batch()] render done
[make_crop_data_batch()] warp done
[make_crop_data_batch()] pose batch data done
[predict()] forward start
[predict()] forward done
[predict()] making cropped data
[make_crop_data_batch()] Welcome make_crop_data_batch
[make_crop_data_batch()] make tf_to_crops done
[make_crop_data_batch()] render done
[make_crop_data_batch()] warp done
[make_crop_data_batch()] pose batch data done
[predict()] forward start
[predict()] forward done
[track_one()] pose done
[167/1005] 000166.png
[track_one()] Welcome
[track_one()] depth processing done
[predict()] ob_in_cams:(1, 4, 4)
[predict()] self.cfg.use_normal:False
[predict()] trans_normalizer:[0.019999999552965164, 0.019999999552965164, 0.05000000074505806], rot_normalizer:0.3490658503988659
[predict()] making cropped data
[make_crop_data_batch()] Welcome make_crop_data_batch
[make_crop_data_batch()] make tf_to_crops done
[make_crop_data_batch()] render done
[make_crop_data_batch()] warp done
[make_crop_data_batch()] pose batch data done
[predict()] forward start
[predict()] forward done
[predict()] making cropped data
[make_crop_data_batch()] Welcome make_crop_data_batch
[make_crop_data_batch()] make tf_to_crops done
[make_crop_data_batch()] render done
[make_crop_data_batch()] warp done
[make_crop_data_batch()] pose batch data done
[predict()] forward start
[predict()] forward done
[track_one()] pose done
[168/1005] 000167.png
[track_one()] Welcome
[track_one()] depth processing done
[predict()] ob_in_cams:(1, 4, 4)
[predict()] self.cfg.use_normal:False
[predict()] trans_normalizer:[0.019999999552965164, 0.019999999552965164, 0.05000000074505806], rot_normalizer:0.3490658503988659
[predict()] making cropped data
[make_crop_data_batch()] Welcome make_crop_data_batch
[make_crop_data_batch()] make tf_to_crops done
[make_crop_data_batch()] render done
[make_crop_data_batch()] warp done
[make_crop_data_batch()] pose batch data done
[predict()] forward start
[predict()] forward done
[predict()] making cropped data
[make_crop_data_batch()] Welcome make_crop_data_batch
[make_crop_data_batch()] make tf_to_crops done
[make_crop_data_batch()] render done
[make_crop_data_batch()] warp done
[make_crop_data_batch()] pose batch data done
[predict()] forward start
[predict()] forward done
[track_one()] pose done
[169/1005] 000168.png
[track_one()] Welcome
[track_one()] depth processing done
[predict()] ob_in_cams:(1, 4, 4)
[predict()] self.cfg.use_normal:False
[predict()] trans_normalizer:[0.019999999552965164, 0.019999999552965164, 0.05000000074505806], rot_normalizer:0.3490658503988659
[predict()] making cropped data
[make_crop_data_batch()] Welcome make_crop_data_batch
[make_crop_data_batch()] make tf_to_crops done
[make_crop_data_batch()] render done
[make_crop_data_batch()] warp done
[make_crop_data_batch()] pose batch data done
[predict()] forward start
[predict()] forward done
[predict()] making cropped data
[make_crop_data_batch()] Welcome make_crop_data_batch
[make_crop_data_batch()] make tf_to_crops done
[make_crop_data_batch()] render done
[make_crop_data_batch()] warp done
[make_crop_data_batch()] pose batch data done
[predict()] forward start
[predict()] forward done
[track_one()] pose done
[170/1005] 000169.png
[track_one()] Welcome
[track_one()] depth processing done
[predict()] ob_in_cams:(1, 4, 4)
[predict()] self.cfg.use_normal:False
[predict()] trans_normalizer:[0.019999999552965164, 0.019999999552965164, 0.05000000074505806], rot_normalizer:0.3490658503988659
[predict()] making cropped data
[make_crop_data_batch()] Welcome make_crop_data_batch
[make_crop_data_batch()] make tf_to_crops done
[make_crop_data_batch()] render done
[make_crop_data_batch()] warp done
[make_crop_data_batch()] pose batch data done
[predict()] forward start
[predict()] forward done
[predict()] making cropped data
[make_crop_data_batch()] Welcome make_crop_data_batch
[make_crop_data_batch()] make tf_to_crops done
[make_crop_data_batch()] render done
[make_crop_data_batch()] warp done
[make_crop_data_batch()] pose batch data done
[predict()] forward start
[predict()] forward done
[track_one()] pose done
[171/1005] 000170.png
[track_one()] Welcome
[track_one()] depth processing done
[predict()] ob_in_cams:(1, 4, 4)
[predict()] self.cfg.use_normal:False
[predict()] trans_normalizer:[0.019999999552965164, 0.019999999552965164, 0.05000000074505806], rot_normalizer:0.3490658503988659
[predict()] making cropped data
[make_crop_data_batch()] Welcome make_crop_data_batch
[make_crop_data_batch()] make tf_to_crops done
[make_crop_data_batch()] render done
[make_crop_data_batch()] warp done
[make_crop_data_batch()] pose batch data done
[predict()] forward start
[predict()] forward done
[predict()] making cropped data
[make_crop_data_batch()] Welcome make_crop_data_batch
[make_crop_data_batch()] make tf_to_crops done
[make_crop_data_batch()] render done
[make_crop_data_batch()] warp done
[make_crop_data_batch()] pose batch data done
[predict()] forward start
[predict()] forward done
[track_one()] pose done
[172/1005] 000171.png
[track_one()] Welcome
[track_one()] depth processing done
[predict()] ob_in_cams:(1, 4, 4)
[predict()] self.cfg.use_normal:False
[predict()] trans_normalizer:[0.019999999552965164, 0.019999999552965164, 0.05000000074505806], rot_normalizer:0.3490658503988659
[predict()] making cropped data
[make_crop_data_batch()] Welcome make_crop_data_batch
[make_crop_data_batch()] make tf_to_crops done
[make_crop_data_batch()] render done
[make_crop_data_batch()] warp done
[make_crop_data_batch()] pose batch data done
[predict()] forward start
[predict()] forward done
[predict()] making cropped data
[make_crop_data_batch()] Welcome make_crop_data_batch
[make_crop_data_batch()] make tf_to_crops done
[make_crop_data_batch()] render done
[make_crop_data_batch()] warp done
[make_crop_data_batch()] pose batch data done
[predict()] forward start
[predict()] forward done
[track_one()] pose done
[173/1005] 000172.png
[track_one()] Welcome
[track_one()] depth processing done
[predict()] ob_in_cams:(1, 4, 4)
[predict()] self.cfg.use_normal:False
[predict()] trans_normalizer:[0.019999999552965164, 0.019999999552965164, 0.05000000074505806], rot_normalizer:0.3490658503988659
[predict()] making cropped data
[make_crop_data_batch()] Welcome make_crop_data_batch
[make_crop_data_batch()] make tf_to_crops done
[make_crop_data_batch()] render done
[make_crop_data_batch()] warp done
[make_crop_data_batch()] pose batch data done
[predict()] forward start
[predict()] forward done
[predict()] making cropped data
[make_crop_data_batch()] Welcome make_crop_data_batch
[make_crop_data_batch()] make tf_to_crops done
[make_crop_data_batch()] render done
[make_crop_data_batch()] warp done
[make_crop_data_batch()] pose batch data done
[predict()] forward start
[predict()] forward done
[track_one()] pose done
[174/1005] 000173.png
[track_one()] Welcome
[track_one()] depth processing done
[predict()] ob_in_cams:(1, 4, 4)
[predict()] self.cfg.use_normal:False
[predict()] trans_normalizer:[0.019999999552965164, 0.019999999552965164, 0.05000000074505806], rot_normalizer:0.3490658503988659
[predict()] making cropped data
[make_crop_data_batch()] Welcome make_crop_data_batch
[make_crop_data_batch()] make tf_to_crops done
[make_crop_data_batch()] render done
[make_crop_data_batch()] warp done
[make_crop_data_batch()] pose batch data done
[predict()] forward start
[predict()] forward done
[predict()] making cropped data
[make_crop_data_batch()] Welcome make_crop_data_batch
[make_crop_data_batch()] make tf_to_crops done
[make_crop_data_batch()] render done
[make_crop_data_batch()] warp done
[make_crop_data_batch()] pose batch data done
[predict()] forward start
[predict()] forward done
[track_one()] pose done
[175/1005] 000174.png
[track_one()] Welcome
[track_one()] depth processing done
[predict()] ob_in_cams:(1, 4, 4)
[predict()] self.cfg.use_normal:False
[predict()] trans_normalizer:[0.019999999552965164, 0.019999999552965164, 0.05000000074505806], rot_normalizer:0.3490658503988659
[predict()] making cropped data
[make_crop_data_batch()] Welcome make_crop_data_batch
[make_crop_data_batch()] make tf_to_crops done
[make_crop_data_batch()] render done
[make_crop_data_batch()] warp done
[make_crop_data_batch()] pose batch data done
[predict()] forward start
[predict()] forward done
[predict()] making cropped data
[make_crop_data_batch()] Welcome make_crop_data_batch
[make_crop_data_batch()] make tf_to_crops done
[make_crop_data_batch()] render done
[make_crop_data_batch()] warp done
[make_crop_data_batch()] pose batch data done
[predict()] forward start
[predict()] forward done
[track_one()] pose done
[176/1005] 000175.png
[track_one()] Welcome
[track_one()] depth processing done
[predict()] ob_in_cams:(1, 4, 4)
[predict()] self.cfg.use_normal:False
[predict()] trans_normalizer:[0.019999999552965164, 0.019999999552965164, 0.05000000074505806], rot_normalizer:0.3490658503988659
[predict()] making cropped data
[make_crop_data_batch()] Welcome make_crop_data_batch
[make_crop_data_batch()] make tf_to_crops done
[make_crop_data_batch()] render done
[make_crop_data_batch()] warp done
[make_crop_data_batch()] pose batch data done
[predict()] forward start
[predict()] forward done
[predict()] making cropped data
[make_crop_data_batch()] Welcome make_crop_data_batch
[make_crop_data_batch()] make tf_to_crops done
[make_crop_data_batch()] render done
[make_crop_data_batch()] warp done
[make_crop_data_batch()] pose batch data done
[predict()] forward start
[predict()] forward done
[track_one()] pose done
[177/1005] 000176.png
[track_one()] Welcome
[track_one()] depth processing done
[predict()] ob_in_cams:(1, 4, 4)
[predict()] self.cfg.use_normal:False
[predict()] trans_normalizer:[0.019999999552965164, 0.019999999552965164, 0.05000000074505806], rot_normalizer:0.3490658503988659
[predict()] making cropped data
[make_crop_data_batch()] Welcome make_crop_data_batch
[make_crop_data_batch()] make tf_to_crops done
[make_crop_data_batch()] render done
[make_crop_data_batch()] warp done
[make_crop_data_batch()] pose batch data done
[predict()] forward start
[predict()] forward done
[predict()] making cropped data
[make_crop_data_batch()] Welcome make_crop_data_batch
[make_crop_data_batch()] make tf_to_crops done
[make_crop_data_batch()] render done
[make_crop_data_batch()] warp done
[make_crop_data_batch()] pose batch data done
[predict()] forward start
[predict()] forward done
[track_one()] pose done
[178/1005] 000177.png
[track_one()] Welcome
[track_one()] depth processing done
[predict()] ob_in_cams:(1, 4, 4)
[predict()] self.cfg.use_normal:False
[predict()] trans_normalizer:[0.019999999552965164, 0.019999999552965164, 0.05000000074505806], rot_normalizer:0.3490658503988659
[predict()] making cropped data
[make_crop_data_batch()] Welcome make_crop_data_batch
[make_crop_data_batch()] make tf_to_crops done
[make_crop_data_batch()] render done
[make_crop_data_batch()] warp done
[make_crop_data_batch()] pose batch data done
[predict()] forward start
[predict()] forward done
[predict()] making cropped data
[make_crop_data_batch()] Welcome make_crop_data_batch
[make_crop_data_batch()] make tf_to_crops done
[make_crop_data_batch()] render done
[make_crop_data_batch()] warp done
[make_crop_data_batch()] pose batch data done
[predict()] forward start
[predict()] forward done
[track_one()] pose done
[179/1005] 000178.png
[track_one()] Welcome
[track_one()] depth processing done
[predict()] ob_in_cams:(1, 4, 4)
[predict()] self.cfg.use_normal:False
[predict()] trans_normalizer:[0.019999999552965164, 0.019999999552965164, 0.05000000074505806], rot_normalizer:0.3490658503988659
[predict()] making cropped data
[make_crop_data_batch()] Welcome make_crop_data_batch
[make_crop_data_batch()] make tf_to_crops done
[make_crop_data_batch()] render done
[make_crop_data_batch()] warp done
[make_crop_data_batch()] pose batch data done
[predict()] forward start
[predict()] forward done
[predict()] making cropped data
[make_crop_data_batch()] Welcome make_crop_data_batch
[make_crop_data_batch()] make tf_to_crops done
[make_crop_data_batch()] render done
[make_crop_data_batch()] warp done
[make_crop_data_batch()] pose batch data done
[predict()] forward start
[predict()] forward done
[track_one()] pose done
[180/1005] 000179.png
[track_one()] Welcome
[track_one()] depth processing done
[predict()] ob_in_cams:(1, 4, 4)
[predict()] self.cfg.use_normal:False
[predict()] trans_normalizer:[0.019999999552965164, 0.019999999552965164, 0.05000000074505806], rot_normalizer:0.3490658503988659
[predict()] making cropped data
[make_crop_data_batch()] Welcome make_crop_data_batch
[make_crop_data_batch()] make tf_to_crops done
[make_crop_data_batch()] render done
[make_crop_data_batch()] warp done
[make_crop_data_batch()] pose batch data done
[predict()] forward start
[predict()] forward done
[predict()] making cropped data
[make_crop_data_batch()] Welcome make_crop_data_batch
[make_crop_data_batch()] make tf_to_crops done
[make_crop_data_batch()] render done
[make_crop_data_batch()] warp done
[make_crop_data_batch()] pose batch data done
[predict()] forward start
[predict()] forward done
[track_one()] pose done
[181/1005] 000180.png
[track_one()] Welcome
[track_one()] depth processing done
[predict()] ob_in_cams:(1, 4, 4)
[predict()] self.cfg.use_normal:False
[predict()] trans_normalizer:[0.019999999552965164, 0.019999999552965164, 0.05000000074505806], rot_normalizer:0.3490658503988659
[predict()] making cropped data
[make_crop_data_batch()] Welcome make_crop_data_batch
[make_crop_data_batch()] make tf_to_crops done
[make_crop_data_batch()] render done
[make_crop_data_batch()] warp done
[make_crop_data_batch()] pose batch data done
[predict()] forward start
[predict()] forward done
[predict()] making cropped data
[make_crop_data_batch()] Welcome make_crop_data_batch
[make_crop_data_batch()] make tf_to_crops done
[make_crop_data_batch()] render done
[make_crop_data_batch()] warp done
[make_crop_data_batch()] pose batch data done
[predict()] forward start
[predict()] forward done
[track_one()] pose done
[182/1005] 000181.png
[track_one()] Welcome
[track_one()] depth processing done
[predict()] ob_in_cams:(1, 4, 4)
[predict()] self.cfg.use_normal:False
[predict()] trans_normalizer:[0.019999999552965164, 0.019999999552965164, 0.05000000074505806], rot_normalizer:0.3490658503988659
[predict()] making cropped data
[make_crop_data_batch()] Welcome make_crop_data_batch
[make_crop_data_batch()] make tf_to_crops done
[make_crop_data_batch()] render done
[make_crop_data_batch()] warp done
[make_crop_data_batch()] pose batch data done
[predict()] forward start
[predict()] forward done
[predict()] making cropped data
[make_crop_data_batch()] Welcome make_crop_data_batch
[make_crop_data_batch()] make tf_to_crops done
[make_crop_data_batch()] render done
[make_crop_data_batch()] warp done
[make_crop_data_batch()] pose batch data done
[predict()] forward start
[predict()] forward done
[track_one()] pose done
[183/1005] 000182.png
[track_one()] Welcome
[track_one()] depth processing done
[predict()] ob_in_cams:(1, 4, 4)
[predict()] self.cfg.use_normal:False
[predict()] trans_normalizer:[0.019999999552965164, 0.019999999552965164, 0.05000000074505806], rot_normalizer:0.3490658503988659
[predict()] making cropped data
[make_crop_data_batch()] Welcome make_crop_data_batch
[make_crop_data_batch()] make tf_to_crops done
[make_crop_data_batch()] render done
[make_crop_data_batch()] warp done
[make_crop_data_batch()] pose batch data done
[predict()] forward start
[predict()] forward done
[predict()] making cropped data
[make_crop_data_batch()] Welcome make_crop_data_batch
[make_crop_data_batch()] make tf_to_crops done
[make_crop_data_batch()] render done
[make_crop_data_batch()] warp done
[make_crop_data_batch()] pose batch data done
[predict()] forward start
[predict()] forward done
[track_one()] pose done
[184/1005] 000183.png
[track_one()] Welcome
[track_one()] depth processing done
[predict()] ob_in_cams:(1, 4, 4)
[predict()] self.cfg.use_normal:False
[predict()] trans_normalizer:[0.019999999552965164, 0.019999999552965164, 0.05000000074505806], rot_normalizer:0.3490658503988659
[predict()] making cropped data
[make_crop_data_batch()] Welcome make_crop_data_batch
[make_crop_data_batch()] make tf_to_crops done
[make_crop_data_batch()] render done
[make_crop_data_batch()] warp done
[make_crop_data_batch()] pose batch data done
[predict()] forward start
[predict()] forward done
[predict()] making cropped data
[make_crop_data_batch()] Welcome make_crop_data_batch
[make_crop_data_batch()] make tf_to_crops done
[make_crop_data_batch()] render done
[make_crop_data_batch()] warp done
[make_crop_data_batch()] pose batch data done
[predict()] forward start
[predict()] forward done
[track_one()] pose done
[185/1005] 000184.png
[track_one()] Welcome
[track_one()] depth processing done
[predict()] ob_in_cams:(1, 4, 4)
[predict()] self.cfg.use_normal:False
[predict()] trans_normalizer:[0.019999999552965164, 0.019999999552965164, 0.05000000074505806], rot_normalizer:0.3490658503988659
[predict()] making cropped data
[make_crop_data_batch()] Welcome make_crop_data_batch
[make_crop_data_batch()] make tf_to_crops done
[make_crop_data_batch()] render done
[make_crop_data_batch()] warp done
[make_crop_data_batch()] pose batch data done
[predict()] forward start
[predict()] forward done
[predict()] making cropped data
[make_crop_data_batch()] Welcome make_crop_data_batch
[make_crop_data_batch()] make tf_to_crops done
[make_crop_data_batch()] render done
[make_crop_data_batch()] warp done
[make_crop_data_batch()] pose batch data done
[predict()] forward start
[predict()] forward done
[track_one()] pose done
[186/1005] 000185.png
[track_one()] Welcome
[track_one()] depth processing done
[predict()] ob_in_cams:(1, 4, 4)
[predict()] self.cfg.use_normal:False
[predict()] trans_normalizer:[0.019999999552965164, 0.019999999552965164, 0.05000000074505806], rot_normalizer:0.3490658503988659
[predict()] making cropped data
[make_crop_data_batch()] Welcome make_crop_data_batch
[make_crop_data_batch()] make tf_to_crops done
[make_crop_data_batch()] render done
[make_crop_data_batch()] warp done
[make_crop_data_batch()] pose batch data done
[predict()] forward start
[predict()] forward done
[predict()] making cropped data
[make_crop_data_batch()] Welcome make_crop_data_batch
[make_crop_data_batch()] make tf_to_crops done
[make_crop_data_batch()] render done
[make_crop_data_batch()] warp done
[make_crop_data_batch()] pose batch data done
[predict()] forward start
[predict()] forward done
[track_one()] pose done
[187/1005] 000186.png
[track_one()] Welcome
[track_one()] depth processing done
[predict()] ob_in_cams:(1, 4, 4)
[predict()] self.cfg.use_normal:False
[predict()] trans_normalizer:[0.019999999552965164, 0.019999999552965164, 0.05000000074505806], rot_normalizer:0.3490658503988659
[predict()] making cropped data
[make_crop_data_batch()] Welcome make_crop_data_batch
[make_crop_data_batch()] make tf_to_crops done
[make_crop_data_batch()] render done
[make_crop_data_batch()] warp done
[make_crop_data_batch()] pose batch data done
[predict()] forward start
[predict()] forward done
[predict()] making cropped data
[make_crop_data_batch()] Welcome make_crop_data_batch
[make_crop_data_batch()] make tf_to_crops done
[make_crop_data_batch()] render done
[make_crop_data_batch()] warp done
[make_crop_data_batch()] pose batch data done
[predict()] forward start
[predict()] forward done
[track_one()] pose done
[188/1005] 000187.png
[track_one()] Welcome
[track_one()] depth processing done
[predict()] ob_in_cams:(1, 4, 4)
[predict()] self.cfg.use_normal:False
[predict()] trans_normalizer:[0.019999999552965164, 0.019999999552965164, 0.05000000074505806], rot_normalizer:0.3490658503988659
[predict()] making cropped data
[make_crop_data_batch()] Welcome make_crop_data_batch
[make_crop_data_batch()] make tf_to_crops done
[make_crop_data_batch()] render done
[make_crop_data_batch()] warp done
[make_crop_data_batch()] pose batch data done
[predict()] forward start
[predict()] forward done
[predict()] making cropped data
[make_crop_data_batch()] Welcome make_crop_data_batch
[make_crop_data_batch()] make tf_to_crops done
[make_crop_data_batch()] render done
[make_crop_data_batch()] warp done
[make_crop_data_batch()] pose batch data done
[predict()] forward start
[predict()] forward done
[track_one()] pose done
[189/1005] 000188.png
[track_one()] Welcome
[track_one()] depth processing done
[predict()] ob_in_cams:(1, 4, 4)
[predict()] self.cfg.use_normal:False
[predict()] trans_normalizer:[0.019999999552965164, 0.019999999552965164, 0.05000000074505806], rot_normalizer:0.3490658503988659
[predict()] making cropped data
[make_crop_data_batch()] Welcome make_crop_data_batch
[make_crop_data_batch()] make tf_to_crops done
[make_crop_data_batch()] render done
[make_crop_data_batch()] warp done
[make_crop_data_batch()] pose batch data done
[predict()] forward start
[predict()] forward done
[predict()] making cropped data
[make_crop_data_batch()] Welcome make_crop_data_batch
[make_crop_data_batch()] make tf_to_crops done
[make_crop_data_batch()] render done
[make_crop_data_batch()] warp done
[make_crop_data_batch()] pose batch data done
[predict()] forward start
[predict()] forward done
[track_one()] pose done
[190/1005] 000189.png
[track_one()] Welcome
[track_one()] depth processing done
[predict()] ob_in_cams:(1, 4, 4)
[predict()] self.cfg.use_normal:False
[predict()] trans_normalizer:[0.019999999552965164, 0.019999999552965164, 0.05000000074505806], rot_normalizer:0.3490658503988659
[predict()] making cropped data
[make_crop_data_batch()] Welcome make_crop_data_batch
[make_crop_data_batch()] make tf_to_crops done
[make_crop_data_batch()] render done
[make_crop_data_batch()] warp done
[make_crop_data_batch()] pose batch data done
[predict()] forward start
[predict()] forward done
[predict()] making cropped data
[make_crop_data_batch()] Welcome make_crop_data_batch
[make_crop_data_batch()] make tf_to_crops done
[make_crop_data_batch()] render done
[make_crop_data_batch()] warp done
[make_crop_data_batch()] pose batch data done
[predict()] forward start
[predict()] forward done
[track_one()] pose done
[191/1005] 000190.png
[track_one()] Welcome
[track_one()] depth processing done
[predict()] ob_in_cams:(1, 4, 4)
[predict()] self.cfg.use_normal:False
[predict()] trans_normalizer:[0.019999999552965164, 0.019999999552965164, 0.05000000074505806], rot_normalizer:0.3490658503988659
[predict()] making cropped data
[make_crop_data_batch()] Welcome make_crop_data_batch
[make_crop_data_batch()] make tf_to_crops done
[make_crop_data_batch()] render done
[make_crop_data_batch()] warp done
[make_crop_data_batch()] pose batch data done
[predict()] forward start
[predict()] forward done
[predict()] making cropped data
[make_crop_data_batch()] Welcome make_crop_data_batch
[make_crop_data_batch()] make tf_to_crops done
[make_crop_data_batch()] render done
[make_crop_data_batch()] warp done
[make_crop_data_batch()] pose batch data done
[predict()] forward start
[predict()] forward done
[track_one()] pose done
[192/1005] 000191.png
[track_one()] Welcome
[track_one()] depth processing done
[predict()] ob_in_cams:(1, 4, 4)
[predict()] self.cfg.use_normal:False
[predict()] trans_normalizer:[0.019999999552965164, 0.019999999552965164, 0.05000000074505806], rot_normalizer:0.3490658503988659
[predict()] making cropped data
[make_crop_data_batch()] Welcome make_crop_data_batch
[make_crop_data_batch()] make tf_to_crops done
[make_crop_data_batch()] render done
[make_crop_data_batch()] warp done
[make_crop_data_batch()] pose batch data done
[predict()] forward start
[predict()] forward done
[predict()] making cropped data
[make_crop_data_batch()] Welcome make_crop_data_batch
[make_crop_data_batch()] make tf_to_crops done
[make_crop_data_batch()] render done
[make_crop_data_batch()] warp done
[make_crop_data_batch()] pose batch data done
[predict()] forward start
[predict()] forward done
[track_one()] pose done
[193/1005] 000192.png
[track_one()] Welcome
[track_one()] depth processing done
[predict()] ob_in_cams:(1, 4, 4)
[predict()] self.cfg.use_normal:False
[predict()] trans_normalizer:[0.019999999552965164, 0.019999999552965164, 0.05000000074505806], rot_normalizer:0.3490658503988659
[predict()] making cropped data
[make_crop_data_batch()] Welcome make_crop_data_batch
[make_crop_data_batch()] make tf_to_crops done
[make_crop_data_batch()] render done
[make_crop_data_batch()] warp done
[make_crop_data_batch()] pose batch data done
[predict()] forward start
[predict()] forward done
[predict()] making cropped data
[make_crop_data_batch()] Welcome make_crop_data_batch
[make_crop_data_batch()] make tf_to_crops done
[make_crop_data_batch()] render done
[make_crop_data_batch()] warp done
[make_crop_data_batch()] pose batch data done
[predict()] forward start
[predict()] forward done
[track_one()] pose done
[194/1005] 000193.png
[track_one()] Welcome
[track_one()] depth processing done
[predict()] ob_in_cams:(1, 4, 4)
[predict()] self.cfg.use_normal:False
[predict()] trans_normalizer:[0.019999999552965164, 0.019999999552965164, 0.05000000074505806], rot_normalizer:0.3490658503988659
[predict()] making cropped data
[make_crop_data_batch()] Welcome make_crop_data_batch
[make_crop_data_batch()] make tf_to_crops done
[make_crop_data_batch()] render done
[make_crop_data_batch()] warp done
[make_crop_data_batch()] pose batch data done
[predict()] forward start
[predict()] forward done
[predict()] making cropped data
[make_crop_data_batch()] Welcome make_crop_data_batch
[make_crop_data_batch()] make tf_to_crops done
[make_crop_data_batch()] render done
[make_crop_data_batch()] warp done
[make_crop_data_batch()] pose batch data done
[predict()] forward start
[predict()] forward done
[track_one()] pose done
[195/1005] 000194.png
[track_one()] Welcome
[track_one()] depth processing done
[predict()] ob_in_cams:(1, 4, 4)
[predict()] self.cfg.use_normal:False
[predict()] trans_normalizer:[0.019999999552965164, 0.019999999552965164, 0.05000000074505806], rot_normalizer:0.3490658503988659
[predict()] making cropped data
[make_crop_data_batch()] Welcome make_crop_data_batch
[make_crop_data_batch()] make tf_to_crops done
[make_crop_data_batch()] render done
[make_crop_data_batch()] warp done
[make_crop_data_batch()] pose batch data done
[predict()] forward start
[predict()] forward done
[predict()] making cropped data
[make_crop_data_batch()] Welcome make_crop_data_batch
[make_crop_data_batch()] make tf_to_crops done
[make_crop_data_batch()] render done
[make_crop_data_batch()] warp done
[make_crop_data_batch()] pose batch data done
[predict()] forward start
[predict()] forward done
[track_one()] pose done
[196/1005] 000195.png
[track_one()] Welcome
[track_one()] depth processing done
[predict()] ob_in_cams:(1, 4, 4)
[predict()] self.cfg.use_normal:False
[predict()] trans_normalizer:[0.019999999552965164, 0.019999999552965164, 0.05000000074505806], rot_normalizer:0.3490658503988659
[predict()] making cropped data
[make_crop_data_batch()] Welcome make_crop_data_batch
[make_crop_data_batch()] make tf_to_crops done
[make_crop_data_batch()] render done
[make_crop_data_batch()] warp done
[make_crop_data_batch()] pose batch data done
[predict()] forward start
[predict()] forward done
[predict()] making cropped data
[make_crop_data_batch()] Welcome make_crop_data_batch
[make_crop_data_batch()] make tf_to_crops done
[make_crop_data_batch()] render done
[make_crop_data_batch()] warp done
[make_crop_data_batch()] pose batch data done
[predict()] forward start
[predict()] forward done
[track_one()] pose done
[197/1005] 000196.png
[track_one()] Welcome
[track_one()] depth processing done
[predict()] ob_in_cams:(1, 4, 4)
[predict()] self.cfg.use_normal:False
[predict()] trans_normalizer:[0.019999999552965164, 0.019999999552965164, 0.05000000074505806], rot_normalizer:0.3490658503988659
[predict()] making cropped data
[make_crop_data_batch()] Welcome make_crop_data_batch
[make_crop_data_batch()] make tf_to_crops done
[make_crop_data_batch()] render done
[make_crop_data_batch()] warp done
[make_crop_data_batch()] pose batch data done
[predict()] forward start
[predict()] forward done
[predict()] making cropped data
[make_crop_data_batch()] Welcome make_crop_data_batch
[make_crop_data_batch()] make tf_to_crops done
[make_crop_data_batch()] render done
[make_crop_data_batch()] warp done
[make_crop_data_batch()] pose batch data done
[predict()] forward start
[predict()] forward done
[track_one()] pose done
[198/1005] 000197.png
[track_one()] Welcome
[track_one()] depth processing done
[predict()] ob_in_cams:(1, 4, 4)
[predict()] self.cfg.use_normal:False
[predict()] trans_normalizer:[0.019999999552965164, 0.019999999552965164, 0.05000000074505806], rot_normalizer:0.3490658503988659
[predict()] making cropped data
[make_crop_data_batch()] Welcome make_crop_data_batch
[make_crop_data_batch()] make tf_to_crops done
[make_crop_data_batch()] render done
[make_crop_data_batch()] warp done
[make_crop_data_batch()] pose batch data done
[predict()] forward start
[predict()] forward done
[predict()] making cropped data
[make_crop_data_batch()] Welcome make_crop_data_batch
[make_crop_data_batch()] make tf_to_crops done
[make_crop_data_batch()] render done
[make_crop_data_batch()] warp done
[make_crop_data_batch()] pose batch data done
[predict()] forward start
[predict()] forward done
[track_one()] pose done
[199/1005] 000198.png
[track_one()] Welcome
[track_one()] depth processing done
[predict()] ob_in_cams:(1, 4, 4)
[predict()] self.cfg.use_normal:False
[predict()] trans_normalizer:[0.019999999552965164, 0.019999999552965164, 0.05000000074505806], rot_normalizer:0.3490658503988659
[predict()] making cropped data
[make_crop_data_batch()] Welcome make_crop_data_batch
[make_crop_data_batch()] make tf_to_crops done
[make_crop_data_batch()] render done
[make_crop_data_batch()] warp done
[make_crop_data_batch()] pose batch data done
[predict()] forward start
[predict()] forward done
[predict()] making cropped data
[make_crop_data_batch()] Welcome make_crop_data_batch
[make_crop_data_batch()] make tf_to_crops done
[make_crop_data_batch()] render done
[make_crop_data_batch()] warp done
[make_crop_data_batch()] pose batch data done
[predict()] forward start
[predict()] forward done
[track_one()] pose done
[200/1005] 000199.png
[track_one()] Welcome
[track_one()] depth processing done
[predict()] ob_in_cams:(1, 4, 4)
[predict()] self.cfg.use_normal:False
[predict()] trans_normalizer:[0.019999999552965164, 0.019999999552965164, 0.05000000074505806], rot_normalizer:0.3490658503988659
[predict()] making cropped data
[make_crop_data_batch()] Welcome make_crop_data_batch
[make_crop_data_batch()] make tf_to_crops done
[make_crop_data_batch()] render done
[make_crop_data_batch()] warp done
[make_crop_data_batch()] pose batch data done
[predict()] forward start
[predict()] forward done
[predict()] making cropped data
[make_crop_data_batch()] Welcome make_crop_data_batch
[make_crop_data_batch()] make tf_to_crops done
[make_crop_data_batch()] render done
[make_crop_data_batch()] warp done
[make_crop_data_batch()] pose batch data done
[predict()] forward start
[predict()] forward done
[track_one()] pose done
[201/1005] 000200.png
[track_one()] Welcome
[track_one()] depth processing done
[predict()] ob_in_cams:(1, 4, 4)
[predict()] self.cfg.use_normal:False
[predict()] trans_normalizer:[0.019999999552965164, 0.019999999552965164, 0.05000000074505806], rot_normalizer:0.3490658503988659
[predict()] making cropped data
[make_crop_data_batch()] Welcome make_crop_data_batch
[make_crop_data_batch()] make tf_to_crops done
[make_crop_data_batch()] render done
[make_crop_data_batch()] warp done
[make_crop_data_batch()] pose batch data done
[predict()] forward start
[predict()] forward done
[predict()] making cropped data
[make_crop_data_batch()] Welcome make_crop_data_batch
[make_crop_data_batch()] make tf_to_crops done
[make_crop_data_batch()] render done
[make_crop_data_batch()] warp done
[make_crop_data_batch()] pose batch data done
[predict()] forward start
[predict()] forward done
[track_one()] pose done
[202/1005] 000201.png
[track_one()] Welcome
[track_one()] depth processing done
[predict()] ob_in_cams:(1, 4, 4)
[predict()] self.cfg.use_normal:False
[predict()] trans_normalizer:[0.019999999552965164, 0.019999999552965164, 0.05000000074505806], rot_normalizer:0.3490658503988659
[predict()] making cropped data
[make_crop_data_batch()] Welcome make_crop_data_batch
[make_crop_data_batch()] make tf_to_crops done
[make_crop_data_batch()] render done
[make_crop_data_batch()] warp done
[make_crop_data_batch()] pose batch data done
[predict()] forward start
[predict()] forward done
[predict()] making cropped data
[make_crop_data_batch()] Welcome make_crop_data_batch
[make_crop_data_batch()] make tf_to_crops done
[make_crop_data_batch()] render done
[make_crop_data_batch()] warp done
[make_crop_data_batch()] pose batch data done
[predict()] forward start
[predict()] forward done
[track_one()] pose done
[203/1005] 000202.png
[track_one()] Welcome
[track_one()] depth processing done
[predict()] ob_in_cams:(1, 4, 4)
[predict()] self.cfg.use_normal:False
[predict()] trans_normalizer:[0.019999999552965164, 0.019999999552965164, 0.05000000074505806], rot_normalizer:0.3490658503988659
[predict()] making cropped data
[make_crop_data_batch()] Welcome make_crop_data_batch
[make_crop_data_batch()] make tf_to_crops done
[make_crop_data_batch()] render done
[make_crop_data_batch()] warp done
[make_crop_data_batch()] pose batch data done
[predict()] forward start
[predict()] forward done
[predict()] making cropped data
[make_crop_data_batch()] Welcome make_crop_data_batch
[make_crop_data_batch()] make tf_to_crops done
[make_crop_data_batch()] render done
[make_crop_data_batch()] warp done
[make_crop_data_batch()] pose batch data done
[predict()] forward start
[predict()] forward done
[track_one()] pose done
[204/1005] 000203.png
[track_one()] Welcome
[track_one()] depth processing done
[predict()] ob_in_cams:(1, 4, 4)
[predict()] self.cfg.use_normal:False
[predict()] trans_normalizer:[0.019999999552965164, 0.019999999552965164, 0.05000000074505806], rot_normalizer:0.3490658503988659
[predict()] making cropped data
[make_crop_data_batch()] Welcome make_crop_data_batch
[make_crop_data_batch()] make tf_to_crops done
[make_crop_data_batch()] render done
[make_crop_data_batch()] warp done
[make_crop_data_batch()] pose batch data done
[predict()] forward start
[predict()] forward done
[predict()] making cropped data
[make_crop_data_batch()] Welcome make_crop_data_batch
[make_crop_data_batch()] make tf_to_crops done
[make_crop_data_batch()] render done
[make_crop_data_batch()] warp done
[make_crop_data_batch()] pose batch data done
[predict()] forward start
[predict()] forward done
[track_one()] pose done
[205/1005] 000204.png
[track_one()] Welcome
[track_one()] depth processing done
[predict()] ob_in_cams:(1, 4, 4)
[predict()] self.cfg.use_normal:False
[predict()] trans_normalizer:[0.019999999552965164, 0.019999999552965164, 0.05000000074505806], rot_normalizer:0.3490658503988659
[predict()] making cropped data
[make_crop_data_batch()] Welcome make_crop_data_batch
[make_crop_data_batch()] make tf_to_crops done
[make_crop_data_batch()] render done
[make_crop_data_batch()] warp done
[make_crop_data_batch()] pose batch data done
[predict()] forward start
[predict()] forward done
[predict()] making cropped data
[make_crop_data_batch()] Welcome make_crop_data_batch
[make_crop_data_batch()] make tf_to_crops done
[make_crop_data_batch()] render done
[make_crop_data_batch()] warp done
[make_crop_data_batch()] pose batch data done
[predict()] forward start
[predict()] forward done
[track_one()] pose done
[206/1005] 000205.png
[track_one()] Welcome
[track_one()] depth processing done
[predict()] ob_in_cams:(1, 4, 4)
[predict()] self.cfg.use_normal:False
[predict()] trans_normalizer:[0.019999999552965164, 0.019999999552965164, 0.05000000074505806], rot_normalizer:0.3490658503988659
[predict()] making cropped data
[make_crop_data_batch()] Welcome make_crop_data_batch
[make_crop_data_batch()] make tf_to_crops done
[make_crop_data_batch()] render done
[make_crop_data_batch()] warp done
[make_crop_data_batch()] pose batch data done
[predict()] forward start
[predict()] forward done
[predict()] making cropped data
[make_crop_data_batch()] Welcome make_crop_data_batch
[make_crop_data_batch()] make tf_to_crops done
[make_crop_data_batch()] render done
[make_crop_data_batch()] warp done
[make_crop_data_batch()] pose batch data done
[predict()] forward start
[predict()] forward done
[track_one()] pose done
[207/1005] 000206.png
[track_one()] Welcome
[track_one()] depth processing done
[predict()] ob_in_cams:(1, 4, 4)
[predict()] self.cfg.use_normal:False
[predict()] trans_normalizer:[0.019999999552965164, 0.019999999552965164, 0.05000000074505806], rot_normalizer:0.3490658503988659
[predict()] making cropped data
[make_crop_data_batch()] Welcome make_crop_data_batch
[make_crop_data_batch()] make tf_to_crops done
[make_crop_data_batch()] render done
[make_crop_data_batch()] warp done
[make_crop_data_batch()] pose batch data done
[predict()] forward start
[predict()] forward done
[predict()] making cropped data
[make_crop_data_batch()] Welcome make_crop_data_batch
[make_crop_data_batch()] make tf_to_crops done
[make_crop_data_batch()] render done
[make_crop_data_batch()] warp done
[make_crop_data_batch()] pose batch data done
[predict()] forward start
[predict()] forward done
[track_one()] pose done
[208/1005] 000207.png
[track_one()] Welcome
[track_one()] depth processing done
[predict()] ob_in_cams:(1, 4, 4)
[predict()] self.cfg.use_normal:False
[predict()] trans_normalizer:[0.019999999552965164, 0.019999999552965164, 0.05000000074505806], rot_normalizer:0.3490658503988659
[predict()] making cropped data
[make_crop_data_batch()] Welcome make_crop_data_batch
[make_crop_data_batch()] make tf_to_crops done
[make_crop_data_batch()] render done
[make_crop_data_batch()] warp done
[make_crop_data_batch()] pose batch data done
[predict()] forward start
[predict()] forward done
[predict()] making cropped data
[make_crop_data_batch()] Welcome make_crop_data_batch
[make_crop_data_batch()] make tf_to_crops done
[make_crop_data_batch()] render done
[make_crop_data_batch()] warp done
[make_crop_data_batch()] pose batch data done
[predict()] forward start
[predict()] forward done
[track_one()] pose done
[209/1005] 000208.png
[track_one()] Welcome
[track_one()] depth processing done
[predict()] ob_in_cams:(1, 4, 4)
[predict()] self.cfg.use_normal:False
[predict()] trans_normalizer:[0.019999999552965164, 0.019999999552965164, 0.05000000074505806], rot_normalizer:0.3490658503988659
[predict()] making cropped data
[make_crop_data_batch()] Welcome make_crop_data_batch
[make_crop_data_batch()] make tf_to_crops done
[make_crop_data_batch()] render done
[make_crop_data_batch()] warp done
[make_crop_data_batch()] pose batch data done
[predict()] forward start
[predict()] forward done
[predict()] making cropped data
[make_crop_data_batch()] Welcome make_crop_data_batch
[make_crop_data_batch()] make tf_to_crops done
[make_crop_data_batch()] render done
[make_crop_data_batch()] warp done
[make_crop_data_batch()] pose batch data done
[predict()] forward start
[predict()] forward done
[track_one()] pose done
[210/1005] 000209.png
[track_one()] Welcome
[track_one()] depth processing done
[predict()] ob_in_cams:(1, 4, 4)
[predict()] self.cfg.use_normal:False
[predict()] trans_normalizer:[0.019999999552965164, 0.019999999552965164, 0.05000000074505806], rot_normalizer:0.3490658503988659
[predict()] making cropped data
[make_crop_data_batch()] Welcome make_crop_data_batch
[make_crop_data_batch()] make tf_to_crops done
[make_crop_data_batch()] render done
[make_crop_data_batch()] warp done
[make_crop_data_batch()] pose batch data done
[predict()] forward start
[predict()] forward done
[predict()] making cropped data
[make_crop_data_batch()] Welcome make_crop_data_batch
[make_crop_data_batch()] make tf_to_crops done
[make_crop_data_batch()] render done
[make_crop_data_batch()] warp done
[make_crop_data_batch()] pose batch data done
[predict()] forward start
[predict()] forward done
[track_one()] pose done
[211/1005] 000210.png
[track_one()] Welcome
[track_one()] depth processing done
[predict()] ob_in_cams:(1, 4, 4)
[predict()] self.cfg.use_normal:False
[predict()] trans_normalizer:[0.019999999552965164, 0.019999999552965164, 0.05000000074505806], rot_normalizer:0.3490658503988659
[predict()] making cropped data
[make_crop_data_batch()] Welcome make_crop_data_batch
[make_crop_data_batch()] make tf_to_crops done
[make_crop_data_batch()] render done
[make_crop_data_batch()] warp done
[make_crop_data_batch()] pose batch data done
[predict()] forward start
[predict()] forward done
[predict()] making cropped data
[make_crop_data_batch()] Welcome make_crop_data_batch
[make_crop_data_batch()] make tf_to_crops done
[make_crop_data_batch()] render done
[make_crop_data_batch()] warp done
[make_crop_data_batch()] pose batch data done
[predict()] forward start
[predict()] forward done
[track_one()] pose done
[212/1005] 000211.png
[track_one()] Welcome
[track_one()] depth processing done
[predict()] ob_in_cams:(1, 4, 4)
[predict()] self.cfg.use_normal:False
[predict()] trans_normalizer:[0.019999999552965164, 0.019999999552965164, 0.05000000074505806], rot_normalizer:0.3490658503988659
[predict()] making cropped data
[make_crop_data_batch()] Welcome make_crop_data_batch
[make_crop_data_batch()] make tf_to_crops done
[make_crop_data_batch()] render done
[make_crop_data_batch()] warp done
[make_crop_data_batch()] pose batch data done
[predict()] forward start
[predict()] forward done
[predict()] making cropped data
[make_crop_data_batch()] Welcome make_crop_data_batch
[make_crop_data_batch()] make tf_to_crops done
[make_crop_data_batch()] render done
[make_crop_data_batch()] warp done
[make_crop_data_batch()] pose batch data done
[predict()] forward start
[predict()] forward done
[track_one()] pose done
[213/1005] 000212.png
[track_one()] Welcome
[track_one()] depth processing done
[predict()] ob_in_cams:(1, 4, 4)
[predict()] self.cfg.use_normal:False
[predict()] trans_normalizer:[0.019999999552965164, 0.019999999552965164, 0.05000000074505806], rot_normalizer:0.3490658503988659
[predict()] making cropped data
[make_crop_data_batch()] Welcome make_crop_data_batch
[make_crop_data_batch()] make tf_to_crops done
[make_crop_data_batch()] render done
[make_crop_data_batch()] warp done
[make_crop_data_batch()] pose batch data done
[predict()] forward start
[predict()] forward done
[predict()] making cropped data
[make_crop_data_batch()] Welcome make_crop_data_batch
[make_crop_data_batch()] make tf_to_crops done
[make_crop_data_batch()] render done
[make_crop_data_batch()] warp done
[make_crop_data_batch()] pose batch data done
[predict()] forward start
[predict()] forward done
[track_one()] pose done
[214/1005] 000213.png
[track_one()] Welcome
[track_one()] depth processing done
[predict()] ob_in_cams:(1, 4, 4)
[predict()] self.cfg.use_normal:False
[predict()] trans_normalizer:[0.019999999552965164, 0.019999999552965164, 0.05000000074505806], rot_normalizer:0.3490658503988659
[predict()] making cropped data
[make_crop_data_batch()] Welcome make_crop_data_batch
[make_crop_data_batch()] make tf_to_crops done
[make_crop_data_batch()] render done
[make_crop_data_batch()] warp done
[make_crop_data_batch()] pose batch data done
[predict()] forward start
[predict()] forward done
[predict()] making cropped data
[make_crop_data_batch()] Welcome make_crop_data_batch
[make_crop_data_batch()] make tf_to_crops done
[make_crop_data_batch()] render done
[make_crop_data_batch()] warp done
[make_crop_data_batch()] pose batch data done
[predict()] forward start
[predict()] forward done
[track_one()] pose done
[215/1005] 000214.png
[track_one()] Welcome
[track_one()] depth processing done
[predict()] ob_in_cams:(1, 4, 4)
[predict()] self.cfg.use_normal:False
[predict()] trans_normalizer:[0.019999999552965164, 0.019999999552965164, 0.05000000074505806], rot_normalizer:0.3490658503988659
[predict()] making cropped data
[make_crop_data_batch()] Welcome make_crop_data_batch
[make_crop_data_batch()] make tf_to_crops done
[make_crop_data_batch()] render done
[make_crop_data_batch()] warp done
[make_crop_data_batch()] pose batch data done
[predict()] forward start
[predict()] forward done
[predict()] making cropped data
[make_crop_data_batch()] Welcome make_crop_data_batch
[make_crop_data_batch()] make tf_to_crops done
[make_crop_data_batch()] render done
[make_crop_data_batch()] warp done
[make_crop_data_batch()] pose batch data done
[predict()] forward start
[predict()] forward done
[track_one()] pose done
[216/1005] 000215.png
[track_one()] Welcome
[track_one()] depth processing done
[predict()] ob_in_cams:(1, 4, 4)
[predict()] self.cfg.use_normal:False
[predict()] trans_normalizer:[0.019999999552965164, 0.019999999552965164, 0.05000000074505806], rot_normalizer:0.3490658503988659
[predict()] making cropped data
[make_crop_data_batch()] Welcome make_crop_data_batch
[make_crop_data_batch()] make tf_to_crops done
[make_crop_data_batch()] render done
[make_crop_data_batch()] warp done
[make_crop_data_batch()] pose batch data done
[predict()] forward start
[predict()] forward done
[predict()] making cropped data
[make_crop_data_batch()] Welcome make_crop_data_batch
[make_crop_data_batch()] make tf_to_crops done
[make_crop_data_batch()] render done
[make_crop_data_batch()] warp done
[make_crop_data_batch()] pose batch data done
[predict()] forward start
[predict()] forward done
[track_one()] pose done
[217/1005] 000216.png
[track_one()] Welcome
[track_one()] depth processing done
[predict()] ob_in_cams:(1, 4, 4)
[predict()] self.cfg.use_normal:False
[predict()] trans_normalizer:[0.019999999552965164, 0.019999999552965164, 0.05000000074505806], rot_normalizer:0.3490658503988659
[predict()] making cropped data
[make_crop_data_batch()] Welcome make_crop_data_batch
[make_crop_data_batch()] make tf_to_crops done
[make_crop_data_batch()] render done
[make_crop_data_batch()] warp done
[make_crop_data_batch()] pose batch data done
[predict()] forward start
[predict()] forward done
[predict()] making cropped data
[make_crop_data_batch()] Welcome make_crop_data_batch
[make_crop_data_batch()] make tf_to_crops done
[make_crop_data_batch()] render done
[make_crop_data_batch()] warp done
[make_crop_data_batch()] pose batch data done
[predict()] forward start
[predict()] forward done
[track_one()] pose done
[218/1005] 000217.png
[track_one()] Welcome
[track_one()] depth processing done
[predict()] ob_in_cams:(1, 4, 4)
[predict()] self.cfg.use_normal:False
[predict()] trans_normalizer:[0.019999999552965164, 0.019999999552965164, 0.05000000074505806], rot_normalizer:0.3490658503988659
[predict()] making cropped data
[make_crop_data_batch()] Welcome make_crop_data_batch
[make_crop_data_batch()] make tf_to_crops done
[make_crop_data_batch()] render done
[make_crop_data_batch()] warp done
[make_crop_data_batch()] pose batch data done
[predict()] forward start
[predict()] forward done
[predict()] making cropped data
[make_crop_data_batch()] Welcome make_crop_data_batch
[make_crop_data_batch()] make tf_to_crops done
[make_crop_data_batch()] render done
[make_crop_data_batch()] warp done
[make_crop_data_batch()] pose batch data done
[predict()] forward start
[predict()] forward done
[track_one()] pose done
[219/1005] 000218.png
[track_one()] Welcome
[track_one()] depth processing done
[predict()] ob_in_cams:(1, 4, 4)
[predict()] self.cfg.use_normal:False
[predict()] trans_normalizer:[0.019999999552965164, 0.019999999552965164, 0.05000000074505806], rot_normalizer:0.3490658503988659
[predict()] making cropped data
[make_crop_data_batch()] Welcome make_crop_data_batch
[make_crop_data_batch()] make tf_to_crops done
[make_crop_data_batch()] render done
[make_crop_data_batch()] warp done
[make_crop_data_batch()] pose batch data done
[predict()] forward start
[predict()] forward done
[predict()] making cropped data
[make_crop_data_batch()] Welcome make_crop_data_batch
[make_crop_data_batch()] make tf_to_crops done
[make_crop_data_batch()] render done
[make_crop_data_batch()] warp done
[make_crop_data_batch()] pose batch data done
[predict()] forward start
[predict()] forward done
[track_one()] pose done
[220/1005] 000219.png
[track_one()] Welcome
[track_one()] depth processing done
[predict()] ob_in_cams:(1, 4, 4)
[predict()] self.cfg.use_normal:False
[predict()] trans_normalizer:[0.019999999552965164, 0.019999999552965164, 0.05000000074505806], rot_normalizer:0.3490658503988659
[predict()] making cropped data
[make_crop_data_batch()] Welcome make_crop_data_batch
[make_crop_data_batch()] make tf_to_crops done
[make_crop_data_batch()] render done
[make_crop_data_batch()] warp done
[make_crop_data_batch()] pose batch data done
[predict()] forward start
[predict()] forward done
[predict()] making cropped data
[make_crop_data_batch()] Welcome make_crop_data_batch
[make_crop_data_batch()] make tf_to_crops done
[make_crop_data_batch()] render done
[make_crop_data_batch()] warp done
[make_crop_data_batch()] pose batch data done
[predict()] forward start
[predict()] forward done
[track_one()] pose done
[221/1005] 000220.png
[track_one()] Welcome
[track_one()] depth processing done
[predict()] ob_in_cams:(1, 4, 4)
[predict()] self.cfg.use_normal:False
[predict()] trans_normalizer:[0.019999999552965164, 0.019999999552965164, 0.05000000074505806], rot_normalizer:0.3490658503988659
[predict()] making cropped data
[make_crop_data_batch()] Welcome make_crop_data_batch
[make_crop_data_batch()] make tf_to_crops done
[make_crop_data_batch()] render done
[make_crop_data_batch()] warp done
[make_crop_data_batch()] pose batch data done
[predict()] forward start
[predict()] forward done
[predict()] making cropped data
[make_crop_data_batch()] Welcome make_crop_data_batch
[make_crop_data_batch()] make tf_to_crops done
[make_crop_data_batch()] render done
[make_crop_data_batch()] warp done
[make_crop_data_batch()] pose batch data done
[predict()] forward start
[predict()] forward done
[track_one()] pose done
[222/1005] 000221.png
[track_one()] Welcome
[track_one()] depth processing done
[predict()] ob_in_cams:(1, 4, 4)
[predict()] self.cfg.use_normal:False
[predict()] trans_normalizer:[0.019999999552965164, 0.019999999552965164, 0.05000000074505806], rot_normalizer:0.3490658503988659
[predict()] making cropped data
[make_crop_data_batch()] Welcome make_crop_data_batch
[make_crop_data_batch()] make tf_to_crops done
[make_crop_data_batch()] render done
[make_crop_data_batch()] warp done
[make_crop_data_batch()] pose batch data done
[predict()] forward start
[predict()] forward done
[predict()] making cropped data
[make_crop_data_batch()] Welcome make_crop_data_batch
[make_crop_data_batch()] make tf_to_crops done
[make_crop_data_batch()] render done
[make_crop_data_batch()] warp done
[make_crop_data_batch()] pose batch data done
[predict()] forward start
[predict()] forward done
[track_one()] pose done
[223/1005] 000222.png
[track_one()] Welcome
[track_one()] depth processing done
[predict()] ob_in_cams:(1, 4, 4)
[predict()] self.cfg.use_normal:False
[predict()] trans_normalizer:[0.019999999552965164, 0.019999999552965164, 0.05000000074505806], rot_normalizer:0.3490658503988659
[predict()] making cropped data
[make_crop_data_batch()] Welcome make_crop_data_batch
[make_crop_data_batch()] make tf_to_crops done
[make_crop_data_batch()] render done
[make_crop_data_batch()] warp done
[make_crop_data_batch()] pose batch data done
[predict()] forward start
[predict()] forward done
[predict()] making cropped data
[make_crop_data_batch()] Welcome make_crop_data_batch
[make_crop_data_batch()] make tf_to_crops done
[make_crop_data_batch()] render done
[make_crop_data_batch()] warp done
[make_crop_data_batch()] pose batch data done
[predict()] forward start
[predict()] forward done
[track_one()] pose done
[224/1005] 000223.png
[track_one()] Welcome
[track_one()] depth processing done
[predict()] ob_in_cams:(1, 4, 4)
[predict()] self.cfg.use_normal:False
[predict()] trans_normalizer:[0.019999999552965164, 0.019999999552965164, 0.05000000074505806], rot_normalizer:0.3490658503988659
[predict()] making cropped data
[make_crop_data_batch()] Welcome make_crop_data_batch
[make_crop_data_batch()] make tf_to_crops done
[make_crop_data_batch()] render done
[make_crop_data_batch()] warp done
[make_crop_data_batch()] pose batch data done
[predict()] forward start
[predict()] forward done
[predict()] making cropped data
[make_crop_data_batch()] Welcome make_crop_data_batch
[make_crop_data_batch()] make tf_to_crops done
[make_crop_data_batch()] render done
[make_crop_data_batch()] warp done
[make_crop_data_batch()] pose batch data done
[predict()] forward start
[predict()] forward done
[track_one()] pose done
[225/1005] 000224.png
[track_one()] Welcome
[track_one()] depth processing done
[predict()] ob_in_cams:(1, 4, 4)
[predict()] self.cfg.use_normal:False
[predict()] trans_normalizer:[0.019999999552965164, 0.019999999552965164, 0.05000000074505806], rot_normalizer:0.3490658503988659
[predict()] making cropped data
[make_crop_data_batch()] Welcome make_crop_data_batch
[make_crop_data_batch()] make tf_to_crops done
[make_crop_data_batch()] render done
[make_crop_data_batch()] warp done
[make_crop_data_batch()] pose batch data done
[predict()] forward start
[predict()] forward done
[predict()] making cropped data
[make_crop_data_batch()] Welcome make_crop_data_batch
[make_crop_data_batch()] make tf_to_crops done
[make_crop_data_batch()] render done
[make_crop_data_batch()] warp done
[make_crop_data_batch()] pose batch data done
[predict()] forward start
[predict()] forward done
[track_one()] pose done
[226/1005] 000225.png
[track_one()] Welcome
[track_one()] depth processing done
[predict()] ob_in_cams:(1, 4, 4)
[predict()] self.cfg.use_normal:False
[predict()] trans_normalizer:[0.019999999552965164, 0.019999999552965164, 0.05000000074505806], rot_normalizer:0.3490658503988659
[predict()] making cropped data
[make_crop_data_batch()] Welcome make_crop_data_batch
[make_crop_data_batch()] make tf_to_crops done
[make_crop_data_batch()] render done
[make_crop_data_batch()] warp done
[make_crop_data_batch()] pose batch data done
[predict()] forward start
[predict()] forward done
[predict()] making cropped data
[make_crop_data_batch()] Welcome make_crop_data_batch
[make_crop_data_batch()] make tf_to_crops done
[make_crop_data_batch()] render done
[make_crop_data_batch()] warp done
[make_crop_data_batch()] pose batch data done
[predict()] forward start
[predict()] forward done
[track_one()] pose done
[227/1005] 000226.png
[track_one()] Welcome
[track_one()] depth processing done
[predict()] ob_in_cams:(1, 4, 4)
[predict()] self.cfg.use_normal:False
[predict()] trans_normalizer:[0.019999999552965164, 0.019999999552965164, 0.05000000074505806], rot_normalizer:0.3490658503988659
[predict()] making cropped data
[make_crop_data_batch()] Welcome make_crop_data_batch
[make_crop_data_batch()] make tf_to_crops done
[make_crop_data_batch()] render done
[make_crop_data_batch()] warp done
[make_crop_data_batch()] pose batch data done
[predict()] forward start
[predict()] forward done
[predict()] making cropped data
[make_crop_data_batch()] Welcome make_crop_data_batch
[make_crop_data_batch()] make tf_to_crops done
[make_crop_data_batch()] render done
[make_crop_data_batch()] warp done
[make_crop_data_batch()] pose batch data done
[predict()] forward start
[predict()] forward done
[track_one()] pose done
[228/1005] 000227.png
[track_one()] Welcome
[track_one()] depth processing done
[predict()] ob_in_cams:(1, 4, 4)
[predict()] self.cfg.use_normal:False
[predict()] trans_normalizer:[0.019999999552965164, 0.019999999552965164, 0.05000000074505806], rot_normalizer:0.3490658503988659
[predict()] making cropped data
[make_crop_data_batch()] Welcome make_crop_data_batch
[make_crop_data_batch()] make tf_to_crops done
[make_crop_data_batch()] render done
[make_crop_data_batch()] warp done
[make_crop_data_batch()] pose batch data done
[predict()] forward start
[predict()] forward done
[predict()] making cropped data
[make_crop_data_batch()] Welcome make_crop_data_batch
[make_crop_data_batch()] make tf_to_crops done
[make_crop_data_batch()] render done
[make_crop_data_batch()] warp done
[make_crop_data_batch()] pose batch data done
[predict()] forward start
[predict()] forward done
[track_one()] pose done
[229/1005] 000228.png
[track_one()] Welcome
[track_one()] depth processing done
[predict()] ob_in_cams:(1, 4, 4)
[predict()] self.cfg.use_normal:False
[predict()] trans_normalizer:[0.019999999552965164, 0.019999999552965164, 0.05000000074505806], rot_normalizer:0.3490658503988659
[predict()] making cropped data
[make_crop_data_batch()] Welcome make_crop_data_batch
[make_crop_data_batch()] make tf_to_crops done
[make_crop_data_batch()] render done
[make_crop_data_batch()] warp done
[make_crop_data_batch()] pose batch data done
[predict()] forward start
[predict()] forward done
[predict()] making cropped data
[make_crop_data_batch()] Welcome make_crop_data_batch
[make_crop_data_batch()] make tf_to_crops done
[make_crop_data_batch()] render done
[make_crop_data_batch()] warp done
[make_crop_data_batch()] pose batch data done
[predict()] forward start
[predict()] forward done
[track_one()] pose done
[230/1005] 000229.png
[track_one()] Welcome
[track_one()] depth processing done
[predict()] ob_in_cams:(1, 4, 4)
[predict()] self.cfg.use_normal:False
[predict()] trans_normalizer:[0.019999999552965164, 0.019999999552965164, 0.05000000074505806], rot_normalizer:0.3490658503988659
[predict()] making cropped data
[make_crop_data_batch()] Welcome make_crop_data_batch
[make_crop_data_batch()] make tf_to_crops done
[make_crop_data_batch()] render done
[make_crop_data_batch()] warp done
[make_crop_data_batch()] pose batch data done
[predict()] forward start
[predict()] forward done
[predict()] making cropped data
[make_crop_data_batch()] Welcome make_crop_data_batch
[make_crop_data_batch()] make tf_to_crops done
[make_crop_data_batch()] render done
[make_crop_data_batch()] warp done
[make_crop_data_batch()] pose batch data done
[predict()] forward start
[predict()] forward done
[track_one()] pose done
[231/1005] 000230.png
[track_one()] Welcome
[track_one()] depth processing done
[predict()] ob_in_cams:(1, 4, 4)
[predict()] self.cfg.use_normal:False
[predict()] trans_normalizer:[0.019999999552965164, 0.019999999552965164, 0.05000000074505806], rot_normalizer:0.3490658503988659
[predict()] making cropped data
[make_crop_data_batch()] Welcome make_crop_data_batch
[make_crop_data_batch()] make tf_to_crops done
[make_crop_data_batch()] render done
[make_crop_data_batch()] warp done
[make_crop_data_batch()] pose batch data done
[predict()] forward start
[predict()] forward done
[predict()] making cropped data
[make_crop_data_batch()] Welcome make_crop_data_batch
[make_crop_data_batch()] make tf_to_crops done
[make_crop_data_batch()] render done
[make_crop_data_batch()] warp done
[make_crop_data_batch()] pose batch data done
[predict()] forward start
[predict()] forward done
[track_one()] pose done
[232/1005] 000231.png
[track_one()] Welcome
[track_one()] depth processing done
[predict()] ob_in_cams:(1, 4, 4)
[predict()] self.cfg.use_normal:False
[predict()] trans_normalizer:[0.019999999552965164, 0.019999999552965164, 0.05000000074505806], rot_normalizer:0.3490658503988659
[predict()] making cropped data
[make_crop_data_batch()] Welcome make_crop_data_batch
[make_crop_data_batch()] make tf_to_crops done
[make_crop_data_batch()] render done
[make_crop_data_batch()] warp done
[make_crop_data_batch()] pose batch data done
[predict()] forward start
[predict()] forward done
[predict()] making cropped data
[make_crop_data_batch()] Welcome make_crop_data_batch
[make_crop_data_batch()] make tf_to_crops done
[make_crop_data_batch()] render done
[make_crop_data_batch()] warp done
[make_crop_data_batch()] pose batch data done
[predict()] forward start
[predict()] forward done
[track_one()] pose done
[233/1005] 000232.png
[track_one()] Welcome
[track_one()] depth processing done
[predict()] ob_in_cams:(1, 4, 4)
[predict()] self.cfg.use_normal:False
[predict()] trans_normalizer:[0.019999999552965164, 0.019999999552965164, 0.05000000074505806], rot_normalizer:0.3490658503988659
[predict()] making cropped data
[make_crop_data_batch()] Welcome make_crop_data_batch
[make_crop_data_batch()] make tf_to_crops done
[make_crop_data_batch()] render done
[make_crop_data_batch()] warp done
[make_crop_data_batch()] pose batch data done
[predict()] forward start
[predict()] forward done
[predict()] making cropped data
[make_crop_data_batch()] Welcome make_crop_data_batch
[make_crop_data_batch()] make tf_to_crops done
[make_crop_data_batch()] render done
[make_crop_data_batch()] warp done
[make_crop_data_batch()] pose batch data done
[predict()] forward start
[predict()] forward done
[track_one()] pose done
[234/1005] 000233.png
[track_one()] Welcome
[track_one()] depth processing done
[predict()] ob_in_cams:(1, 4, 4)
[predict()] self.cfg.use_normal:False
[predict()] trans_normalizer:[0.019999999552965164, 0.019999999552965164, 0.05000000074505806], rot_normalizer:0.3490658503988659
[predict()] making cropped data
[make_crop_data_batch()] Welcome make_crop_data_batch
[make_crop_data_batch()] make tf_to_crops done
[make_crop_data_batch()] render done
[make_crop_data_batch()] warp done
[make_crop_data_batch()] pose batch data done
[predict()] forward start
[predict()] forward done
[predict()] making cropped data
[make_crop_data_batch()] Welcome make_crop_data_batch
[make_crop_data_batch()] make tf_to_crops done
[make_crop_data_batch()] render done
[make_crop_data_batch()] warp done
[make_crop_data_batch()] pose batch data done
[predict()] forward start
[predict()] forward done
[track_one()] pose done
[235/1005] 000234.png
[track_one()] Welcome
[track_one()] depth processing done
[predict()] ob_in_cams:(1, 4, 4)
[predict()] self.cfg.use_normal:False
[predict()] trans_normalizer:[0.019999999552965164, 0.019999999552965164, 0.05000000074505806], rot_normalizer:0.3490658503988659
[predict()] making cropped data
[make_crop_data_batch()] Welcome make_crop_data_batch
[make_crop_data_batch()] make tf_to_crops done
[make_crop_data_batch()] render done
[make_crop_data_batch()] warp done
[make_crop_data_batch()] pose batch data done
[predict()] forward start
[predict()] forward done
[predict()] making cropped data
[make_crop_data_batch()] Welcome make_crop_data_batch
[make_crop_data_batch()] make tf_to_crops done
[make_crop_data_batch()] render done
[make_crop_data_batch()] warp done
[make_crop_data_batch()] pose batch data done
[predict()] forward start
[predict()] forward done
[track_one()] pose done
[236/1005] 000235.png
[track_one()] Welcome
[track_one()] depth processing done
[predict()] ob_in_cams:(1, 4, 4)
[predict()] self.cfg.use_normal:False
[predict()] trans_normalizer:[0.019999999552965164, 0.019999999552965164, 0.05000000074505806], rot_normalizer:0.3490658503988659
[predict()] making cropped data
[make_crop_data_batch()] Welcome make_crop_data_batch
[make_crop_data_batch()] make tf_to_crops done
[make_crop_data_batch()] render done
[make_crop_data_batch()] warp done
[make_crop_data_batch()] pose batch data done
[predict()] forward start
[predict()] forward done
[predict()] making cropped data
[make_crop_data_batch()] Welcome make_crop_data_batch
[make_crop_data_batch()] make tf_to_crops done
[make_crop_data_batch()] render done
[make_crop_data_batch()] warp done
[make_crop_data_batch()] pose batch data done
[predict()] forward start
[predict()] forward done
[track_one()] pose done
[237/1005] 000236.png
[track_one()] Welcome
[track_one()] depth processing done
[predict()] ob_in_cams:(1, 4, 4)
[predict()] self.cfg.use_normal:False
[predict()] trans_normalizer:[0.019999999552965164, 0.019999999552965164, 0.05000000074505806], rot_normalizer:0.3490658503988659
[predict()] making cropped data
[make_crop_data_batch()] Welcome make_crop_data_batch
[make_crop_data_batch()] make tf_to_crops done
[make_crop_data_batch()] render done
[make_crop_data_batch()] warp done
[make_crop_data_batch()] pose batch data done
[predict()] forward start
[predict()] forward done
[predict()] making cropped data
[make_crop_data_batch()] Welcome make_crop_data_batch
[make_crop_data_batch()] make tf_to_crops done
[make_crop_data_batch()] render done
[make_crop_data_batch()] warp done
[make_crop_data_batch()] pose batch data done
[predict()] forward start
[predict()] forward done
[track_one()] pose done
[238/1005] 000237.png
[track_one()] Welcome
[track_one()] depth processing done
[predict()] ob_in_cams:(1, 4, 4)
[predict()] self.cfg.use_normal:False
[predict()] trans_normalizer:[0.019999999552965164, 0.019999999552965164, 0.05000000074505806], rot_normalizer:0.3490658503988659
[predict()] making cropped data
[make_crop_data_batch()] Welcome make_crop_data_batch
[make_crop_data_batch()] make tf_to_crops done
[make_crop_data_batch()] render done
[make_crop_data_batch()] warp done
[make_crop_data_batch()] pose batch data done
[predict()] forward start
[predict()] forward done
[predict()] making cropped data
[make_crop_data_batch()] Welcome make_crop_data_batch
[make_crop_data_batch()] make tf_to_crops done
[make_crop_data_batch()] render done
[make_crop_data_batch()] warp done
[make_crop_data_batch()] pose batch data done
[predict()] forward start
[predict()] forward done
[track_one()] pose done
[239/1005] 000238.png
[track_one()] Welcome
[track_one()] depth processing done
[predict()] ob_in_cams:(1, 4, 4)
[predict()] self.cfg.use_normal:False
[predict()] trans_normalizer:[0.019999999552965164, 0.019999999552965164, 0.05000000074505806], rot_normalizer:0.3490658503988659
[predict()] making cropped data
[make_crop_data_batch()] Welcome make_crop_data_batch
[make_crop_data_batch()] make tf_to_crops done
[make_crop_data_batch()] render done
[make_crop_data_batch()] warp done
[make_crop_data_batch()] pose batch data done
[predict()] forward start
[predict()] forward done
[predict()] making cropped data
[make_crop_data_batch()] Welcome make_crop_data_batch
[make_crop_data_batch()] make tf_to_crops done
[make_crop_data_batch()] render done
[make_crop_data_batch()] warp done
[make_crop_data_batch()] pose batch data done
[predict()] forward start
[predict()] forward done
[track_one()] pose done
[240/1005] 000239.png
[track_one()] Welcome
[track_one()] depth processing done
[predict()] ob_in_cams:(1, 4, 4)
[predict()] self.cfg.use_normal:False
[predict()] trans_normalizer:[0.019999999552965164, 0.019999999552965164, 0.05000000074505806], rot_normalizer:0.3490658503988659
[predict()] making cropped data
[make_crop_data_batch()] Welcome make_crop_data_batch
[make_crop_data_batch()] make tf_to_crops done
[make_crop_data_batch()] render done
[make_crop_data_batch()] warp done
[make_crop_data_batch()] pose batch data done
[predict()] forward start
[predict()] forward done
[predict()] making cropped data
[make_crop_data_batch()] Welcome make_crop_data_batch
[make_crop_data_batch()] make tf_to_crops done
[make_crop_data_batch()] render done
[make_crop_data_batch()] warp done
[make_crop_data_batch()] pose batch data done
[predict()] forward start
[predict()] forward done
[track_one()] pose done
[241/1005] 000240.png
[track_one()] Welcome
[track_one()] depth processing done
[predict()] ob_in_cams:(1, 4, 4)
[predict()] self.cfg.use_normal:False
[predict()] trans_normalizer:[0.019999999552965164, 0.019999999552965164, 0.05000000074505806], rot_normalizer:0.3490658503988659
[predict()] making cropped data
[make_crop_data_batch()] Welcome make_crop_data_batch
[make_crop_data_batch()] make tf_to_crops done
[make_crop_data_batch()] render done
[make_crop_data_batch()] warp done
[make_crop_data_batch()] pose batch data done
[predict()] forward start
[predict()] forward done
[predict()] making cropped data
[make_crop_data_batch()] Welcome make_crop_data_batch
[make_crop_data_batch()] make tf_to_crops done
[make_crop_data_batch()] render done
[make_crop_data_batch()] warp done
[make_crop_data_batch()] pose batch data done
[predict()] forward start
[predict()] forward done
[track_one()] pose done
[242/1005] 000241.png
[track_one()] Welcome
[track_one()] depth processing done
[predict()] ob_in_cams:(1, 4, 4)
[predict()] self.cfg.use_normal:False
[predict()] trans_normalizer:[0.019999999552965164, 0.019999999552965164, 0.05000000074505806], rot_normalizer:0.3490658503988659
[predict()] making cropped data
[make_crop_data_batch()] Welcome make_crop_data_batch
[make_crop_data_batch()] make tf_to_crops done
[make_crop_data_batch()] render done
[make_crop_data_batch()] warp done
[make_crop_data_batch()] pose batch data done
[predict()] forward start
[predict()] forward done
[predict()] making cropped data
[make_crop_data_batch()] Welcome make_crop_data_batch
[make_crop_data_batch()] make tf_to_crops done
[make_crop_data_batch()] render done
[make_crop_data_batch()] warp done
[make_crop_data_batch()] pose batch data done
[predict()] forward start
[predict()] forward done
[track_one()] pose done
[243/1005] 000242.png
[track_one()] Welcome
[track_one()] depth processing done
[predict()] ob_in_cams:(1, 4, 4)
[predict()] self.cfg.use_normal:False
[predict()] trans_normalizer:[0.019999999552965164, 0.019999999552965164, 0.05000000074505806], rot_normalizer:0.3490658503988659
[predict()] making cropped data
[make_crop_data_batch()] Welcome make_crop_data_batch
[make_crop_data_batch()] make tf_to_crops done
[make_crop_data_batch()] render done
[make_crop_data_batch()] warp done
[make_crop_data_batch()] pose batch data done
[predict()] forward start
[predict()] forward done
[predict()] making cropped data
[make_crop_data_batch()] Welcome make_crop_data_batch
[make_crop_data_batch()] make tf_to_crops done
[make_crop_data_batch()] render done
[make_crop_data_batch()] warp done
[make_crop_data_batch()] pose batch data done
[predict()] forward start
[predict()] forward done
[track_one()] pose done
[244/1005] 000243.png
[track_one()] Welcome
[track_one()] depth processing done
[predict()] ob_in_cams:(1, 4, 4)
[predict()] self.cfg.use_normal:False
[predict()] trans_normalizer:[0.019999999552965164, 0.019999999552965164, 0.05000000074505806], rot_normalizer:0.3490658503988659
[predict()] making cropped data
[make_crop_data_batch()] Welcome make_crop_data_batch
[make_crop_data_batch()] make tf_to_crops done
[make_crop_data_batch()] render done
[make_crop_data_batch()] warp done
[make_crop_data_batch()] pose batch data done
[predict()] forward start
[predict()] forward done
[predict()] making cropped data
[make_crop_data_batch()] Welcome make_crop_data_batch
[make_crop_data_batch()] make tf_to_crops done
[make_crop_data_batch()] render done
[make_crop_data_batch()] warp done
[make_crop_data_batch()] pose batch data done
[predict()] forward start
[predict()] forward done
[track_one()] pose done
[245/1005] 000244.png
[track_one()] Welcome
[track_one()] depth processing done
[predict()] ob_in_cams:(1, 4, 4)
[predict()] self.cfg.use_normal:False
[predict()] trans_normalizer:[0.019999999552965164, 0.019999999552965164, 0.05000000074505806], rot_normalizer:0.3490658503988659
[predict()] making cropped data
[make_crop_data_batch()] Welcome make_crop_data_batch
[make_crop_data_batch()] make tf_to_crops done
[make_crop_data_batch()] render done
[make_crop_data_batch()] warp done
[make_crop_data_batch()] pose batch data done
[predict()] forward start
[predict()] forward done
[predict()] making cropped data
[make_crop_data_batch()] Welcome make_crop_data_batch
[make_crop_data_batch()] make tf_to_crops done
[make_crop_data_batch()] render done
[make_crop_data_batch()] warp done
[make_crop_data_batch()] pose batch data done
[predict()] forward start
[predict()] forward done
[track_one()] pose done
[246/1005] 000245.png
[track_one()] Welcome
[track_one()] depth processing done
[predict()] ob_in_cams:(1, 4, 4)
[predict()] self.cfg.use_normal:False
[predict()] trans_normalizer:[0.019999999552965164, 0.019999999552965164, 0.05000000074505806], rot_normalizer:0.3490658503988659
[predict()] making cropped data
[make_crop_data_batch()] Welcome make_crop_data_batch
[make_crop_data_batch()] make tf_to_crops done
[make_crop_data_batch()] render done
[make_crop_data_batch()] warp done
[make_crop_data_batch()] pose batch data done
[predict()] forward start
[predict()] forward done
[predict()] making cropped data
[make_crop_data_batch()] Welcome make_crop_data_batch
[make_crop_data_batch()] make tf_to_crops done
[make_crop_data_batch()] render done
[make_crop_data_batch()] warp done
[make_crop_data_batch()] pose batch data done
[predict()] forward start
[predict()] forward done
[track_one()] pose done
[247/1005] 000246.png
[track_one()] Welcome
[track_one()] depth processing done
[predict()] ob_in_cams:(1, 4, 4)
[predict()] self.cfg.use_normal:False
[predict()] trans_normalizer:[0.019999999552965164, 0.019999999552965164, 0.05000000074505806], rot_normalizer:0.3490658503988659
[predict()] making cropped data
[make_crop_data_batch()] Welcome make_crop_data_batch
[make_crop_data_batch()] make tf_to_crops done
[make_crop_data_batch()] render done
[make_crop_data_batch()] warp done
[make_crop_data_batch()] pose batch data done
[predict()] forward start
[predict()] forward done
[predict()] making cropped data
[make_crop_data_batch()] Welcome make_crop_data_batch
[make_crop_data_batch()] make tf_to_crops done
[make_crop_data_batch()] render done
[make_crop_data_batch()] warp done
[make_crop_data_batch()] pose batch data done
[predict()] forward start
[predict()] forward done
[track_one()] pose done
[248/1005] 000247.png
[track_one()] Welcome
[track_one()] depth processing done
[predict()] ob_in_cams:(1, 4, 4)
[predict()] self.cfg.use_normal:False
[predict()] trans_normalizer:[0.019999999552965164, 0.019999999552965164, 0.05000000074505806], rot_normalizer:0.3490658503988659
[predict()] making cropped data
[make_crop_data_batch()] Welcome make_crop_data_batch
[make_crop_data_batch()] make tf_to_crops done
[make_crop_data_batch()] render done
[make_crop_data_batch()] warp done
[make_crop_data_batch()] pose batch data done
[predict()] forward start
[predict()] forward done
[predict()] making cropped data
[make_crop_data_batch()] Welcome make_crop_data_batch
[make_crop_data_batch()] make tf_to_crops done
[make_crop_data_batch()] render done
[make_crop_data_batch()] warp done
[make_crop_data_batch()] pose batch data done
[predict()] forward start
[predict()] forward done
[track_one()] pose done
[249/1005] 000248.png
[track_one()] Welcome
[track_one()] depth processing done
[predict()] ob_in_cams:(1, 4, 4)
[predict()] self.cfg.use_normal:False
[predict()] trans_normalizer:[0.019999999552965164, 0.019999999552965164, 0.05000000074505806], rot_normalizer:0.3490658503988659
[predict()] making cropped data
[make_crop_data_batch()] Welcome make_crop_data_batch
[make_crop_data_batch()] make tf_to_crops done
[make_crop_data_batch()] render done
[make_crop_data_batch()] warp done
[make_crop_data_batch()] pose batch data done
[predict()] forward start
[predict()] forward done
[predict()] making cropped data
[make_crop_data_batch()] Welcome make_crop_data_batch
[make_crop_data_batch()] make tf_to_crops done
[make_crop_data_batch()] render done
[make_crop_data_batch()] warp done
[make_crop_data_batch()] pose batch data done
[predict()] forward start
[predict()] forward done
[track_one()] pose done
[250/1005] 000249.png
[track_one()] Welcome
[track_one()] depth processing done
[predict()] ob_in_cams:(1, 4, 4)
[predict()] self.cfg.use_normal:False
[predict()] trans_normalizer:[0.019999999552965164, 0.019999999552965164, 0.05000000074505806], rot_normalizer:0.3490658503988659
[predict()] making cropped data
[make_crop_data_batch()] Welcome make_crop_data_batch
[make_crop_data_batch()] make tf_to_crops done
[make_crop_data_batch()] render done
[make_crop_data_batch()] warp done
[make_crop_data_batch()] pose batch data done
[predict()] forward start
[predict()] forward done
[predict()] making cropped data
[make_crop_data_batch()] Welcome make_crop_data_batch
[make_crop_data_batch()] make tf_to_crops done
[make_crop_data_batch()] render done
[make_crop_data_batch()] warp done
[make_crop_data_batch()] pose batch data done
[predict()] forward start
[predict()] forward done
[track_one()] pose done
[251/1005] 000250.png
[track_one()] Welcome
[track_one()] depth processing done
[predict()] ob_in_cams:(1, 4, 4)
[predict()] self.cfg.use_normal:False
[predict()] trans_normalizer:[0.019999999552965164, 0.019999999552965164, 0.05000000074505806], rot_normalizer:0.3490658503988659
[predict()] making cropped data
[make_crop_data_batch()] Welcome make_crop_data_batch
[make_crop_data_batch()] make tf_to_crops done
[make_crop_data_batch()] render done
[make_crop_data_batch()] warp done
[make_crop_data_batch()] pose batch data done
[predict()] forward start
[predict()] forward done
[predict()] making cropped data
[make_crop_data_batch()] Welcome make_crop_data_batch
[make_crop_data_batch()] make tf_to_crops done
[make_crop_data_batch()] render done
[make_crop_data_batch()] warp done
[make_crop_data_batch()] pose batch data done
[predict()] forward start
[predict()] forward done
[track_one()] pose done
[252/1005] 000251.png
[track_one()] Welcome
[track_one()] depth processing done
[predict()] ob_in_cams:(1, 4, 4)
[predict()] self.cfg.use_normal:False
[predict()] trans_normalizer:[0.019999999552965164, 0.019999999552965164, 0.05000000074505806], rot_normalizer:0.3490658503988659
[predict()] making cropped data
[make_crop_data_batch()] Welcome make_crop_data_batch
[make_crop_data_batch()] make tf_to_crops done
[make_crop_data_batch()] render done
[make_crop_data_batch()] warp done
[make_crop_data_batch()] pose batch data done
[predict()] forward start
[predict()] forward done
[predict()] making cropped data
[make_crop_data_batch()] Welcome make_crop_data_batch
[make_crop_data_batch()] make tf_to_crops done
[make_crop_data_batch()] render done
[make_crop_data_batch()] warp done
[make_crop_data_batch()] pose batch data done
[predict()] forward start
[predict()] forward done
[track_one()] pose done
[253/1005] 000252.png
[track_one()] Welcome
[track_one()] depth processing done
[predict()] ob_in_cams:(1, 4, 4)
[predict()] self.cfg.use_normal:False
[predict()] trans_normalizer:[0.019999999552965164, 0.019999999552965164, 0.05000000074505806], rot_normalizer:0.3490658503988659
[predict()] making cropped data
[make_crop_data_batch()] Welcome make_crop_data_batch
[make_crop_data_batch()] make tf_to_crops done
[make_crop_data_batch()] render done
[make_crop_data_batch()] warp done
[make_crop_data_batch()] pose batch data done
[predict()] forward start
[predict()] forward done
[predict()] making cropped data
[make_crop_data_batch()] Welcome make_crop_data_batch
[make_crop_data_batch()] make tf_to_crops done
[make_crop_data_batch()] render done
[make_crop_data_batch()] warp done
[make_crop_data_batch()] pose batch data done
[predict()] forward start
[predict()] forward done
[track_one()] pose done
[254/1005] 000253.png
[track_one()] Welcome
[track_one()] depth processing done
[predict()] ob_in_cams:(1, 4, 4)
[predict()] self.cfg.use_normal:False
[predict()] trans_normalizer:[0.019999999552965164, 0.019999999552965164, 0.05000000074505806], rot_normalizer:0.3490658503988659
[predict()] making cropped data
[make_crop_data_batch()] Welcome make_crop_data_batch
[make_crop_data_batch()] make tf_to_crops done
[make_crop_data_batch()] render done
[make_crop_data_batch()] warp done
[make_crop_data_batch()] pose batch data done
[predict()] forward start
[predict()] forward done
[predict()] making cropped data
[make_crop_data_batch()] Welcome make_crop_data_batch
[make_crop_data_batch()] make tf_to_crops done
[make_crop_data_batch()] render done
[make_crop_data_batch()] warp done
[make_crop_data_batch()] pose batch data done
[predict()] forward start
[predict()] forward done
[track_one()] pose done
[255/1005] 000254.png
[track_one()] Welcome
[track_one()] depth processing done
[predict()] ob_in_cams:(1, 4, 4)
[predict()] self.cfg.use_normal:False
[predict()] trans_normalizer:[0.019999999552965164, 0.019999999552965164, 0.05000000074505806], rot_normalizer:0.3490658503988659
[predict()] making cropped data
[make_crop_data_batch()] Welcome make_crop_data_batch
[make_crop_data_batch()] make tf_to_crops done
[make_crop_data_batch()] render done
[make_crop_data_batch()] warp done
[make_crop_data_batch()] pose batch data done
[predict()] forward start
[predict()] forward done
[predict()] making cropped data
[make_crop_data_batch()] Welcome make_crop_data_batch
[make_crop_data_batch()] make tf_to_crops done
[make_crop_data_batch()] render done
[make_crop_data_batch()] warp done
[make_crop_data_batch()] pose batch data done
[predict()] forward start
[predict()] forward done
[track_one()] pose done
[256/1005] 000255.png
[track_one()] Welcome
[track_one()] depth processing done
[predict()] ob_in_cams:(1, 4, 4)
[predict()] self.cfg.use_normal:False
[predict()] trans_normalizer:[0.019999999552965164, 0.019999999552965164, 0.05000000074505806], rot_normalizer:0.3490658503988659
[predict()] making cropped data
[make_crop_data_batch()] Welcome make_crop_data_batch
[make_crop_data_batch()] make tf_to_crops done
[make_crop_data_batch()] render done
[make_crop_data_batch()] warp done
[make_crop_data_batch()] pose batch data done
[predict()] forward start
[predict()] forward done
[predict()] making cropped data
[make_crop_data_batch()] Welcome make_crop_data_batch
[make_crop_data_batch()] make tf_to_crops done
[make_crop_data_batch()] render done
[make_crop_data_batch()] warp done
[make_crop_data_batch()] pose batch data done
[predict()] forward start
[predict()] forward done
[track_one()] pose done
[257/1005] 000256.png
[track_one()] Welcome
[track_one()] depth processing done
[predict()] ob_in_cams:(1, 4, 4)
[predict()] self.cfg.use_normal:False
[predict()] trans_normalizer:[0.019999999552965164, 0.019999999552965164, 0.05000000074505806], rot_normalizer:0.3490658503988659
[predict()] making cropped data
[make_crop_data_batch()] Welcome make_crop_data_batch
[make_crop_data_batch()] make tf_to_crops done
[make_crop_data_batch()] render done
[make_crop_data_batch()] warp done
[make_crop_data_batch()] pose batch data done
[predict()] forward start
[predict()] forward done
[predict()] making cropped data
[make_crop_data_batch()] Welcome make_crop_data_batch
[make_crop_data_batch()] make tf_to_crops done
[make_crop_data_batch()] render done
[make_crop_data_batch()] warp done
[make_crop_data_batch()] pose batch data done
[predict()] forward start
[predict()] forward done
[track_one()] pose done
[258/1005] 000257.png
[track_one()] Welcome
[track_one()] depth processing done
[predict()] ob_in_cams:(1, 4, 4)
[predict()] self.cfg.use_normal:False
[predict()] trans_normalizer:[0.019999999552965164, 0.019999999552965164, 0.05000000074505806], rot_normalizer:0.3490658503988659
[predict()] making cropped data
[make_crop_data_batch()] Welcome make_crop_data_batch
[make_crop_data_batch()] make tf_to_crops done
[make_crop_data_batch()] render done
[make_crop_data_batch()] warp done
[make_crop_data_batch()] pose batch data done
[predict()] forward start
[predict()] forward done
[predict()] making cropped data
[make_crop_data_batch()] Welcome make_crop_data_batch
[make_crop_data_batch()] make tf_to_crops done
[make_crop_data_batch()] render done
[make_crop_data_batch()] warp done
[make_crop_data_batch()] pose batch data done
[predict()] forward start
[predict()] forward done
[track_one()] pose done
[259/1005] 000258.png
[track_one()] Welcome
[track_one()] depth processing done
[predict()] ob_in_cams:(1, 4, 4)
[predict()] self.cfg.use_normal:False
[predict()] trans_normalizer:[0.019999999552965164, 0.019999999552965164, 0.05000000074505806], rot_normalizer:0.3490658503988659
[predict()] making cropped data
[make_crop_data_batch()] Welcome make_crop_data_batch
[make_crop_data_batch()] make tf_to_crops done
[make_crop_data_batch()] render done
[make_crop_data_batch()] warp done
[make_crop_data_batch()] pose batch data done
[predict()] forward start
[predict()] forward done
[predict()] making cropped data
[make_crop_data_batch()] Welcome make_crop_data_batch
[make_crop_data_batch()] make tf_to_crops done
[make_crop_data_batch()] render done
[make_crop_data_batch()] warp done
[make_crop_data_batch()] pose batch data done
[predict()] forward start
[predict()] forward done
[track_one()] pose done
[260/1005] 000259.png
[track_one()] Welcome
[track_one()] depth processing done
[predict()] ob_in_cams:(1, 4, 4)
[predict()] self.cfg.use_normal:False
[predict()] trans_normalizer:[0.019999999552965164, 0.019999999552965164, 0.05000000074505806], rot_normalizer:0.3490658503988659
[predict()] making cropped data
[make_crop_data_batch()] Welcome make_crop_data_batch
[make_crop_data_batch()] make tf_to_crops done
[make_crop_data_batch()] render done
[make_crop_data_batch()] warp done
[make_crop_data_batch()] pose batch data done
[predict()] forward start
[predict()] forward done
[predict()] making cropped data
[make_crop_data_batch()] Welcome make_crop_data_batch
[make_crop_data_batch()] make tf_to_crops done
[make_crop_data_batch()] render done
[make_crop_data_batch()] warp done
[make_crop_data_batch()] pose batch data done
[predict()] forward start
[predict()] forward done
[track_one()] pose done
[261/1005] 000260.png
[track_one()] Welcome
[track_one()] depth processing done
[predict()] ob_in_cams:(1, 4, 4)
[predict()] self.cfg.use_normal:False
[predict()] trans_normalizer:[0.019999999552965164, 0.019999999552965164, 0.05000000074505806], rot_normalizer:0.3490658503988659
[predict()] making cropped data
[make_crop_data_batch()] Welcome make_crop_data_batch
[make_crop_data_batch()] make tf_to_crops done
[make_crop_data_batch()] render done
[make_crop_data_batch()] warp done
[make_crop_data_batch()] pose batch data done
[predict()] forward start
[predict()] forward done
[predict()] making cropped data
[make_crop_data_batch()] Welcome make_crop_data_batch
[make_crop_data_batch()] make tf_to_crops done
[make_crop_data_batch()] render done
[make_crop_data_batch()] warp done
[make_crop_data_batch()] pose batch data done
[predict()] forward start
[predict()] forward done
[track_one()] pose done
[262/1005] 000261.png
[track_one()] Welcome
[track_one()] depth processing done
[predict()] ob_in_cams:(1, 4, 4)
[predict()] self.cfg.use_normal:False
[predict()] trans_normalizer:[0.019999999552965164, 0.019999999552965164, 0.05000000074505806], rot_normalizer:0.3490658503988659
[predict()] making cropped data
[make_crop_data_batch()] Welcome make_crop_data_batch
[make_crop_data_batch()] make tf_to_crops done
[make_crop_data_batch()] render done
[make_crop_data_batch()] warp done
[make_crop_data_batch()] pose batch data done
[predict()] forward start
[predict()] forward done
[predict()] making cropped data
[make_crop_data_batch()] Welcome make_crop_data_batch
[make_crop_data_batch()] make tf_to_crops done
[make_crop_data_batch()] render done
[make_crop_data_batch()] warp done
[make_crop_data_batch()] pose batch data done
[predict()] forward start
[predict()] forward done
[track_one()] pose done
[263/1005] 000262.png
[track_one()] Welcome
[track_one()] depth processing done
[predict()] ob_in_cams:(1, 4, 4)
[predict()] self.cfg.use_normal:False
[predict()] trans_normalizer:[0.019999999552965164, 0.019999999552965164, 0.05000000074505806], rot_normalizer:0.3490658503988659
[predict()] making cropped data
[make_crop_data_batch()] Welcome make_crop_data_batch
[make_crop_data_batch()] make tf_to_crops done
[make_crop_data_batch()] render done
[make_crop_data_batch()] warp done
[make_crop_data_batch()] pose batch data done
[predict()] forward start
[predict()] forward done
[predict()] making cropped data
[make_crop_data_batch()] Welcome make_crop_data_batch
[make_crop_data_batch()] make tf_to_crops done
[make_crop_data_batch()] render done
[make_crop_data_batch()] warp done
[make_crop_data_batch()] pose batch data done
[predict()] forward start
[predict()] forward done
[track_one()] pose done
[264/1005] 000263.png
[track_one()] Welcome
[track_one()] depth processing done
[predict()] ob_in_cams:(1, 4, 4)
[predict()] self.cfg.use_normal:False
[predict()] trans_normalizer:[0.019999999552965164, 0.019999999552965164, 0.05000000074505806], rot_normalizer:0.3490658503988659
[predict()] making cropped data
[make_crop_data_batch()] Welcome make_crop_data_batch
[make_crop_data_batch()] make tf_to_crops done
[make_crop_data_batch()] render done
[make_crop_data_batch()] warp done
[make_crop_data_batch()] pose batch data done
[predict()] forward start
[predict()] forward done
[predict()] making cropped data
[make_crop_data_batch()] Welcome make_crop_data_batch
[make_crop_data_batch()] make tf_to_crops done
[make_crop_data_batch()] render done
[make_crop_data_batch()] warp done
[make_crop_data_batch()] pose batch data done
[predict()] forward start
[predict()] forward done
[track_one()] pose done
[265/1005] 000264.png
[track_one()] Welcome
[track_one()] depth processing done
[predict()] ob_in_cams:(1, 4, 4)
[predict()] self.cfg.use_normal:False
[predict()] trans_normalizer:[0.019999999552965164, 0.019999999552965164, 0.05000000074505806], rot_normalizer:0.3490658503988659
[predict()] making cropped data
[make_crop_data_batch()] Welcome make_crop_data_batch
[make_crop_data_batch()] make tf_to_crops done
[make_crop_data_batch()] render done
[make_crop_data_batch()] warp done
[make_crop_data_batch()] pose batch data done
[predict()] forward start
[predict()] forward done
[predict()] making cropped data
[make_crop_data_batch()] Welcome make_crop_data_batch
[make_crop_data_batch()] make tf_to_crops done
[make_crop_data_batch()] render done
[make_crop_data_batch()] warp done
[make_crop_data_batch()] pose batch data done
[predict()] forward start
[predict()] forward done
[track_one()] pose done
[266/1005] 000265.png
[track_one()] Welcome
[track_one()] depth processing done
[predict()] ob_in_cams:(1, 4, 4)
[predict()] self.cfg.use_normal:False
[predict()] trans_normalizer:[0.019999999552965164, 0.019999999552965164, 0.05000000074505806], rot_normalizer:0.3490658503988659
[predict()] making cropped data
[make_crop_data_batch()] Welcome make_crop_data_batch
[make_crop_data_batch()] make tf_to_crops done
[make_crop_data_batch()] render done
[make_crop_data_batch()] warp done
[make_crop_data_batch()] pose batch data done
[predict()] forward start
[predict()] forward done
[predict()] making cropped data
[make_crop_data_batch()] Welcome make_crop_data_batch
[make_crop_data_batch()] make tf_to_crops done
[make_crop_data_batch()] render done
[make_crop_data_batch()] warp done
[make_crop_data_batch()] pose batch data done
[predict()] forward start
[predict()] forward done
[track_one()] pose done
[267/1005] 000266.png
[track_one()] Welcome
[track_one()] depth processing done
[predict()] ob_in_cams:(1, 4, 4)
[predict()] self.cfg.use_normal:False
[predict()] trans_normalizer:[0.019999999552965164, 0.019999999552965164, 0.05000000074505806], rot_normalizer:0.3490658503988659
[predict()] making cropped data
[make_crop_data_batch()] Welcome make_crop_data_batch
[make_crop_data_batch()] make tf_to_crops done
[make_crop_data_batch()] render done
[make_crop_data_batch()] warp done
[make_crop_data_batch()] pose batch data done
[predict()] forward start
[predict()] forward done
[predict()] making cropped data
[make_crop_data_batch()] Welcome make_crop_data_batch
[make_crop_data_batch()] make tf_to_crops done
[make_crop_data_batch()] render done
[make_crop_data_batch()] warp done
[make_crop_data_batch()] pose batch data done
[predict()] forward start
[predict()] forward done
[track_one()] pose done
[268/1005] 000267.png
[track_one()] Welcome
[track_one()] depth processing done
[predict()] ob_in_cams:(1, 4, 4)
[predict()] self.cfg.use_normal:False
[predict()] trans_normalizer:[0.019999999552965164, 0.019999999552965164, 0.05000000074505806], rot_normalizer:0.3490658503988659
[predict()] making cropped data
[make_crop_data_batch()] Welcome make_crop_data_batch
[make_crop_data_batch()] make tf_to_crops done
[make_crop_data_batch()] render done
[make_crop_data_batch()] warp done
[make_crop_data_batch()] pose batch data done
[predict()] forward start
[predict()] forward done
[predict()] making cropped data
[make_crop_data_batch()] Welcome make_crop_data_batch
[make_crop_data_batch()] make tf_to_crops done
[make_crop_data_batch()] render done
[make_crop_data_batch()] warp done
[make_crop_data_batch()] pose batch data done
[predict()] forward start
[predict()] forward done
[track_one()] pose done
[269/1005] 000268.png
[track_one()] Welcome
[track_one()] depth processing done
[predict()] ob_in_cams:(1, 4, 4)
[predict()] self.cfg.use_normal:False
[predict()] trans_normalizer:[0.019999999552965164, 0.019999999552965164, 0.05000000074505806], rot_normalizer:0.3490658503988659
[predict()] making cropped data
[make_crop_data_batch()] Welcome make_crop_data_batch
[make_crop_data_batch()] make tf_to_crops done
[make_crop_data_batch()] render done
[make_crop_data_batch()] warp done
[make_crop_data_batch()] pose batch data done
[predict()] forward start
[predict()] forward done
[predict()] making cropped data
[make_crop_data_batch()] Welcome make_crop_data_batch
[make_crop_data_batch()] make tf_to_crops done
[make_crop_data_batch()] render done
[make_crop_data_batch()] warp done
[make_crop_data_batch()] pose batch data done
[predict()] forward start
[predict()] forward done
[track_one()] pose done
[270/1005] 000269.png
[track_one()] Welcome
[track_one()] depth processing done
[predict()] ob_in_cams:(1, 4, 4)
[predict()] self.cfg.use_normal:False
[predict()] trans_normalizer:[0.019999999552965164, 0.019999999552965164, 0.05000000074505806], rot_normalizer:0.3490658503988659
[predict()] making cropped data
[make_crop_data_batch()] Welcome make_crop_data_batch
[make_crop_data_batch()] make tf_to_crops done
[make_crop_data_batch()] render done
[make_crop_data_batch()] warp done
[make_crop_data_batch()] pose batch data done
[predict()] forward start
[predict()] forward done
[predict()] making cropped data
[make_crop_data_batch()] Welcome make_crop_data_batch
[make_crop_data_batch()] make tf_to_crops done
[make_crop_data_batch()] render done
[make_crop_data_batch()] warp done
[make_crop_data_batch()] pose batch data done
[predict()] forward start
[predict()] forward done
[track_one()] pose done
[271/1005] 000270.png
[track_one()] Welcome
[track_one()] depth processing done
[predict()] ob_in_cams:(1, 4, 4)
[predict()] self.cfg.use_normal:False
[predict()] trans_normalizer:[0.019999999552965164, 0.019999999552965164, 0.05000000074505806], rot_normalizer:0.3490658503988659
[predict()] making cropped data
[make_crop_data_batch()] Welcome make_crop_data_batch
[make_crop_data_batch()] make tf_to_crops done
[make_crop_data_batch()] render done
[make_crop_data_batch()] warp done
[make_crop_data_batch()] pose batch data done
[predict()] forward start
[predict()] forward done
[predict()] making cropped data
[make_crop_data_batch()] Welcome make_crop_data_batch
[make_crop_data_batch()] make tf_to_crops done
[make_crop_data_batch()] render done
[make_crop_data_batch()] warp done
[make_crop_data_batch()] pose batch data done
[predict()] forward start
[predict()] forward done
[track_one()] pose done
[272/1005] 000271.png
[track_one()] Welcome
[track_one()] depth processing done
[predict()] ob_in_cams:(1, 4, 4)
[predict()] self.cfg.use_normal:False
[predict()] trans_normalizer:[0.019999999552965164, 0.019999999552965164, 0.05000000074505806], rot_normalizer:0.3490658503988659
[predict()] making cropped data
[make_crop_data_batch()] Welcome make_crop_data_batch
[make_crop_data_batch()] make tf_to_crops done
[make_crop_data_batch()] render done
[make_crop_data_batch()] warp done
[make_crop_data_batch()] pose batch data done
[predict()] forward start
[predict()] forward done
[predict()] making cropped data
[make_crop_data_batch()] Welcome make_crop_data_batch
[make_crop_data_batch()] make tf_to_crops done
[make_crop_data_batch()] render done
[make_crop_data_batch()] warp done
[make_crop_data_batch()] pose batch data done
[predict()] forward start
[predict()] forward done
[track_one()] pose done
[273/1005] 000272.png
[track_one()] Welcome
[track_one()] depth processing done
[predict()] ob_in_cams:(1, 4, 4)
[predict()] self.cfg.use_normal:False
[predict()] trans_normalizer:[0.019999999552965164, 0.019999999552965164, 0.05000000074505806], rot_normalizer:0.3490658503988659
[predict()] making cropped data
[make_crop_data_batch()] Welcome make_crop_data_batch
[make_crop_data_batch()] make tf_to_crops done
[make_crop_data_batch()] render done
[make_crop_data_batch()] warp done
[make_crop_data_batch()] pose batch data done
[predict()] forward start
[predict()] forward done
[predict()] making cropped data
[make_crop_data_batch()] Welcome make_crop_data_batch
[make_crop_data_batch()] make tf_to_crops done
[make_crop_data_batch()] render done
[make_crop_data_batch()] warp done
[make_crop_data_batch()] pose batch data done
[predict()] forward start
[predict()] forward done
[track_one()] pose done
[274/1005] 000273.png
[track_one()] Welcome
[track_one()] depth processing done
[predict()] ob_in_cams:(1, 4, 4)
[predict()] self.cfg.use_normal:False
[predict()] trans_normalizer:[0.019999999552965164, 0.019999999552965164, 0.05000000074505806], rot_normalizer:0.3490658503988659
[predict()] making cropped data
[make_crop_data_batch()] Welcome make_crop_data_batch
[make_crop_data_batch()] make tf_to_crops done
[make_crop_data_batch()] render done
[make_crop_data_batch()] warp done
[make_crop_data_batch()] pose batch data done
[predict()] forward start
[predict()] forward done
[predict()] making cropped data
[make_crop_data_batch()] Welcome make_crop_data_batch
[make_crop_data_batch()] make tf_to_crops done
[make_crop_data_batch()] render done
[make_crop_data_batch()] warp done
[make_crop_data_batch()] pose batch data done
[predict()] forward start
[predict()] forward done
[track_one()] pose done
[275/1005] 000274.png
[track_one()] Welcome
[track_one()] depth processing done
[predict()] ob_in_cams:(1, 4, 4)
[predict()] self.cfg.use_normal:False
[predict()] trans_normalizer:[0.019999999552965164, 0.019999999552965164, 0.05000000074505806], rot_normalizer:0.3490658503988659
[predict()] making cropped data
[make_crop_data_batch()] Welcome make_crop_data_batch
[make_crop_data_batch()] make tf_to_crops done
[make_crop_data_batch()] render done
[make_crop_data_batch()] warp done
[make_crop_data_batch()] pose batch data done
[predict()] forward start
[predict()] forward done
[predict()] making cropped data
[make_crop_data_batch()] Welcome make_crop_data_batch
[make_crop_data_batch()] make tf_to_crops done
[make_crop_data_batch()] render done
[make_crop_data_batch()] warp done
[make_crop_data_batch()] pose batch data done
[predict()] forward start
[predict()] forward done
[track_one()] pose done
[276/1005] 000275.png
[track_one()] Welcome
[track_one()] depth processing done
[predict()] ob_in_cams:(1, 4, 4)
[predict()] self.cfg.use_normal:False
[predict()] trans_normalizer:[0.019999999552965164, 0.019999999552965164, 0.05000000074505806], rot_normalizer:0.3490658503988659
[predict()] making cropped data
[make_crop_data_batch()] Welcome make_crop_data_batch
[make_crop_data_batch()] make tf_to_crops done
[make_crop_data_batch()] render done
[make_crop_data_batch()] warp done
[make_crop_data_batch()] pose batch data done
[predict()] forward start
[predict()] forward done
[predict()] making cropped data
[make_crop_data_batch()] Welcome make_crop_data_batch
[make_crop_data_batch()] make tf_to_crops done
[make_crop_data_batch()] render done
[make_crop_data_batch()] warp done
[make_crop_data_batch()] pose batch data done
[predict()] forward start
[predict()] forward done
[track_one()] pose done
[277/1005] 000276.png
[track_one()] Welcome
[track_one()] depth processing done
[predict()] ob_in_cams:(1, 4, 4)
[predict()] self.cfg.use_normal:False
[predict()] trans_normalizer:[0.019999999552965164, 0.019999999552965164, 0.05000000074505806], rot_normalizer:0.3490658503988659
[predict()] making cropped data
[make_crop_data_batch()] Welcome make_crop_data_batch
[make_crop_data_batch()] make tf_to_crops done
[make_crop_data_batch()] render done
[make_crop_data_batch()] warp done
[make_crop_data_batch()] pose batch data done
[predict()] forward start
[predict()] forward done
[predict()] making cropped data
[make_crop_data_batch()] Welcome make_crop_data_batch
[make_crop_data_batch()] make tf_to_crops done
[make_crop_data_batch()] render done
[make_crop_data_batch()] warp done
[make_crop_data_batch()] pose batch data done
[predict()] forward start
[predict()] forward done
[track_one()] pose done
[278/1005] 000277.png
[track_one()] Welcome
[track_one()] depth processing done
[predict()] ob_in_cams:(1, 4, 4)
[predict()] self.cfg.use_normal:False
[predict()] trans_normalizer:[0.019999999552965164, 0.019999999552965164, 0.05000000074505806], rot_normalizer:0.3490658503988659
[predict()] making cropped data
[make_crop_data_batch()] Welcome make_crop_data_batch
[make_crop_data_batch()] make tf_to_crops done
[make_crop_data_batch()] render done
[make_crop_data_batch()] warp done
[make_crop_data_batch()] pose batch data done
[predict()] forward start
[predict()] forward done
[predict()] making cropped data
[make_crop_data_batch()] Welcome make_crop_data_batch
[make_crop_data_batch()] make tf_to_crops done
[make_crop_data_batch()] render done
[make_crop_data_batch()] warp done
[make_crop_data_batch()] pose batch data done
[predict()] forward start
[predict()] forward done
[track_one()] pose done
[279/1005] 000278.png
[track_one()] Welcome
[track_one()] depth processing done
[predict()] ob_in_cams:(1, 4, 4)
[predict()] self.cfg.use_normal:False
[predict()] trans_normalizer:[0.019999999552965164, 0.019999999552965164, 0.05000000074505806], rot_normalizer:0.3490658503988659
[predict()] making cropped data
[make_crop_data_batch()] Welcome make_crop_data_batch
[make_crop_data_batch()] make tf_to_crops done
[make_crop_data_batch()] render done
[make_crop_data_batch()] warp done
[make_crop_data_batch()] pose batch data done
[predict()] forward start
[predict()] forward done
[predict()] making cropped data
[make_crop_data_batch()] Welcome make_crop_data_batch
[make_crop_data_batch()] make tf_to_crops done
[make_crop_data_batch()] render done
[make_crop_data_batch()] warp done
[make_crop_data_batch()] pose batch data done
[predict()] forward start
[predict()] forward done
[track_one()] pose done
[280/1005] 000279.png
[track_one()] Welcome
[track_one()] depth processing done
[predict()] ob_in_cams:(1, 4, 4)
[predict()] self.cfg.use_normal:False
[predict()] trans_normalizer:[0.019999999552965164, 0.019999999552965164, 0.05000000074505806], rot_normalizer:0.3490658503988659
[predict()] making cropped data
[make_crop_data_batch()] Welcome make_crop_data_batch
[make_crop_data_batch()] make tf_to_crops done
[make_crop_data_batch()] render done
[make_crop_data_batch()] warp done
[make_crop_data_batch()] pose batch data done
[predict()] forward start
[predict()] forward done
[predict()] making cropped data
[make_crop_data_batch()] Welcome make_crop_data_batch
[make_crop_data_batch()] make tf_to_crops done
[make_crop_data_batch()] render done
[make_crop_data_batch()] warp done
[make_crop_data_batch()] pose batch data done
[predict()] forward start
[predict()] forward done
[track_one()] pose done
[281/1005] 000280.png
[track_one()] Welcome
[track_one()] depth processing done
[predict()] ob_in_cams:(1, 4, 4)
[predict()] self.cfg.use_normal:False
[predict()] trans_normalizer:[0.019999999552965164, 0.019999999552965164, 0.05000000074505806], rot_normalizer:0.3490658503988659
[predict()] making cropped data
[make_crop_data_batch()] Welcome make_crop_data_batch
[make_crop_data_batch()] make tf_to_crops done
[make_crop_data_batch()] render done
[make_crop_data_batch()] warp done
[make_crop_data_batch()] pose batch data done
[predict()] forward start
[predict()] forward done
[predict()] making cropped data
[make_crop_data_batch()] Welcome make_crop_data_batch
[make_crop_data_batch()] make tf_to_crops done
[make_crop_data_batch()] render done
[make_crop_data_batch()] warp done
[make_crop_data_batch()] pose batch data done
[predict()] forward start
[predict()] forward done
[track_one()] pose done
[282/1005] 000281.png
[track_one()] Welcome
[track_one()] depth processing done
[predict()] ob_in_cams:(1, 4, 4)
[predict()] self.cfg.use_normal:False
[predict()] trans_normalizer:[0.019999999552965164, 0.019999999552965164, 0.05000000074505806], rot_normalizer:0.3490658503988659
[predict()] making cropped data
[make_crop_data_batch()] Welcome make_crop_data_batch
[make_crop_data_batch()] make tf_to_crops done
[make_crop_data_batch()] render done
[make_crop_data_batch()] warp done
[make_crop_data_batch()] pose batch data done
[predict()] forward start
[predict()] forward done
[predict()] making cropped data
[make_crop_data_batch()] Welcome make_crop_data_batch
[make_crop_data_batch()] make tf_to_crops done
[make_crop_data_batch()] render done
[make_crop_data_batch()] warp done
[make_crop_data_batch()] pose batch data done
[predict()] forward start
[predict()] forward done
[track_one()] pose done
[283/1005] 000282.png
[track_one()] Welcome
[track_one()] depth processing done
[predict()] ob_in_cams:(1, 4, 4)
[predict()] self.cfg.use_normal:False
[predict()] trans_normalizer:[0.019999999552965164, 0.019999999552965164, 0.05000000074505806], rot_normalizer:0.3490658503988659
[predict()] making cropped data
[make_crop_data_batch()] Welcome make_crop_data_batch
[make_crop_data_batch()] make tf_to_crops done
[make_crop_data_batch()] render done
[make_crop_data_batch()] warp done
[make_crop_data_batch()] pose batch data done
[predict()] forward start
[predict()] forward done
[predict()] making cropped data
[make_crop_data_batch()] Welcome make_crop_data_batch
[make_crop_data_batch()] make tf_to_crops done
[make_crop_data_batch()] render done
[make_crop_data_batch()] warp done
[make_crop_data_batch()] pose batch data done
[predict()] forward start
[predict()] forward done
[track_one()] pose done
[284/1005] 000283.png
[track_one()] Welcome
[track_one()] depth processing done
[predict()] ob_in_cams:(1, 4, 4)
[predict()] self.cfg.use_normal:False
[predict()] trans_normalizer:[0.019999999552965164, 0.019999999552965164, 0.05000000074505806], rot_normalizer:0.3490658503988659
[predict()] making cropped data
[make_crop_data_batch()] Welcome make_crop_data_batch
[make_crop_data_batch()] make tf_to_crops done
[make_crop_data_batch()] render done
[make_crop_data_batch()] warp done
[make_crop_data_batch()] pose batch data done
[predict()] forward start
[predict()] forward done
[predict()] making cropped data
[make_crop_data_batch()] Welcome make_crop_data_batch
[make_crop_data_batch()] make tf_to_crops done
[make_crop_data_batch()] render done
[make_crop_data_batch()] warp done
[make_crop_data_batch()] pose batch data done
[predict()] forward start
[predict()] forward done
[track_one()] pose done
[285/1005] 000284.png
[track_one()] Welcome
[track_one()] depth processing done
[predict()] ob_in_cams:(1, 4, 4)
[predict()] self.cfg.use_normal:False
[predict()] trans_normalizer:[0.019999999552965164, 0.019999999552965164, 0.05000000074505806], rot_normalizer:0.3490658503988659
[predict()] making cropped data
[make_crop_data_batch()] Welcome make_crop_data_batch
[make_crop_data_batch()] make tf_to_crops done
[make_crop_data_batch()] render done
[make_crop_data_batch()] warp done
[make_crop_data_batch()] pose batch data done
[predict()] forward start
[predict()] forward done
[predict()] making cropped data
[make_crop_data_batch()] Welcome make_crop_data_batch
[make_crop_data_batch()] make tf_to_crops done
[make_crop_data_batch()] render done
[make_crop_data_batch()] warp done
[make_crop_data_batch()] pose batch data done
[predict()] forward start
[predict()] forward done
[track_one()] pose done
[286/1005] 000285.png
[track_one()] Welcome
[track_one()] depth processing done
[predict()] ob_in_cams:(1, 4, 4)
[predict()] self.cfg.use_normal:False
[predict()] trans_normalizer:[0.019999999552965164, 0.019999999552965164, 0.05000000074505806], rot_normalizer:0.3490658503988659
[predict()] making cropped data
[make_crop_data_batch()] Welcome make_crop_data_batch
[make_crop_data_batch()] make tf_to_crops done
[make_crop_data_batch()] render done
[make_crop_data_batch()] warp done
[make_crop_data_batch()] pose batch data done
[predict()] forward start
[predict()] forward done
[predict()] making cropped data
[make_crop_data_batch()] Welcome make_crop_data_batch
[make_crop_data_batch()] make tf_to_crops done
[make_crop_data_batch()] render done
[make_crop_data_batch()] warp done
[make_crop_data_batch()] pose batch data done
[predict()] forward start
[predict()] forward done
[track_one()] pose done
[287/1005] 000286.png
[track_one()] Welcome
[track_one()] depth processing done
[predict()] ob_in_cams:(1, 4, 4)
[predict()] self.cfg.use_normal:False
[predict()] trans_normalizer:[0.019999999552965164, 0.019999999552965164, 0.05000000074505806], rot_normalizer:0.3490658503988659
[predict()] making cropped data
[make_crop_data_batch()] Welcome make_crop_data_batch
[make_crop_data_batch()] make tf_to_crops done
[make_crop_data_batch()] render done
[make_crop_data_batch()] warp done
[make_crop_data_batch()] pose batch data done
[predict()] forward start
[predict()] forward done
[predict()] making cropped data
[make_crop_data_batch()] Welcome make_crop_data_batch
[make_crop_data_batch()] make tf_to_crops done
[make_crop_data_batch()] render done
[make_crop_data_batch()] warp done
[make_crop_data_batch()] pose batch data done
[predict()] forward start
[predict()] forward done
[track_one()] pose done
[288/1005] 000287.png
[track_one()] Welcome
[track_one()] depth processing done
[predict()] ob_in_cams:(1, 4, 4)
[predict()] self.cfg.use_normal:False
[predict()] trans_normalizer:[0.019999999552965164, 0.019999999552965164, 0.05000000074505806], rot_normalizer:0.3490658503988659
[predict()] making cropped data
[make_crop_data_batch()] Welcome make_crop_data_batch
[make_crop_data_batch()] make tf_to_crops done
[make_crop_data_batch()] render done
[make_crop_data_batch()] warp done
[make_crop_data_batch()] pose batch data done
[predict()] forward start
[predict()] forward done
[predict()] making cropped data
[make_crop_data_batch()] Welcome make_crop_data_batch
[make_crop_data_batch()] make tf_to_crops done
[make_crop_data_batch()] render done
[make_crop_data_batch()] warp done
[make_crop_data_batch()] pose batch data done
[predict()] forward start
[predict()] forward done
[track_one()] pose done
[289/1005] 000288.png
[track_one()] Welcome
[track_one()] depth processing done
[predict()] ob_in_cams:(1, 4, 4)
[predict()] self.cfg.use_normal:False
[predict()] trans_normalizer:[0.019999999552965164, 0.019999999552965164, 0.05000000074505806], rot_normalizer:0.3490658503988659
[predict()] making cropped data
[make_crop_data_batch()] Welcome make_crop_data_batch
[make_crop_data_batch()] make tf_to_crops done
[make_crop_data_batch()] render done
[make_crop_data_batch()] warp done
[make_crop_data_batch()] pose batch data done
[predict()] forward start
[predict()] forward done
[predict()] making cropped data
[make_crop_data_batch()] Welcome make_crop_data_batch
[make_crop_data_batch()] make tf_to_crops done
[make_crop_data_batch()] render done
[make_crop_data_batch()] warp done
[make_crop_data_batch()] pose batch data done
[predict()] forward start
[predict()] forward done
[track_one()] pose done
[290/1005] 000289.png
[track_one()] Welcome
[track_one()] depth processing done
[predict()] ob_in_cams:(1, 4, 4)
[predict()] self.cfg.use_normal:False
[predict()] trans_normalizer:[0.019999999552965164, 0.019999999552965164, 0.05000000074505806], rot_normalizer:0.3490658503988659
[predict()] making cropped data
[make_crop_data_batch()] Welcome make_crop_data_batch
[make_crop_data_batch()] make tf_to_crops done
[make_crop_data_batch()] render done
[make_crop_data_batch()] warp done
[make_crop_data_batch()] pose batch data done
[predict()] forward start
[predict()] forward done
[predict()] making cropped data
[make_crop_data_batch()] Welcome make_crop_data_batch
[make_crop_data_batch()] make tf_to_crops done
[make_crop_data_batch()] render done
[make_crop_data_batch()] warp done
[make_crop_data_batch()] pose batch data done
[predict()] forward start
[predict()] forward done
[track_one()] pose done
[291/1005] 000290.png
[track_one()] Welcome
[track_one()] depth processing done
[predict()] ob_in_cams:(1, 4, 4)
[predict()] self.cfg.use_normal:False
[predict()] trans_normalizer:[0.019999999552965164, 0.019999999552965164, 0.05000000074505806], rot_normalizer:0.3490658503988659
[predict()] making cropped data
[make_crop_data_batch()] Welcome make_crop_data_batch
[make_crop_data_batch()] make tf_to_crops done
[make_crop_data_batch()] render done
[make_crop_data_batch()] warp done
[make_crop_data_batch()] pose batch data done
[predict()] forward start
[predict()] forward done
[predict()] making cropped data
[make_crop_data_batch()] Welcome make_crop_data_batch
[make_crop_data_batch()] make tf_to_crops done
[make_crop_data_batch()] render done
[make_crop_data_batch()] warp done
[make_crop_data_batch()] pose batch data done
[predict()] forward start
[predict()] forward done
[track_one()] pose done
[292/1005] 000291.png
[track_one()] Welcome
[track_one()] depth processing done
[predict()] ob_in_cams:(1, 4, 4)
[predict()] self.cfg.use_normal:False
[predict()] trans_normalizer:[0.019999999552965164, 0.019999999552965164, 0.05000000074505806], rot_normalizer:0.3490658503988659
[predict()] making cropped data
[make_crop_data_batch()] Welcome make_crop_data_batch
[make_crop_data_batch()] make tf_to_crops done
[make_crop_data_batch()] render done
[make_crop_data_batch()] warp done
[make_crop_data_batch()] pose batch data done
[predict()] forward start
[predict()] forward done
[predict()] making cropped data
[make_crop_data_batch()] Welcome make_crop_data_batch
[make_crop_data_batch()] make tf_to_crops done
[make_crop_data_batch()] render done
[make_crop_data_batch()] warp done
[make_crop_data_batch()] pose batch data done
[predict()] forward start
[predict()] forward done
[track_one()] pose done
[293/1005] 000292.png
[track_one()] Welcome
[track_one()] depth processing done
[predict()] ob_in_cams:(1, 4, 4)
[predict()] self.cfg.use_normal:False
[predict()] trans_normalizer:[0.019999999552965164, 0.019999999552965164, 0.05000000074505806], rot_normalizer:0.3490658503988659
[predict()] making cropped data
[make_crop_data_batch()] Welcome make_crop_data_batch
[make_crop_data_batch()] make tf_to_crops done
[make_crop_data_batch()] render done
[make_crop_data_batch()] warp done
[make_crop_data_batch()] pose batch data done
[predict()] forward start
[predict()] forward done
[predict()] making cropped data
[make_crop_data_batch()] Welcome make_crop_data_batch
[make_crop_data_batch()] make tf_to_crops done
[make_crop_data_batch()] render done
[make_crop_data_batch()] warp done
[make_crop_data_batch()] pose batch data done
[predict()] forward start
[predict()] forward done
[track_one()] pose done
[294/1005] 000293.png
[track_one()] Welcome
[track_one()] depth processing done
[predict()] ob_in_cams:(1, 4, 4)
[predict()] self.cfg.use_normal:False
[predict()] trans_normalizer:[0.019999999552965164, 0.019999999552965164, 0.05000000074505806], rot_normalizer:0.3490658503988659
[predict()] making cropped data
[make_crop_data_batch()] Welcome make_crop_data_batch
[make_crop_data_batch()] make tf_to_crops done
[make_crop_data_batch()] render done
[make_crop_data_batch()] warp done
[make_crop_data_batch()] pose batch data done
[predict()] forward start
[predict()] forward done
[predict()] making cropped data
[make_crop_data_batch()] Welcome make_crop_data_batch
[make_crop_data_batch()] make tf_to_crops done
[make_crop_data_batch()] render done
[make_crop_data_batch()] warp done
[make_crop_data_batch()] pose batch data done
[predict()] forward start
[predict()] forward done
[track_one()] pose done
[295/1005] 000294.png
[track_one()] Welcome
[track_one()] depth processing done
[predict()] ob_in_cams:(1, 4, 4)
[predict()] self.cfg.use_normal:False
[predict()] trans_normalizer:[0.019999999552965164, 0.019999999552965164, 0.05000000074505806], rot_normalizer:0.3490658503988659
[predict()] making cropped data
[make_crop_data_batch()] Welcome make_crop_data_batch
[make_crop_data_batch()] make tf_to_crops done
[make_crop_data_batch()] render done
[make_crop_data_batch()] warp done
[make_crop_data_batch()] pose batch data done
[predict()] forward start
[predict()] forward done
[predict()] making cropped data
[make_crop_data_batch()] Welcome make_crop_data_batch
[make_crop_data_batch()] make tf_to_crops done
[make_crop_data_batch()] render done
[make_crop_data_batch()] warp done
[make_crop_data_batch()] pose batch data done
[predict()] forward start
[predict()] forward done
[track_one()] pose done
[296/1005] 000295.png
[track_one()] Welcome
[track_one()] depth processing done
[predict()] ob_in_cams:(1, 4, 4)
[predict()] self.cfg.use_normal:False
[predict()] trans_normalizer:[0.019999999552965164, 0.019999999552965164, 0.05000000074505806], rot_normalizer:0.3490658503988659
[predict()] making cropped data
[make_crop_data_batch()] Welcome make_crop_data_batch
[make_crop_data_batch()] make tf_to_crops done
[make_crop_data_batch()] render done
[make_crop_data_batch()] warp done
[make_crop_data_batch()] pose batch data done
[predict()] forward start
[predict()] forward done
[predict()] making cropped data
[make_crop_data_batch()] Welcome make_crop_data_batch
[make_crop_data_batch()] make tf_to_crops done
[make_crop_data_batch()] render done
[make_crop_data_batch()] warp done
[make_crop_data_batch()] pose batch data done
[predict()] forward start
[predict()] forward done
[track_one()] pose done
[297/1005] 000296.png
[track_one()] Welcome
[track_one()] depth processing done
[predict()] ob_in_cams:(1, 4, 4)
[predict()] self.cfg.use_normal:False
[predict()] trans_normalizer:[0.019999999552965164, 0.019999999552965164, 0.05000000074505806], rot_normalizer:0.3490658503988659
[predict()] making cropped data
[make_crop_data_batch()] Welcome make_crop_data_batch
[make_crop_data_batch()] make tf_to_crops done
[make_crop_data_batch()] render done
[make_crop_data_batch()] warp done
[make_crop_data_batch()] pose batch data done
[predict()] forward start
[predict()] forward done
[predict()] making cropped data
[make_crop_data_batch()] Welcome make_crop_data_batch
[make_crop_data_batch()] make tf_to_crops done
[make_crop_data_batch()] render done
[make_crop_data_batch()] warp done
[make_crop_data_batch()] pose batch data done
[predict()] forward start
[predict()] forward done
[track_one()] pose done
[298/1005] 000297.png
[track_one()] Welcome
[track_one()] depth processing done
[predict()] ob_in_cams:(1, 4, 4)
[predict()] self.cfg.use_normal:False
[predict()] trans_normalizer:[0.019999999552965164, 0.019999999552965164, 0.05000000074505806], rot_normalizer:0.3490658503988659
[predict()] making cropped data
[make_crop_data_batch()] Welcome make_crop_data_batch
[make_crop_data_batch()] make tf_to_crops done
[make_crop_data_batch()] render done
[make_crop_data_batch()] warp done
[make_crop_data_batch()] pose batch data done
[predict()] forward start
[predict()] forward done
[predict()] making cropped data
[make_crop_data_batch()] Welcome make_crop_data_batch
[make_crop_data_batch()] make tf_to_crops done
[make_crop_data_batch()] render done
[make_crop_data_batch()] warp done
[make_crop_data_batch()] pose batch data done
[predict()] forward start
[predict()] forward done
[track_one()] pose done
[299/1005] 000298.png
[track_one()] Welcome
[track_one()] depth processing done
[predict()] ob_in_cams:(1, 4, 4)
[predict()] self.cfg.use_normal:False
[predict()] trans_normalizer:[0.019999999552965164, 0.019999999552965164, 0.05000000074505806], rot_normalizer:0.3490658503988659
[predict()] making cropped data
[make_crop_data_batch()] Welcome make_crop_data_batch
[make_crop_data_batch()] make tf_to_crops done
[make_crop_data_batch()] render done
[make_crop_data_batch()] warp done
[make_crop_data_batch()] pose batch data done
[predict()] forward start
[predict()] forward done
[predict()] making cropped data
[make_crop_data_batch()] Welcome make_crop_data_batch
[make_crop_data_batch()] make tf_to_crops done
[make_crop_data_batch()] render done
[make_crop_data_batch()] warp done
[make_crop_data_batch()] pose batch data done
[predict()] forward start
[predict()] forward done
[track_one()] pose done
[300/1005] 000299.png
[track_one()] Welcome
[track_one()] depth processing done
[predict()] ob_in_cams:(1, 4, 4)
[predict()] self.cfg.use_normal:False
[predict()] trans_normalizer:[0.019999999552965164, 0.019999999552965164, 0.05000000074505806], rot_normalizer:0.3490658503988659
[predict()] making cropped data
[make_crop_data_batch()] Welcome make_crop_data_batch
[make_crop_data_batch()] make tf_to_crops done
[make_crop_data_batch()] render done
[make_crop_data_batch()] warp done
[make_crop_data_batch()] pose batch data done
[predict()] forward start
[predict()] forward done
[predict()] making cropped data
[make_crop_data_batch()] Welcome make_crop_data_batch
[make_crop_data_batch()] make tf_to_crops done
[make_crop_data_batch()] render done
[make_crop_data_batch()] warp done
[make_crop_data_batch()] pose batch data done
[predict()] forward start
[predict()] forward done
[track_one()] pose done
[301/1005] 000300.png
[track_one()] Welcome
[track_one()] depth processing done
[predict()] ob_in_cams:(1, 4, 4)
[predict()] self.cfg.use_normal:False
[predict()] trans_normalizer:[0.019999999552965164, 0.019999999552965164, 0.05000000074505806], rot_normalizer:0.3490658503988659
[predict()] making cropped data
[make_crop_data_batch()] Welcome make_crop_data_batch
[make_crop_data_batch()] make tf_to_crops done
[make_crop_data_batch()] render done
[make_crop_data_batch()] warp done
[make_crop_data_batch()] pose batch data done
[predict()] forward start
[predict()] forward done
[predict()] making cropped data
[make_crop_data_batch()] Welcome make_crop_data_batch
[make_crop_data_batch()] make tf_to_crops done
[make_crop_data_batch()] render done
[make_crop_data_batch()] warp done
[make_crop_data_batch()] pose batch data done
[predict()] forward start
[predict()] forward done
[track_one()] pose done
[302/1005] 000301.png
[track_one()] Welcome
[track_one()] depth processing done
[predict()] ob_in_cams:(1, 4, 4)
[predict()] self.cfg.use_normal:False
[predict()] trans_normalizer:[0.019999999552965164, 0.019999999552965164, 0.05000000074505806], rot_normalizer:0.3490658503988659
[predict()] making cropped data
[make_crop_data_batch()] Welcome make_crop_data_batch
[make_crop_data_batch()] make tf_to_crops done
[make_crop_data_batch()] render done
[make_crop_data_batch()] warp done
[make_crop_data_batch()] pose batch data done
[predict()] forward start
[predict()] forward done
[predict()] making cropped data
[make_crop_data_batch()] Welcome make_crop_data_batch
[make_crop_data_batch()] make tf_to_crops done
[make_crop_data_batch()] render done
[make_crop_data_batch()] warp done
[make_crop_data_batch()] pose batch data done
[predict()] forward start
[predict()] forward done
[track_one()] pose done
[303/1005] 000302.png
[track_one()] Welcome
[track_one()] depth processing done
[predict()] ob_in_cams:(1, 4, 4)
[predict()] self.cfg.use_normal:False
[predict()] trans_normalizer:[0.019999999552965164, 0.019999999552965164, 0.05000000074505806], rot_normalizer:0.3490658503988659
[predict()] making cropped data
[make_crop_data_batch()] Welcome make_crop_data_batch
[make_crop_data_batch()] make tf_to_crops done
[make_crop_data_batch()] render done
[make_crop_data_batch()] warp done
[make_crop_data_batch()] pose batch data done
[predict()] forward start
[predict()] forward done
[predict()] making cropped data
[make_crop_data_batch()] Welcome make_crop_data_batch
[make_crop_data_batch()] make tf_to_crops done
[make_crop_data_batch()] render done
[make_crop_data_batch()] warp done
[make_crop_data_batch()] pose batch data done
[predict()] forward start
[predict()] forward done
[track_one()] pose done
[304/1005] 000303.png
[track_one()] Welcome
[track_one()] depth processing done
[predict()] ob_in_cams:(1, 4, 4)
[predict()] self.cfg.use_normal:False
[predict()] trans_normalizer:[0.019999999552965164, 0.019999999552965164, 0.05000000074505806], rot_normalizer:0.3490658503988659
[predict()] making cropped data
[make_crop_data_batch()] Welcome make_crop_data_batch
[make_crop_data_batch()] make tf_to_crops done
[make_crop_data_batch()] render done
[make_crop_data_batch()] warp done
[make_crop_data_batch()] pose batch data done
[predict()] forward start
[predict()] forward done
[predict()] making cropped data
[make_crop_data_batch()] Welcome make_crop_data_batch
[make_crop_data_batch()] make tf_to_crops done
[make_crop_data_batch()] render done
[make_crop_data_batch()] warp done
[make_crop_data_batch()] pose batch data done
[predict()] forward start
[predict()] forward done
[track_one()] pose done
[305/1005] 000304.png
[track_one()] Welcome
[track_one()] depth processing done
[predict()] ob_in_cams:(1, 4, 4)
[predict()] self.cfg.use_normal:False
[predict()] trans_normalizer:[0.019999999552965164, 0.019999999552965164, 0.05000000074505806], rot_normalizer:0.3490658503988659
[predict()] making cropped data
[make_crop_data_batch()] Welcome make_crop_data_batch
[make_crop_data_batch()] make tf_to_crops done
[make_crop_data_batch()] render done
[make_crop_data_batch()] warp done
[make_crop_data_batch()] pose batch data done
[predict()] forward start
[predict()] forward done
[predict()] making cropped data
[make_crop_data_batch()] Welcome make_crop_data_batch
[make_crop_data_batch()] make tf_to_crops done
[make_crop_data_batch()] render done
[make_crop_data_batch()] warp done
[make_crop_data_batch()] pose batch data done
[predict()] forward start
[predict()] forward done
[track_one()] pose done
[306/1005] 000305.png
[track_one()] Welcome
[track_one()] depth processing done
[predict()] ob_in_cams:(1, 4, 4)
[predict()] self.cfg.use_normal:False
[predict()] trans_normalizer:[0.019999999552965164, 0.019999999552965164, 0.05000000074505806], rot_normalizer:0.3490658503988659
[predict()] making cropped data
[make_crop_data_batch()] Welcome make_crop_data_batch
[make_crop_data_batch()] make tf_to_crops done
[make_crop_data_batch()] render done
[make_crop_data_batch()] warp done
[make_crop_data_batch()] pose batch data done
[predict()] forward start
[predict()] forward done
[predict()] making cropped data
[make_crop_data_batch()] Welcome make_crop_data_batch
[make_crop_data_batch()] make tf_to_crops done
[make_crop_data_batch()] render done
[make_crop_data_batch()] warp done
[make_crop_data_batch()] pose batch data done
[predict()] forward start
[predict()] forward done
[track_one()] pose done
[307/1005] 000306.png
[track_one()] Welcome
[track_one()] depth processing done
[predict()] ob_in_cams:(1, 4, 4)
[predict()] self.cfg.use_normal:False
[predict()] trans_normalizer:[0.019999999552965164, 0.019999999552965164, 0.05000000074505806], rot_normalizer:0.3490658503988659
[predict()] making cropped data
[make_crop_data_batch()] Welcome make_crop_data_batch
[make_crop_data_batch()] make tf_to_crops done
[make_crop_data_batch()] render done
[make_crop_data_batch()] warp done
[make_crop_data_batch()] pose batch data done
[predict()] forward start
[predict()] forward done
[predict()] making cropped data
[make_crop_data_batch()] Welcome make_crop_data_batch
[make_crop_data_batch()] make tf_to_crops done
[make_crop_data_batch()] render done
[make_crop_data_batch()] warp done
[make_crop_data_batch()] pose batch data done
[predict()] forward start
[predict()] forward done
[track_one()] pose done
[308/1005] 000307.png
[track_one()] Welcome
[track_one()] depth processing done
[predict()] ob_in_cams:(1, 4, 4)
[predict()] self.cfg.use_normal:False
[predict()] trans_normalizer:[0.019999999552965164, 0.019999999552965164, 0.05000000074505806], rot_normalizer:0.3490658503988659
[predict()] making cropped data
[make_crop_data_batch()] Welcome make_crop_data_batch
[make_crop_data_batch()] make tf_to_crops done
[make_crop_data_batch()] render done
[make_crop_data_batch()] warp done
[make_crop_data_batch()] pose batch data done
[predict()] forward start
[predict()] forward done
[predict()] making cropped data
[make_crop_data_batch()] Welcome make_crop_data_batch
[make_crop_data_batch()] make tf_to_crops done
[make_crop_data_batch()] render done
[make_crop_data_batch()] warp done
[make_crop_data_batch()] pose batch data done
[predict()] forward start
[predict()] forward done
[track_one()] pose done
[309/1005] 000308.png
[track_one()] Welcome
[track_one()] depth processing done
[predict()] ob_in_cams:(1, 4, 4)
[predict()] self.cfg.use_normal:False
[predict()] trans_normalizer:[0.019999999552965164, 0.019999999552965164, 0.05000000074505806], rot_normalizer:0.3490658503988659
[predict()] making cropped data
[make_crop_data_batch()] Welcome make_crop_data_batch
[make_crop_data_batch()] make tf_to_crops done
[make_crop_data_batch()] render done
[make_crop_data_batch()] warp done
[make_crop_data_batch()] pose batch data done
[predict()] forward start
[predict()] forward done
[predict()] making cropped data
[make_crop_data_batch()] Welcome make_crop_data_batch
[make_crop_data_batch()] make tf_to_crops done
[make_crop_data_batch()] render done
[make_crop_data_batch()] warp done
[make_crop_data_batch()] pose batch data done
[predict()] forward start
[predict()] forward done
[track_one()] pose done
[310/1005] 000309.png
[track_one()] Welcome
[track_one()] depth processing done
[predict()] ob_in_cams:(1, 4, 4)
[predict()] self.cfg.use_normal:False
[predict()] trans_normalizer:[0.019999999552965164, 0.019999999552965164, 0.05000000074505806], rot_normalizer:0.3490658503988659
[predict()] making cropped data
[make_crop_data_batch()] Welcome make_crop_data_batch
[make_crop_data_batch()] make tf_to_crops done
[make_crop_data_batch()] render done
[make_crop_data_batch()] warp done
[make_crop_data_batch()] pose batch data done
[predict()] forward start
[predict()] forward done
[predict()] making cropped data
[make_crop_data_batch()] Welcome make_crop_data_batch
[make_crop_data_batch()] make tf_to_crops done
[make_crop_data_batch()] render done
[make_crop_data_batch()] warp done
[make_crop_data_batch()] pose batch data done
[predict()] forward start
[predict()] forward done
[track_one()] pose done
[311/1005] 000310.png
[track_one()] Welcome
[track_one()] depth processing done
[predict()] ob_in_cams:(1, 4, 4)
[predict()] self.cfg.use_normal:False
[predict()] trans_normalizer:[0.019999999552965164, 0.019999999552965164, 0.05000000074505806], rot_normalizer:0.3490658503988659
[predict()] making cropped data
[make_crop_data_batch()] Welcome make_crop_data_batch
[make_crop_data_batch()] make tf_to_crops done
[make_crop_data_batch()] render done
[make_crop_data_batch()] warp done
[make_crop_data_batch()] pose batch data done
[predict()] forward start
[predict()] forward done
[predict()] making cropped data
[make_crop_data_batch()] Welcome make_crop_data_batch
[make_crop_data_batch()] make tf_to_crops done
[make_crop_data_batch()] render done
[make_crop_data_batch()] warp done
[make_crop_data_batch()] pose batch data done
[predict()] forward start
[predict()] forward done
[track_one()] pose done
[312/1005] 000311.png
[track_one()] Welcome
[track_one()] depth processing done
[predict()] ob_in_cams:(1, 4, 4)
[predict()] self.cfg.use_normal:False
[predict()] trans_normalizer:[0.019999999552965164, 0.019999999552965164, 0.05000000074505806], rot_normalizer:0.3490658503988659
[predict()] making cropped data
[make_crop_data_batch()] Welcome make_crop_data_batch
[make_crop_data_batch()] make tf_to_crops done
[make_crop_data_batch()] render done
[make_crop_data_batch()] warp done
[make_crop_data_batch()] pose batch data done
[predict()] forward start
[predict()] forward done
[predict()] making cropped data
[make_crop_data_batch()] Welcome make_crop_data_batch
[make_crop_data_batch()] make tf_to_crops done
[make_crop_data_batch()] render done
[make_crop_data_batch()] warp done
[make_crop_data_batch()] pose batch data done
[predict()] forward start
[predict()] forward done
[track_one()] pose done
[313/1005] 000312.png
[track_one()] Welcome
[track_one()] depth processing done
[predict()] ob_in_cams:(1, 4, 4)
[predict()] self.cfg.use_normal:False
[predict()] trans_normalizer:[0.019999999552965164, 0.019999999552965164, 0.05000000074505806], rot_normalizer:0.3490658503988659
[predict()] making cropped data
[make_crop_data_batch()] Welcome make_crop_data_batch
[make_crop_data_batch()] make tf_to_crops done
[make_crop_data_batch()] render done
[make_crop_data_batch()] warp done
[make_crop_data_batch()] pose batch data done
[predict()] forward start
[predict()] forward done
[predict()] making cropped data
[make_crop_data_batch()] Welcome make_crop_data_batch
[make_crop_data_batch()] make tf_to_crops done
[make_crop_data_batch()] render done
[make_crop_data_batch()] warp done
[make_crop_data_batch()] pose batch data done
[predict()] forward start
[predict()] forward done
[track_one()] pose done
[314/1005] 000313.png
[track_one()] Welcome
[track_one()] depth processing done
[predict()] ob_in_cams:(1, 4, 4)
[predict()] self.cfg.use_normal:False
[predict()] trans_normalizer:[0.019999999552965164, 0.019999999552965164, 0.05000000074505806], rot_normalizer:0.3490658503988659
[predict()] making cropped data
[make_crop_data_batch()] Welcome make_crop_data_batch
[make_crop_data_batch()] make tf_to_crops done
[make_crop_data_batch()] render done
[make_crop_data_batch()] warp done
[make_crop_data_batch()] pose batch data done
[predict()] forward start
[predict()] forward done
[predict()] making cropped data
[make_crop_data_batch()] Welcome make_crop_data_batch
[make_crop_data_batch()] make tf_to_crops done
[make_crop_data_batch()] render done
[make_crop_data_batch()] warp done
[make_crop_data_batch()] pose batch data done
[predict()] forward start
[predict()] forward done
[track_one()] pose done
[315/1005] 000314.png
[track_one()] Welcome
[track_one()] depth processing done
[predict()] ob_in_cams:(1, 4, 4)
[predict()] self.cfg.use_normal:False
[predict()] trans_normalizer:[0.019999999552965164, 0.019999999552965164, 0.05000000074505806], rot_normalizer:0.3490658503988659
[predict()] making cropped data
[make_crop_data_batch()] Welcome make_crop_data_batch
[make_crop_data_batch()] make tf_to_crops done
[make_crop_data_batch()] render done
[make_crop_data_batch()] warp done
[make_crop_data_batch()] pose batch data done
[predict()] forward start
[predict()] forward done
[predict()] making cropped data
[make_crop_data_batch()] Welcome make_crop_data_batch
[make_crop_data_batch()] make tf_to_crops done
[make_crop_data_batch()] render done
[make_crop_data_batch()] warp done
[make_crop_data_batch()] pose batch data done
[predict()] forward start
[predict()] forward done
[track_one()] pose done
[316/1005] 000315.png
[track_one()] Welcome
[track_one()] depth processing done
[predict()] ob_in_cams:(1, 4, 4)
[predict()] self.cfg.use_normal:False
[predict()] trans_normalizer:[0.019999999552965164, 0.019999999552965164, 0.05000000074505806], rot_normalizer:0.3490658503988659
[predict()] making cropped data
[make_crop_data_batch()] Welcome make_crop_data_batch
[make_crop_data_batch()] make tf_to_crops done
[make_crop_data_batch()] render done
[make_crop_data_batch()] warp done
[make_crop_data_batch()] pose batch data done
[predict()] forward start
[predict()] forward done
[predict()] making cropped data
[make_crop_data_batch()] Welcome make_crop_data_batch
[make_crop_data_batch()] make tf_to_crops done
[make_crop_data_batch()] render done
[make_crop_data_batch()] warp done
[make_crop_data_batch()] pose batch data done
[predict()] forward start
[predict()] forward done
[track_one()] pose done
[317/1005] 000316.png
[track_one()] Welcome
[track_one()] depth processing done
[predict()] ob_in_cams:(1, 4, 4)
[predict()] self.cfg.use_normal:False
[predict()] trans_normalizer:[0.019999999552965164, 0.019999999552965164, 0.05000000074505806], rot_normalizer:0.3490658503988659
[predict()] making cropped data
[make_crop_data_batch()] Welcome make_crop_data_batch
[make_crop_data_batch()] make tf_to_crops done
[make_crop_data_batch()] render done
[make_crop_data_batch()] warp done
[make_crop_data_batch()] pose batch data done
[predict()] forward start
[predict()] forward done
[predict()] making cropped data
[make_crop_data_batch()] Welcome make_crop_data_batch
[make_crop_data_batch()] make tf_to_crops done
[make_crop_data_batch()] render done
[make_crop_data_batch()] warp done
[make_crop_data_batch()] pose batch data done
[predict()] forward start
[predict()] forward done
[track_one()] pose done
[318/1005] 000317.png
[track_one()] Welcome
[track_one()] depth processing done
[predict()] ob_in_cams:(1, 4, 4)
[predict()] self.cfg.use_normal:False
[predict()] trans_normalizer:[0.019999999552965164, 0.019999999552965164, 0.05000000074505806], rot_normalizer:0.3490658503988659
[predict()] making cropped data
[make_crop_data_batch()] Welcome make_crop_data_batch
[make_crop_data_batch()] make tf_to_crops done
[make_crop_data_batch()] render done
[make_crop_data_batch()] warp done
[make_crop_data_batch()] pose batch data done
[predict()] forward start
[predict()] forward done
[predict()] making cropped data
[make_crop_data_batch()] Welcome make_crop_data_batch
[make_crop_data_batch()] make tf_to_crops done
[make_crop_data_batch()] render done
[make_crop_data_batch()] warp done
[make_crop_data_batch()] pose batch data done
[predict()] forward start
[predict()] forward done
[track_one()] pose done
[319/1005] 000318.png
[track_one()] Welcome
[track_one()] depth processing done
[predict()] ob_in_cams:(1, 4, 4)
[predict()] self.cfg.use_normal:False
[predict()] trans_normalizer:[0.019999999552965164, 0.019999999552965164, 0.05000000074505806], rot_normalizer:0.3490658503988659
[predict()] making cropped data
[make_crop_data_batch()] Welcome make_crop_data_batch
[make_crop_data_batch()] make tf_to_crops done
[make_crop_data_batch()] render done
[make_crop_data_batch()] warp done
[make_crop_data_batch()] pose batch data done
[predict()] forward start
[predict()] forward done
[predict()] making cropped data
[make_crop_data_batch()] Welcome make_crop_data_batch
[make_crop_data_batch()] make tf_to_crops done
[make_crop_data_batch()] render done
[make_crop_data_batch()] warp done
[make_crop_data_batch()] pose batch data done
[predict()] forward start
[predict()] forward done
[track_one()] pose done
[320/1005] 000319.png
[track_one()] Welcome
[track_one()] depth processing done
[predict()] ob_in_cams:(1, 4, 4)
[predict()] self.cfg.use_normal:False
[predict()] trans_normalizer:[0.019999999552965164, 0.019999999552965164, 0.05000000074505806], rot_normalizer:0.3490658503988659
[predict()] making cropped data
[make_crop_data_batch()] Welcome make_crop_data_batch
[make_crop_data_batch()] make tf_to_crops done
[make_crop_data_batch()] render done
[make_crop_data_batch()] warp done
[make_crop_data_batch()] pose batch data done
[predict()] forward start
[predict()] forward done
[predict()] making cropped data
[make_crop_data_batch()] Welcome make_crop_data_batch
[make_crop_data_batch()] make tf_to_crops done
[make_crop_data_batch()] render done
[make_crop_data_batch()] warp done
[make_crop_data_batch()] pose batch data done
[predict()] forward start
[predict()] forward done
[track_one()] pose done
[321/1005] 000320.png
[track_one()] Welcome
[track_one()] depth processing done
[predict()] ob_in_cams:(1, 4, 4)
[predict()] self.cfg.use_normal:False
[predict()] trans_normalizer:[0.019999999552965164, 0.019999999552965164, 0.05000000074505806], rot_normalizer:0.3490658503988659
[predict()] making cropped data
[make_crop_data_batch()] Welcome make_crop_data_batch
[make_crop_data_batch()] make tf_to_crops done
[make_crop_data_batch()] render done
[make_crop_data_batch()] warp done
[make_crop_data_batch()] pose batch data done
[predict()] forward start
[predict()] forward done
[predict()] making cropped data
[make_crop_data_batch()] Welcome make_crop_data_batch
[make_crop_data_batch()] make tf_to_crops done
[make_crop_data_batch()] render done
[make_crop_data_batch()] warp done
[make_crop_data_batch()] pose batch data done
[predict()] forward start
[predict()] forward done
[track_one()] pose done
[322/1005] 000321.png
[track_one()] Welcome
[track_one()] depth processing done
[predict()] ob_in_cams:(1, 4, 4)
[predict()] self.cfg.use_normal:False
[predict()] trans_normalizer:[0.019999999552965164, 0.019999999552965164, 0.05000000074505806], rot_normalizer:0.3490658503988659
[predict()] making cropped data
[make_crop_data_batch()] Welcome make_crop_data_batch
[make_crop_data_batch()] make tf_to_crops done
[make_crop_data_batch()] render done
[make_crop_data_batch()] warp done
[make_crop_data_batch()] pose batch data done
[predict()] forward start
[predict()] forward done
[predict()] making cropped data
[make_crop_data_batch()] Welcome make_crop_data_batch
[make_crop_data_batch()] make tf_to_crops done
[make_crop_data_batch()] render done
[make_crop_data_batch()] warp done
[make_crop_data_batch()] pose batch data done
[predict()] forward start
[predict()] forward done
[track_one()] pose done
[323/1005] 000322.png
[track_one()] Welcome
[track_one()] depth processing done
[predict()] ob_in_cams:(1, 4, 4)
[predict()] self.cfg.use_normal:False
[predict()] trans_normalizer:[0.019999999552965164, 0.019999999552965164, 0.05000000074505806], rot_normalizer:0.3490658503988659
[predict()] making cropped data
[make_crop_data_batch()] Welcome make_crop_data_batch
[make_crop_data_batch()] make tf_to_crops done
[make_crop_data_batch()] render done
[make_crop_data_batch()] warp done
[make_crop_data_batch()] pose batch data done
[predict()] forward start
[predict()] forward done
[predict()] making cropped data
[make_crop_data_batch()] Welcome make_crop_data_batch
[make_crop_data_batch()] make tf_to_crops done
[make_crop_data_batch()] render done
[make_crop_data_batch()] warp done
[make_crop_data_batch()] pose batch data done
[predict()] forward start
[predict()] forward done
[track_one()] pose done
[324/1005] 000323.png
[track_one()] Welcome
[track_one()] depth processing done
[predict()] ob_in_cams:(1, 4, 4)
[predict()] self.cfg.use_normal:False
[predict()] trans_normalizer:[0.019999999552965164, 0.019999999552965164, 0.05000000074505806], rot_normalizer:0.3490658503988659
[predict()] making cropped data
[make_crop_data_batch()] Welcome make_crop_data_batch
[make_crop_data_batch()] make tf_to_crops done
[make_crop_data_batch()] render done
[make_crop_data_batch()] warp done
[make_crop_data_batch()] pose batch data done
[predict()] forward start
[predict()] forward done
[predict()] making cropped data
[make_crop_data_batch()] Welcome make_crop_data_batch
[make_crop_data_batch()] make tf_to_crops done
[make_crop_data_batch()] render done
[make_crop_data_batch()] warp done
[make_crop_data_batch()] pose batch data done
[predict()] forward start
[predict()] forward done
[track_one()] pose done
[325/1005] 000324.png
[track_one()] Welcome
[track_one()] depth processing done
[predict()] ob_in_cams:(1, 4, 4)
[predict()] self.cfg.use_normal:False
[predict()] trans_normalizer:[0.019999999552965164, 0.019999999552965164, 0.05000000074505806], rot_normalizer:0.3490658503988659
[predict()] making cropped data
[make_crop_data_batch()] Welcome make_crop_data_batch
[make_crop_data_batch()] make tf_to_crops done
[make_crop_data_batch()] render done
[make_crop_data_batch()] warp done
[make_crop_data_batch()] pose batch data done
[predict()] forward start
[predict()] forward done
[predict()] making cropped data
[make_crop_data_batch()] Welcome make_crop_data_batch
[make_crop_data_batch()] make tf_to_crops done
[make_crop_data_batch()] render done
[make_crop_data_batch()] warp done
[make_crop_data_batch()] pose batch data done
[predict()] forward start
[predict()] forward done
[track_one()] pose done
[326/1005] 000325.png
[track_one()] Welcome
[track_one()] depth processing done
[predict()] ob_in_cams:(1, 4, 4)
[predict()] self.cfg.use_normal:False
[predict()] trans_normalizer:[0.019999999552965164, 0.019999999552965164, 0.05000000074505806], rot_normalizer:0.3490658503988659
[predict()] making cropped data
[make_crop_data_batch()] Welcome make_crop_data_batch
[make_crop_data_batch()] make tf_to_crops done
[make_crop_data_batch()] render done
[make_crop_data_batch()] warp done
[make_crop_data_batch()] pose batch data done
[predict()] forward start
[predict()] forward done
[predict()] making cropped data
[make_crop_data_batch()] Welcome make_crop_data_batch
[make_crop_data_batch()] make tf_to_crops done
[make_crop_data_batch()] render done
[make_crop_data_batch()] warp done
[make_crop_data_batch()] pose batch data done
[predict()] forward start
[predict()] forward done
[track_one()] pose done
[327/1005] 000326.png
[track_one()] Welcome
[track_one()] depth processing done
[predict()] ob_in_cams:(1, 4, 4)
[predict()] self.cfg.use_normal:False
[predict()] trans_normalizer:[0.019999999552965164, 0.019999999552965164, 0.05000000074505806], rot_normalizer:0.3490658503988659
[predict()] making cropped data
[make_crop_data_batch()] Welcome make_crop_data_batch
[make_crop_data_batch()] make tf_to_crops done
[make_crop_data_batch()] render done
[make_crop_data_batch()] warp done
[make_crop_data_batch()] pose batch data done
[predict()] forward start
[predict()] forward done
[predict()] making cropped data
[make_crop_data_batch()] Welcome make_crop_data_batch
[make_crop_data_batch()] make tf_to_crops done
[make_crop_data_batch()] render done
[make_crop_data_batch()] warp done
[make_crop_data_batch()] pose batch data done
[predict()] forward start
[predict()] forward done
[track_one()] pose done
[328/1005] 000327.png
[track_one()] Welcome
[track_one()] depth processing done
[predict()] ob_in_cams:(1, 4, 4)
[predict()] self.cfg.use_normal:False
[predict()] trans_normalizer:[0.019999999552965164, 0.019999999552965164, 0.05000000074505806], rot_normalizer:0.3490658503988659
[predict()] making cropped data
[make_crop_data_batch()] Welcome make_crop_data_batch
[make_crop_data_batch()] make tf_to_crops done
[make_crop_data_batch()] render done
[make_crop_data_batch()] warp done
[make_crop_data_batch()] pose batch data done
[predict()] forward start
[predict()] forward done
[predict()] making cropped data
[make_crop_data_batch()] Welcome make_crop_data_batch
[make_crop_data_batch()] make tf_to_crops done
[make_crop_data_batch()] render done
[make_crop_data_batch()] warp done
[make_crop_data_batch()] pose batch data done
[predict()] forward start
[predict()] forward done
[track_one()] pose done
[329/1005] 000328.png
[track_one()] Welcome
[track_one()] depth processing done
[predict()] ob_in_cams:(1, 4, 4)
[predict()] self.cfg.use_normal:False
[predict()] trans_normalizer:[0.019999999552965164, 0.019999999552965164, 0.05000000074505806], rot_normalizer:0.3490658503988659
[predict()] making cropped data
[make_crop_data_batch()] Welcome make_crop_data_batch
[make_crop_data_batch()] make tf_to_crops done
[make_crop_data_batch()] render done
[make_crop_data_batch()] warp done
[make_crop_data_batch()] pose batch data done
[predict()] forward start
[predict()] forward done
[predict()] making cropped data
[make_crop_data_batch()] Welcome make_crop_data_batch
[make_crop_data_batch()] make tf_to_crops done
[make_crop_data_batch()] render done
[make_crop_data_batch()] warp done
[make_crop_data_batch()] pose batch data done
[predict()] forward start
[predict()] forward done
[track_one()] pose done
[330/1005] 000329.png
[track_one()] Welcome
[track_one()] depth processing done
[predict()] ob_in_cams:(1, 4, 4)
[predict()] self.cfg.use_normal:False
[predict()] trans_normalizer:[0.019999999552965164, 0.019999999552965164, 0.05000000074505806], rot_normalizer:0.3490658503988659
[predict()] making cropped data
[make_crop_data_batch()] Welcome make_crop_data_batch
[make_crop_data_batch()] make tf_to_crops done
[make_crop_data_batch()] render done
[make_crop_data_batch()] warp done
[make_crop_data_batch()] pose batch data done
[predict()] forward start
[predict()] forward done
[predict()] making cropped data
[make_crop_data_batch()] Welcome make_crop_data_batch
[make_crop_data_batch()] make tf_to_crops done
[make_crop_data_batch()] render done
[make_crop_data_batch()] warp done
[make_crop_data_batch()] pose batch data done
[predict()] forward start
[predict()] forward done
[track_one()] pose done
[331/1005] 000330.png
[track_one()] Welcome
[track_one()] depth processing done
[predict()] ob_in_cams:(1, 4, 4)
[predict()] self.cfg.use_normal:False
[predict()] trans_normalizer:[0.019999999552965164, 0.019999999552965164, 0.05000000074505806], rot_normalizer:0.3490658503988659
[predict()] making cropped data
[make_crop_data_batch()] Welcome make_crop_data_batch
[make_crop_data_batch()] make tf_to_crops done
[make_crop_data_batch()] render done
[make_crop_data_batch()] warp done
[make_crop_data_batch()] pose batch data done
[predict()] forward start
[predict()] forward done
[predict()] making cropped data
[make_crop_data_batch()] Welcome make_crop_data_batch
[make_crop_data_batch()] make tf_to_crops done
[make_crop_data_batch()] render done
[make_crop_data_batch()] warp done
[make_crop_data_batch()] pose batch data done
[predict()] forward start
[predict()] forward done
[track_one()] pose done
[332/1005] 000331.png
[track_one()] Welcome
[track_one()] depth processing done
[predict()] ob_in_cams:(1, 4, 4)
[predict()] self.cfg.use_normal:False
[predict()] trans_normalizer:[0.019999999552965164, 0.019999999552965164, 0.05000000074505806], rot_normalizer:0.3490658503988659
[predict()] making cropped data
[make_crop_data_batch()] Welcome make_crop_data_batch
[make_crop_data_batch()] make tf_to_crops done
[make_crop_data_batch()] render done
[make_crop_data_batch()] warp done
[make_crop_data_batch()] pose batch data done
[predict()] forward start
[predict()] forward done
[predict()] making cropped data
[make_crop_data_batch()] Welcome make_crop_data_batch
[make_crop_data_batch()] make tf_to_crops done
[make_crop_data_batch()] render done
[make_crop_data_batch()] warp done
[make_crop_data_batch()] pose batch data done
[predict()] forward start
[predict()] forward done
[track_one()] pose done
[333/1005] 000332.png
[track_one()] Welcome
[track_one()] depth processing done
[predict()] ob_in_cams:(1, 4, 4)
[predict()] self.cfg.use_normal:False
[predict()] trans_normalizer:[0.019999999552965164, 0.019999999552965164, 0.05000000074505806], rot_normalizer:0.3490658503988659
[predict()] making cropped data
[make_crop_data_batch()] Welcome make_crop_data_batch
[make_crop_data_batch()] make tf_to_crops done
[make_crop_data_batch()] render done
[make_crop_data_batch()] warp done
[make_crop_data_batch()] pose batch data done
[predict()] forward start
[predict()] forward done
[predict()] making cropped data
[make_crop_data_batch()] Welcome make_crop_data_batch
[make_crop_data_batch()] make tf_to_crops done
[make_crop_data_batch()] render done
[make_crop_data_batch()] warp done
[make_crop_data_batch()] pose batch data done
[predict()] forward start
[predict()] forward done
[track_one()] pose done
[334/1005] 000333.png
[track_one()] Welcome
[track_one()] depth processing done
[predict()] ob_in_cams:(1, 4, 4)
[predict()] self.cfg.use_normal:False
[predict()] trans_normalizer:[0.019999999552965164, 0.019999999552965164, 0.05000000074505806], rot_normalizer:0.3490658503988659
[predict()] making cropped data
[make_crop_data_batch()] Welcome make_crop_data_batch
[make_crop_data_batch()] make tf_to_crops done
[make_crop_data_batch()] render done
[make_crop_data_batch()] warp done
[make_crop_data_batch()] pose batch data done
[predict()] forward start
[predict()] forward done
[predict()] making cropped data
[make_crop_data_batch()] Welcome make_crop_data_batch
[make_crop_data_batch()] make tf_to_crops done
[make_crop_data_batch()] render done
[make_crop_data_batch()] warp done
[make_crop_data_batch()] pose batch data done
[predict()] forward start
[predict()] forward done
[track_one()] pose done
[335/1005] 000334.png
[track_one()] Welcome
[track_one()] depth processing done
[predict()] ob_in_cams:(1, 4, 4)
[predict()] self.cfg.use_normal:False
[predict()] trans_normalizer:[0.019999999552965164, 0.019999999552965164, 0.05000000074505806], rot_normalizer:0.3490658503988659
[predict()] making cropped data
[make_crop_data_batch()] Welcome make_crop_data_batch
[make_crop_data_batch()] make tf_to_crops done
[make_crop_data_batch()] render done
[make_crop_data_batch()] warp done
[make_crop_data_batch()] pose batch data done
[predict()] forward start
[predict()] forward done
[predict()] making cropped data
[make_crop_data_batch()] Welcome make_crop_data_batch
[make_crop_data_batch()] make tf_to_crops done
[make_crop_data_batch()] render done
[make_crop_data_batch()] warp done
[make_crop_data_batch()] pose batch data done
[predict()] forward start
[predict()] forward done
[track_one()] pose done
[336/1005] 000335.png
[track_one()] Welcome
[track_one()] depth processing done
[predict()] ob_in_cams:(1, 4, 4)
[predict()] self.cfg.use_normal:False
[predict()] trans_normalizer:[0.019999999552965164, 0.019999999552965164, 0.05000000074505806], rot_normalizer:0.3490658503988659
[predict()] making cropped data
[make_crop_data_batch()] Welcome make_crop_data_batch
[make_crop_data_batch()] make tf_to_crops done
[make_crop_data_batch()] render done
[make_crop_data_batch()] warp done
[make_crop_data_batch()] pose batch data done
[predict()] forward start
[predict()] forward done
[predict()] making cropped data
[make_crop_data_batch()] Welcome make_crop_data_batch
[make_crop_data_batch()] make tf_to_crops done
[make_crop_data_batch()] render done
[make_crop_data_batch()] warp done
[make_crop_data_batch()] pose batch data done
[predict()] forward start
[predict()] forward done
[track_one()] pose done
[337/1005] 000336.png
[track_one()] Welcome
[track_one()] depth processing done
[predict()] ob_in_cams:(1, 4, 4)
[predict()] self.cfg.use_normal:False
[predict()] trans_normalizer:[0.019999999552965164, 0.019999999552965164, 0.05000000074505806], rot_normalizer:0.3490658503988659
[predict()] making cropped data
[make_crop_data_batch()] Welcome make_crop_data_batch
[make_crop_data_batch()] make tf_to_crops done
[make_crop_data_batch()] render done
[make_crop_data_batch()] warp done
[make_crop_data_batch()] pose batch data done
[predict()] forward start
[predict()] forward done
[predict()] making cropped data
[make_crop_data_batch()] Welcome make_crop_data_batch
[make_crop_data_batch()] make tf_to_crops done
[make_crop_data_batch()] render done
[make_crop_data_batch()] warp done
[make_crop_data_batch()] pose batch data done
[predict()] forward start
[predict()] forward done
[track_one()] pose done
[338/1005] 000337.png
[track_one()] Welcome
[track_one()] depth processing done
[predict()] ob_in_cams:(1, 4, 4)
[predict()] self.cfg.use_normal:False
[predict()] trans_normalizer:[0.019999999552965164, 0.019999999552965164, 0.05000000074505806], rot_normalizer:0.3490658503988659
[predict()] making cropped data
[make_crop_data_batch()] Welcome make_crop_data_batch
[make_crop_data_batch()] make tf_to_crops done
[make_crop_data_batch()] render done
[make_crop_data_batch()] warp done
[make_crop_data_batch()] pose batch data done
[predict()] forward start
[predict()] forward done
[predict()] making cropped data
[make_crop_data_batch()] Welcome make_crop_data_batch
[make_crop_data_batch()] make tf_to_crops done
[make_crop_data_batch()] render done
[make_crop_data_batch()] warp done
[make_crop_data_batch()] pose batch data done
[predict()] forward start
[predict()] forward done
[track_one()] pose done
[339/1005] 000338.png
[track_one()] Welcome
[track_one()] depth processing done
[predict()] ob_in_cams:(1, 4, 4)
[predict()] self.cfg.use_normal:False
[predict()] trans_normalizer:[0.019999999552965164, 0.019999999552965164, 0.05000000074505806], rot_normalizer:0.3490658503988659
[predict()] making cropped data
[make_crop_data_batch()] Welcome make_crop_data_batch
[make_crop_data_batch()] make tf_to_crops done
[make_crop_data_batch()] render done
[make_crop_data_batch()] warp done
[make_crop_data_batch()] pose batch data done
[predict()] forward start
[predict()] forward done
[predict()] making cropped data
[make_crop_data_batch()] Welcome make_crop_data_batch
[make_crop_data_batch()] make tf_to_crops done
[make_crop_data_batch()] render done
[make_crop_data_batch()] warp done
[make_crop_data_batch()] pose batch data done
[predict()] forward start
[predict()] forward done
[track_one()] pose done
[340/1005] 000339.png
[track_one()] Welcome
[track_one()] depth processing done
[predict()] ob_in_cams:(1, 4, 4)
[predict()] self.cfg.use_normal:False
[predict()] trans_normalizer:[0.019999999552965164, 0.019999999552965164, 0.05000000074505806], rot_normalizer:0.3490658503988659
[predict()] making cropped data
[make_crop_data_batch()] Welcome make_crop_data_batch
[make_crop_data_batch()] make tf_to_crops done
[make_crop_data_batch()] render done
[make_crop_data_batch()] warp done
[make_crop_data_batch()] pose batch data done
[predict()] forward start
[predict()] forward done
[predict()] making cropped data
[make_crop_data_batch()] Welcome make_crop_data_batch
[make_crop_data_batch()] make tf_to_crops done
[make_crop_data_batch()] render done
[make_crop_data_batch()] warp done
[make_crop_data_batch()] pose batch data done
[predict()] forward start
[predict()] forward done
[track_one()] pose done
[341/1005] 000340.png
[track_one()] Welcome
[track_one()] depth processing done
[predict()] ob_in_cams:(1, 4, 4)
[predict()] self.cfg.use_normal:False
[predict()] trans_normalizer:[0.019999999552965164, 0.019999999552965164, 0.05000000074505806], rot_normalizer:0.3490658503988659
[predict()] making cropped data
[make_crop_data_batch()] Welcome make_crop_data_batch
[make_crop_data_batch()] make tf_to_crops done
[make_crop_data_batch()] render done
[make_crop_data_batch()] warp done
[make_crop_data_batch()] pose batch data done
[predict()] forward start
[predict()] forward done
[predict()] making cropped data
[make_crop_data_batch()] Welcome make_crop_data_batch
[make_crop_data_batch()] make tf_to_crops done
[make_crop_data_batch()] render done
[make_crop_data_batch()] warp done
[make_crop_data_batch()] pose batch data done
[predict()] forward start
[predict()] forward done
[track_one()] pose done
[342/1005] 000341.png
[track_one()] Welcome
[track_one()] depth processing done
[predict()] ob_in_cams:(1, 4, 4)
[predict()] self.cfg.use_normal:False
[predict()] trans_normalizer:[0.019999999552965164, 0.019999999552965164, 0.05000000074505806], rot_normalizer:0.3490658503988659
[predict()] making cropped data
[make_crop_data_batch()] Welcome make_crop_data_batch
[make_crop_data_batch()] make tf_to_crops done
[make_crop_data_batch()] render done
[make_crop_data_batch()] warp done
[make_crop_data_batch()] pose batch data done
[predict()] forward start
[predict()] forward done
[predict()] making cropped data
[make_crop_data_batch()] Welcome make_crop_data_batch
[make_crop_data_batch()] make tf_to_crops done
[make_crop_data_batch()] render done
[make_crop_data_batch()] warp done
[make_crop_data_batch()] pose batch data done
[predict()] forward start
[predict()] forward done
[track_one()] pose done
[343/1005] 000342.png
[track_one()] Welcome
[track_one()] depth processing done
[predict()] ob_in_cams:(1, 4, 4)
[predict()] self.cfg.use_normal:False
[predict()] trans_normalizer:[0.019999999552965164, 0.019999999552965164, 0.05000000074505806], rot_normalizer:0.3490658503988659
[predict()] making cropped data
[make_crop_data_batch()] Welcome make_crop_data_batch
[make_crop_data_batch()] make tf_to_crops done
[make_crop_data_batch()] render done
[make_crop_data_batch()] warp done
[make_crop_data_batch()] pose batch data done
[predict()] forward start
[predict()] forward done
[predict()] making cropped data
[make_crop_data_batch()] Welcome make_crop_data_batch
[make_crop_data_batch()] make tf_to_crops done
[make_crop_data_batch()] render done
[make_crop_data_batch()] warp done
[make_crop_data_batch()] pose batch data done
[predict()] forward start
[predict()] forward done
[track_one()] pose done
[344/1005] 000343.png
[track_one()] Welcome
[track_one()] depth processing done
[predict()] ob_in_cams:(1, 4, 4)
[predict()] self.cfg.use_normal:False
[predict()] trans_normalizer:[0.019999999552965164, 0.019999999552965164, 0.05000000074505806], rot_normalizer:0.3490658503988659
[predict()] making cropped data
[make_crop_data_batch()] Welcome make_crop_data_batch
[make_crop_data_batch()] make tf_to_crops done
[make_crop_data_batch()] render done
[make_crop_data_batch()] warp done
[make_crop_data_batch()] pose batch data done
[predict()] forward start
[predict()] forward done
[predict()] making cropped data
[make_crop_data_batch()] Welcome make_crop_data_batch
[make_crop_data_batch()] make tf_to_crops done
[make_crop_data_batch()] render done
[make_crop_data_batch()] warp done
[make_crop_data_batch()] pose batch data done
[predict()] forward start
[predict()] forward done
[track_one()] pose done
[345/1005] 000344.png
[track_one()] Welcome
[track_one()] depth processing done
[predict()] ob_in_cams:(1, 4, 4)
[predict()] self.cfg.use_normal:False
[predict()] trans_normalizer:[0.019999999552965164, 0.019999999552965164, 0.05000000074505806], rot_normalizer:0.3490658503988659
[predict()] making cropped data
[make_crop_data_batch()] Welcome make_crop_data_batch
[make_crop_data_batch()] make tf_to_crops done
[make_crop_data_batch()] render done
[make_crop_data_batch()] warp done
[make_crop_data_batch()] pose batch data done
[predict()] forward start
[predict()] forward done
[predict()] making cropped data
[make_crop_data_batch()] Welcome make_crop_data_batch
[make_crop_data_batch()] make tf_to_crops done
[make_crop_data_batch()] render done
[make_crop_data_batch()] warp done
[make_crop_data_batch()] pose batch data done
[predict()] forward start
[predict()] forward done
[track_one()] pose done
[346/1005] 000345.png
[track_one()] Welcome
[track_one()] depth processing done
[predict()] ob_in_cams:(1, 4, 4)
[predict()] self.cfg.use_normal:False
[predict()] trans_normalizer:[0.019999999552965164, 0.019999999552965164, 0.05000000074505806], rot_normalizer:0.3490658503988659
[predict()] making cropped data
[make_crop_data_batch()] Welcome make_crop_data_batch
[make_crop_data_batch()] make tf_to_crops done
[make_crop_data_batch()] render done
[make_crop_data_batch()] warp done
[make_crop_data_batch()] pose batch data done
[predict()] forward start
[predict()] forward done
[predict()] making cropped data
[make_crop_data_batch()] Welcome make_crop_data_batch
[make_crop_data_batch()] make tf_to_crops done
[make_crop_data_batch()] render done
[make_crop_data_batch()] warp done
[make_crop_data_batch()] pose batch data done
[predict()] forward start
[predict()] forward done
[track_one()] pose done
[347/1005] 000346.png
[track_one()] Welcome
[track_one()] depth processing done
[predict()] ob_in_cams:(1, 4, 4)
[predict()] self.cfg.use_normal:False
[predict()] trans_normalizer:[0.019999999552965164, 0.019999999552965164, 0.05000000074505806], rot_normalizer:0.3490658503988659
[predict()] making cropped data
[make_crop_data_batch()] Welcome make_crop_data_batch
[make_crop_data_batch()] make tf_to_crops done
[make_crop_data_batch()] render done
[make_crop_data_batch()] warp done
[make_crop_data_batch()] pose batch data done
[predict()] forward start
[predict()] forward done
[predict()] making cropped data
[make_crop_data_batch()] Welcome make_crop_data_batch
[make_crop_data_batch()] make tf_to_crops done
[make_crop_data_batch()] render done
[make_crop_data_batch()] warp done
[make_crop_data_batch()] pose batch data done
[predict()] forward start
[predict()] forward done
[track_one()] pose done
[348/1005] 000347.png
[track_one()] Welcome
[track_one()] depth processing done
[predict()] ob_in_cams:(1, 4, 4)
[predict()] self.cfg.use_normal:False
[predict()] trans_normalizer:[0.019999999552965164, 0.019999999552965164, 0.05000000074505806], rot_normalizer:0.3490658503988659
[predict()] making cropped data
[make_crop_data_batch()] Welcome make_crop_data_batch
[make_crop_data_batch()] make tf_to_crops done
[make_crop_data_batch()] render done
[make_crop_data_batch()] warp done
[make_crop_data_batch()] pose batch data done
[predict()] forward start
[predict()] forward done
[predict()] making cropped data
[make_crop_data_batch()] Welcome make_crop_data_batch
[make_crop_data_batch()] make tf_to_crops done
[make_crop_data_batch()] render done
[make_crop_data_batch()] warp done
[make_crop_data_batch()] pose batch data done
[predict()] forward start
[predict()] forward done
[track_one()] pose done
[349/1005] 000348.png
[track_one()] Welcome
[track_one()] depth processing done
[predict()] ob_in_cams:(1, 4, 4)
[predict()] self.cfg.use_normal:False
[predict()] trans_normalizer:[0.019999999552965164, 0.019999999552965164, 0.05000000074505806], rot_normalizer:0.3490658503988659
[predict()] making cropped data
[make_crop_data_batch()] Welcome make_crop_data_batch
[make_crop_data_batch()] make tf_to_crops done
[make_crop_data_batch()] render done
[make_crop_data_batch()] warp done
[make_crop_data_batch()] pose batch data done
[predict()] forward start
[predict()] forward done
[predict()] making cropped data
[make_crop_data_batch()] Welcome make_crop_data_batch
[make_crop_data_batch()] make tf_to_crops done
[make_crop_data_batch()] render done
[make_crop_data_batch()] warp done
[make_crop_data_batch()] pose batch data done
[predict()] forward start
[predict()] forward done
[track_one()] pose done
[350/1005] 000349.png
[track_one()] Welcome
[track_one()] depth processing done
[predict()] ob_in_cams:(1, 4, 4)
[predict()] self.cfg.use_normal:False
[predict()] trans_normalizer:[0.019999999552965164, 0.019999999552965164, 0.05000000074505806], rot_normalizer:0.3490658503988659
[predict()] making cropped data
[make_crop_data_batch()] Welcome make_crop_data_batch
[make_crop_data_batch()] make tf_to_crops done
[make_crop_data_batch()] render done
[make_crop_data_batch()] warp done
[make_crop_data_batch()] pose batch data done
[predict()] forward start
[predict()] forward done
[predict()] making cropped data
[make_crop_data_batch()] Welcome make_crop_data_batch
[make_crop_data_batch()] make tf_to_crops done
[make_crop_data_batch()] render done
[make_crop_data_batch()] warp done
[make_crop_data_batch()] pose batch data done
[predict()] forward start
[predict()] forward done
[track_one()] pose done
[351/1005] 000350.png
[track_one()] Welcome
[track_one()] depth processing done
[predict()] ob_in_cams:(1, 4, 4)
[predict()] self.cfg.use_normal:False
[predict()] trans_normalizer:[0.019999999552965164, 0.019999999552965164, 0.05000000074505806], rot_normalizer:0.3490658503988659
[predict()] making cropped data
[make_crop_data_batch()] Welcome make_crop_data_batch
[make_crop_data_batch()] make tf_to_crops done
[make_crop_data_batch()] render done
[make_crop_data_batch()] warp done
[make_crop_data_batch()] pose batch data done
[predict()] forward start
[predict()] forward done
[predict()] making cropped data
[make_crop_data_batch()] Welcome make_crop_data_batch
[make_crop_data_batch()] make tf_to_crops done
[make_crop_data_batch()] render done
[make_crop_data_batch()] warp done
[make_crop_data_batch()] pose batch data done
[predict()] forward start
[predict()] forward done
[track_one()] pose done
[352/1005] 000351.png
[track_one()] Welcome
[track_one()] depth processing done
[predict()] ob_in_cams:(1, 4, 4)
[predict()] self.cfg.use_normal:False
[predict()] trans_normalizer:[0.019999999552965164, 0.019999999552965164, 0.05000000074505806], rot_normalizer:0.3490658503988659
[predict()] making cropped data
[make_crop_data_batch()] Welcome make_crop_data_batch
[make_crop_data_batch()] make tf_to_crops done
[make_crop_data_batch()] render done
[make_crop_data_batch()] warp done
[make_crop_data_batch()] pose batch data done
[predict()] forward start
[predict()] forward done
[predict()] making cropped data
[make_crop_data_batch()] Welcome make_crop_data_batch
[make_crop_data_batch()] make tf_to_crops done
[make_crop_data_batch()] render done
[make_crop_data_batch()] warp done
[make_crop_data_batch()] pose batch data done
[predict()] forward start
[predict()] forward done
[track_one()] pose done
[353/1005] 000352.png
[track_one()] Welcome
[track_one()] depth processing done
[predict()] ob_in_cams:(1, 4, 4)
[predict()] self.cfg.use_normal:False
[predict()] trans_normalizer:[0.019999999552965164, 0.019999999552965164, 0.05000000074505806], rot_normalizer:0.3490658503988659
[predict()] making cropped data
[make_crop_data_batch()] Welcome make_crop_data_batch
[make_crop_data_batch()] make tf_to_crops done
[make_crop_data_batch()] render done
[make_crop_data_batch()] warp done
[make_crop_data_batch()] pose batch data done
[predict()] forward start
[predict()] forward done
[predict()] making cropped data
[make_crop_data_batch()] Welcome make_crop_data_batch
[make_crop_data_batch()] make tf_to_crops done
[make_crop_data_batch()] render done
[make_crop_data_batch()] warp done
[make_crop_data_batch()] pose batch data done
[predict()] forward start
[predict()] forward done
[track_one()] pose done
[354/1005] 000353.png
[track_one()] Welcome
[track_one()] depth processing done
[predict()] ob_in_cams:(1, 4, 4)
[predict()] self.cfg.use_normal:False
[predict()] trans_normalizer:[0.019999999552965164, 0.019999999552965164, 0.05000000074505806], rot_normalizer:0.3490658503988659
[predict()] making cropped data
[make_crop_data_batch()] Welcome make_crop_data_batch
[make_crop_data_batch()] make tf_to_crops done
[make_crop_data_batch()] render done
[make_crop_data_batch()] warp done
[make_crop_data_batch()] pose batch data done
[predict()] forward start
[predict()] forward done
[predict()] making cropped data
[make_crop_data_batch()] Welcome make_crop_data_batch
[make_crop_data_batch()] make tf_to_crops done
[make_crop_data_batch()] render done
[make_crop_data_batch()] warp done
[make_crop_data_batch()] pose batch data done
[predict()] forward start
[predict()] forward done
[track_one()] pose done
[355/1005] 000354.png
[track_one()] Welcome
[track_one()] depth processing done
[predict()] ob_in_cams:(1, 4, 4)
[predict()] self.cfg.use_normal:False
[predict()] trans_normalizer:[0.019999999552965164, 0.019999999552965164, 0.05000000074505806], rot_normalizer:0.3490658503988659
[predict()] making cropped data
[make_crop_data_batch()] Welcome make_crop_data_batch
[make_crop_data_batch()] make tf_to_crops done
[make_crop_data_batch()] render done
[make_crop_data_batch()] warp done
[make_crop_data_batch()] pose batch data done
[predict()] forward start
[predict()] forward done
[predict()] making cropped data
[make_crop_data_batch()] Welcome make_crop_data_batch
[make_crop_data_batch()] make tf_to_crops done
[make_crop_data_batch()] render done
[make_crop_data_batch()] warp done
[make_crop_data_batch()] pose batch data done
[predict()] forward start
[predict()] forward done
[track_one()] pose done
[356/1005] 000355.png
[track_one()] Welcome
[track_one()] depth processing done
[predict()] ob_in_cams:(1, 4, 4)
[predict()] self.cfg.use_normal:False
[predict()] trans_normalizer:[0.019999999552965164, 0.019999999552965164, 0.05000000074505806], rot_normalizer:0.3490658503988659
[predict()] making cropped data
[make_crop_data_batch()] Welcome make_crop_data_batch
[make_crop_data_batch()] make tf_to_crops done
[make_crop_data_batch()] render done
[make_crop_data_batch()] warp done
[make_crop_data_batch()] pose batch data done
[predict()] forward start
[predict()] forward done
[predict()] making cropped data
[make_crop_data_batch()] Welcome make_crop_data_batch
[make_crop_data_batch()] make tf_to_crops done
[make_crop_data_batch()] render done
[make_crop_data_batch()] warp done
[make_crop_data_batch()] pose batch data done
[predict()] forward start
[predict()] forward done
[track_one()] pose done
[357/1005] 000356.png
[track_one()] Welcome
[track_one()] depth processing done
[predict()] ob_in_cams:(1, 4, 4)
[predict()] self.cfg.use_normal:False
[predict()] trans_normalizer:[0.019999999552965164, 0.019999999552965164, 0.05000000074505806], rot_normalizer:0.3490658503988659
[predict()] making cropped data
[make_crop_data_batch()] Welcome make_crop_data_batch
[make_crop_data_batch()] make tf_to_crops done
[make_crop_data_batch()] render done
[make_crop_data_batch()] warp done
[make_crop_data_batch()] pose batch data done
[predict()] forward start
[predict()] forward done
[predict()] making cropped data
[make_crop_data_batch()] Welcome make_crop_data_batch
[make_crop_data_batch()] make tf_to_crops done
[make_crop_data_batch()] render done
[make_crop_data_batch()] warp done
[make_crop_data_batch()] pose batch data done
[predict()] forward start
[predict()] forward done
[track_one()] pose done
[358/1005] 000357.png
[track_one()] Welcome
[track_one()] depth processing done
[predict()] ob_in_cams:(1, 4, 4)
[predict()] self.cfg.use_normal:False
[predict()] trans_normalizer:[0.019999999552965164, 0.019999999552965164, 0.05000000074505806], rot_normalizer:0.3490658503988659
[predict()] making cropped data
[make_crop_data_batch()] Welcome make_crop_data_batch
[make_crop_data_batch()] make tf_to_crops done
[make_crop_data_batch()] render done
[make_crop_data_batch()] warp done
[make_crop_data_batch()] pose batch data done
[predict()] forward start
[predict()] forward done
[predict()] making cropped data
[make_crop_data_batch()] Welcome make_crop_data_batch
[make_crop_data_batch()] make tf_to_crops done
[make_crop_data_batch()] render done
[make_crop_data_batch()] warp done
[make_crop_data_batch()] pose batch data done
[predict()] forward start
[predict()] forward done
[track_one()] pose done
[359/1005] 000358.png
[track_one()] Welcome
[track_one()] depth processing done
[predict()] ob_in_cams:(1, 4, 4)
[predict()] self.cfg.use_normal:False
[predict()] trans_normalizer:[0.019999999552965164, 0.019999999552965164, 0.05000000074505806], rot_normalizer:0.3490658503988659
[predict()] making cropped data
[make_crop_data_batch()] Welcome make_crop_data_batch
[make_crop_data_batch()] make tf_to_crops done
[make_crop_data_batch()] render done
[make_crop_data_batch()] warp done
[make_crop_data_batch()] pose batch data done
[predict()] forward start
[predict()] forward done
[predict()] making cropped data
[make_crop_data_batch()] Welcome make_crop_data_batch
[make_crop_data_batch()] make tf_to_crops done
[make_crop_data_batch()] render done
[make_crop_data_batch()] warp done
[make_crop_data_batch()] pose batch data done
[predict()] forward start
[predict()] forward done
[track_one()] pose done
[360/1005] 000359.png
[track_one()] Welcome
[track_one()] depth processing done
[predict()] ob_in_cams:(1, 4, 4)
[predict()] self.cfg.use_normal:False
[predict()] trans_normalizer:[0.019999999552965164, 0.019999999552965164, 0.05000000074505806], rot_normalizer:0.3490658503988659
[predict()] making cropped data
[make_crop_data_batch()] Welcome make_crop_data_batch
[make_crop_data_batch()] make tf_to_crops done
[make_crop_data_batch()] render done
[make_crop_data_batch()] warp done
[make_crop_data_batch()] pose batch data done
[predict()] forward start
[predict()] forward done
[predict()] making cropped data
[make_crop_data_batch()] Welcome make_crop_data_batch
[make_crop_data_batch()] make tf_to_crops done
[make_crop_data_batch()] render done
[make_crop_data_batch()] warp done
[make_crop_data_batch()] pose batch data done
[predict()] forward start
[predict()] forward done
[track_one()] pose done
[361/1005] 000360.png
[track_one()] Welcome
[track_one()] depth processing done
[predict()] ob_in_cams:(1, 4, 4)
[predict()] self.cfg.use_normal:False
[predict()] trans_normalizer:[0.019999999552965164, 0.019999999552965164, 0.05000000074505806], rot_normalizer:0.3490658503988659
[predict()] making cropped data
[make_crop_data_batch()] Welcome make_crop_data_batch
[make_crop_data_batch()] make tf_to_crops done
[make_crop_data_batch()] render done
[make_crop_data_batch()] warp done
[make_crop_data_batch()] pose batch data done
[predict()] forward start
[predict()] forward done
[predict()] making cropped data
[make_crop_data_batch()] Welcome make_crop_data_batch
[make_crop_data_batch()] make tf_to_crops done
[make_crop_data_batch()] render done
[make_crop_data_batch()] warp done
[make_crop_data_batch()] pose batch data done
[predict()] forward start
[predict()] forward done
[track_one()] pose done
[362/1005] 000361.png
[track_one()] Welcome
[track_one()] depth processing done
[predict()] ob_in_cams:(1, 4, 4)
[predict()] self.cfg.use_normal:False
[predict()] trans_normalizer:[0.019999999552965164, 0.019999999552965164, 0.05000000074505806], rot_normalizer:0.3490658503988659
[predict()] making cropped data
[make_crop_data_batch()] Welcome make_crop_data_batch
[make_crop_data_batch()] make tf_to_crops done
[make_crop_data_batch()] render done
[make_crop_data_batch()] warp done
[make_crop_data_batch()] pose batch data done
[predict()] forward start
[predict()] forward done
[predict()] making cropped data
[make_crop_data_batch()] Welcome make_crop_data_batch
[make_crop_data_batch()] make tf_to_crops done
[make_crop_data_batch()] render done
[make_crop_data_batch()] warp done
[make_crop_data_batch()] pose batch data done
[predict()] forward start
[predict()] forward done
[track_one()] pose done
[363/1005] 000362.png
[track_one()] Welcome
[track_one()] depth processing done
[predict()] ob_in_cams:(1, 4, 4)
[predict()] self.cfg.use_normal:False
[predict()] trans_normalizer:[0.019999999552965164, 0.019999999552965164, 0.05000000074505806], rot_normalizer:0.3490658503988659
[predict()] making cropped data
[make_crop_data_batch()] Welcome make_crop_data_batch
[make_crop_data_batch()] make tf_to_crops done
[make_crop_data_batch()] render done
[make_crop_data_batch()] warp done
[make_crop_data_batch()] pose batch data done
[predict()] forward start
[predict()] forward done
[predict()] making cropped data
[make_crop_data_batch()] Welcome make_crop_data_batch
[make_crop_data_batch()] make tf_to_crops done
[make_crop_data_batch()] render done
[make_crop_data_batch()] warp done
[make_crop_data_batch()] pose batch data done
[predict()] forward start
[predict()] forward done
[track_one()] pose done
[364/1005] 000363.png
[track_one()] Welcome
[track_one()] depth processing done
[predict()] ob_in_cams:(1, 4, 4)
[predict()] self.cfg.use_normal:False
[predict()] trans_normalizer:[0.019999999552965164, 0.019999999552965164, 0.05000000074505806], rot_normalizer:0.3490658503988659
[predict()] making cropped data
[make_crop_data_batch()] Welcome make_crop_data_batch
[make_crop_data_batch()] make tf_to_crops done
[make_crop_data_batch()] render done
[make_crop_data_batch()] warp done
[make_crop_data_batch()] pose batch data done
[predict()] forward start
[predict()] forward done
[predict()] making cropped data
[make_crop_data_batch()] Welcome make_crop_data_batch
[make_crop_data_batch()] make tf_to_crops done
[make_crop_data_batch()] render done
[make_crop_data_batch()] warp done
[make_crop_data_batch()] pose batch data done
[predict()] forward start
[predict()] forward done
[track_one()] pose done
[365/1005] 000364.png
[track_one()] Welcome
[track_one()] depth processing done
[predict()] ob_in_cams:(1, 4, 4)
[predict()] self.cfg.use_normal:False
[predict()] trans_normalizer:[0.019999999552965164, 0.019999999552965164, 0.05000000074505806], rot_normalizer:0.3490658503988659
[predict()] making cropped data
[make_crop_data_batch()] Welcome make_crop_data_batch
[make_crop_data_batch()] make tf_to_crops done
[make_crop_data_batch()] render done
[make_crop_data_batch()] warp done
[make_crop_data_batch()] pose batch data done
[predict()] forward start
[predict()] forward done
[predict()] making cropped data
[make_crop_data_batch()] Welcome make_crop_data_batch
[make_crop_data_batch()] make tf_to_crops done
[make_crop_data_batch()] render done
[make_crop_data_batch()] warp done
[make_crop_data_batch()] pose batch data done
[predict()] forward start
[predict()] forward done
[track_one()] pose done
[366/1005] 000365.png
[track_one()] Welcome
[track_one()] depth processing done
[predict()] ob_in_cams:(1, 4, 4)
[predict()] self.cfg.use_normal:False
[predict()] trans_normalizer:[0.019999999552965164, 0.019999999552965164, 0.05000000074505806], rot_normalizer:0.3490658503988659
[predict()] making cropped data
[make_crop_data_batch()] Welcome make_crop_data_batch
[make_crop_data_batch()] make tf_to_crops done
[make_crop_data_batch()] render done
[make_crop_data_batch()] warp done
[make_crop_data_batch()] pose batch data done
[predict()] forward start
[predict()] forward done
[predict()] making cropped data
[make_crop_data_batch()] Welcome make_crop_data_batch
[make_crop_data_batch()] make tf_to_crops done
[make_crop_data_batch()] render done
[make_crop_data_batch()] warp done
[make_crop_data_batch()] pose batch data done
[predict()] forward start
[predict()] forward done
[track_one()] pose done
[367/1005] 000366.png
[track_one()] Welcome
[track_one()] depth processing done
[predict()] ob_in_cams:(1, 4, 4)
[predict()] self.cfg.use_normal:False
[predict()] trans_normalizer:[0.019999999552965164, 0.019999999552965164, 0.05000000074505806], rot_normalizer:0.3490658503988659
[predict()] making cropped data
[make_crop_data_batch()] Welcome make_crop_data_batch
[make_crop_data_batch()] make tf_to_crops done
[make_crop_data_batch()] render done
[make_crop_data_batch()] warp done
[make_crop_data_batch()] pose batch data done
[predict()] forward start
[predict()] forward done
[predict()] making cropped data
[make_crop_data_batch()] Welcome make_crop_data_batch
[make_crop_data_batch()] make tf_to_crops done
[make_crop_data_batch()] render done
[make_crop_data_batch()] warp done
[make_crop_data_batch()] pose batch data done
[predict()] forward start
[predict()] forward done
[track_one()] pose done
[368/1005] 000367.png
[track_one()] Welcome
[track_one()] depth processing done
[predict()] ob_in_cams:(1, 4, 4)
[predict()] self.cfg.use_normal:False
[predict()] trans_normalizer:[0.019999999552965164, 0.019999999552965164, 0.05000000074505806], rot_normalizer:0.3490658503988659
[predict()] making cropped data
[make_crop_data_batch()] Welcome make_crop_data_batch
[make_crop_data_batch()] make tf_to_crops done
[make_crop_data_batch()] render done
[make_crop_data_batch()] warp done
[make_crop_data_batch()] pose batch data done
[predict()] forward start
[predict()] forward done
[predict()] making cropped data
[make_crop_data_batch()] Welcome make_crop_data_batch
[make_crop_data_batch()] make tf_to_crops done
[make_crop_data_batch()] render done
[make_crop_data_batch()] warp done
[make_crop_data_batch()] pose batch data done
[predict()] forward start
[predict()] forward done
[track_one()] pose done
[369/1005] 000368.png
[track_one()] Welcome
[track_one()] depth processing done
[predict()] ob_in_cams:(1, 4, 4)
[predict()] self.cfg.use_normal:False
[predict()] trans_normalizer:[0.019999999552965164, 0.019999999552965164, 0.05000000074505806], rot_normalizer:0.3490658503988659
[predict()] making cropped data
[make_crop_data_batch()] Welcome make_crop_data_batch
[make_crop_data_batch()] make tf_to_crops done
[make_crop_data_batch()] render done
[make_crop_data_batch()] warp done
[make_crop_data_batch()] pose batch data done
[predict()] forward start
[predict()] forward done
[predict()] making cropped data
[make_crop_data_batch()] Welcome make_crop_data_batch
[make_crop_data_batch()] make tf_to_crops done
[make_crop_data_batch()] render done
[make_crop_data_batch()] warp done
[make_crop_data_batch()] pose batch data done
[predict()] forward start
[predict()] forward done
[track_one()] pose done
[370/1005] 000369.png
[track_one()] Welcome
[track_one()] depth processing done
[predict()] ob_in_cams:(1, 4, 4)
[predict()] self.cfg.use_normal:False
[predict()] trans_normalizer:[0.019999999552965164, 0.019999999552965164, 0.05000000074505806], rot_normalizer:0.3490658503988659
[predict()] making cropped data
[make_crop_data_batch()] Welcome make_crop_data_batch
[make_crop_data_batch()] make tf_to_crops done
[make_crop_data_batch()] render done
[make_crop_data_batch()] warp done
[make_crop_data_batch()] pose batch data done
[predict()] forward start
[predict()] forward done
[predict()] making cropped data
[make_crop_data_batch()] Welcome make_crop_data_batch
[make_crop_data_batch()] make tf_to_crops done
[make_crop_data_batch()] render done
[make_crop_data_batch()] warp done
[make_crop_data_batch()] pose batch data done
[predict()] forward start
[predict()] forward done
[track_one()] pose done
[371/1005] 000370.png
[track_one()] Welcome
[track_one()] depth processing done
[predict()] ob_in_cams:(1, 4, 4)
[predict()] self.cfg.use_normal:False
[predict()] trans_normalizer:[0.019999999552965164, 0.019999999552965164, 0.05000000074505806], rot_normalizer:0.3490658503988659
[predict()] making cropped data
[make_crop_data_batch()] Welcome make_crop_data_batch
[make_crop_data_batch()] make tf_to_crops done
[make_crop_data_batch()] render done
[make_crop_data_batch()] warp done
[make_crop_data_batch()] pose batch data done
[predict()] forward start
[predict()] forward done
[predict()] making cropped data
[make_crop_data_batch()] Welcome make_crop_data_batch
[make_crop_data_batch()] make tf_to_crops done
[make_crop_data_batch()] render done
[make_crop_data_batch()] warp done
[make_crop_data_batch()] pose batch data done
[predict()] forward start
[predict()] forward done
[track_one()] pose done
[372/1005] 000371.png
[track_one()] Welcome
[track_one()] depth processing done
[predict()] ob_in_cams:(1, 4, 4)
[predict()] self.cfg.use_normal:False
[predict()] trans_normalizer:[0.019999999552965164, 0.019999999552965164, 0.05000000074505806], rot_normalizer:0.3490658503988659
[predict()] making cropped data
[make_crop_data_batch()] Welcome make_crop_data_batch
[make_crop_data_batch()] make tf_to_crops done
[make_crop_data_batch()] render done
[make_crop_data_batch()] warp done
[make_crop_data_batch()] pose batch data done
[predict()] forward start
[predict()] forward done
[predict()] making cropped data
[make_crop_data_batch()] Welcome make_crop_data_batch
[make_crop_data_batch()] make tf_to_crops done
[make_crop_data_batch()] render done
[make_crop_data_batch()] warp done
[make_crop_data_batch()] pose batch data done
[predict()] forward start
[predict()] forward done
[track_one()] pose done
[373/1005] 000372.png
[track_one()] Welcome
[track_one()] depth processing done
[predict()] ob_in_cams:(1, 4, 4)
[predict()] self.cfg.use_normal:False
[predict()] trans_normalizer:[0.019999999552965164, 0.019999999552965164, 0.05000000074505806], rot_normalizer:0.3490658503988659
[predict()] making cropped data
[make_crop_data_batch()] Welcome make_crop_data_batch
[make_crop_data_batch()] make tf_to_crops done
[make_crop_data_batch()] render done
[make_crop_data_batch()] warp done
[make_crop_data_batch()] pose batch data done
[predict()] forward start
[predict()] forward done
[predict()] making cropped data
[make_crop_data_batch()] Welcome make_crop_data_batch
[make_crop_data_batch()] make tf_to_crops done
[make_crop_data_batch()] render done
[make_crop_data_batch()] warp done
[make_crop_data_batch()] pose batch data done
[predict()] forward start
[predict()] forward done
[track_one()] pose done
[374/1005] 000373.png
[track_one()] Welcome
[track_one()] depth processing done
[predict()] ob_in_cams:(1, 4, 4)
[predict()] self.cfg.use_normal:False
[predict()] trans_normalizer:[0.019999999552965164, 0.019999999552965164, 0.05000000074505806], rot_normalizer:0.3490658503988659
[predict()] making cropped data
[make_crop_data_batch()] Welcome make_crop_data_batch
[make_crop_data_batch()] make tf_to_crops done
[make_crop_data_batch()] render done
[make_crop_data_batch()] warp done
[make_crop_data_batch()] pose batch data done
[predict()] forward start
[predict()] forward done
[predict()] making cropped data
[make_crop_data_batch()] Welcome make_crop_data_batch
[make_crop_data_batch()] make tf_to_crops done
[make_crop_data_batch()] render done
[make_crop_data_batch()] warp done
[make_crop_data_batch()] pose batch data done
[predict()] forward start
[predict()] forward done
[track_one()] pose done
[375/1005] 000374.png
[track_one()] Welcome
[track_one()] depth processing done
[predict()] ob_in_cams:(1, 4, 4)
[predict()] self.cfg.use_normal:False
[predict()] trans_normalizer:[0.019999999552965164, 0.019999999552965164, 0.05000000074505806], rot_normalizer:0.3490658503988659
[predict()] making cropped data
[make_crop_data_batch()] Welcome make_crop_data_batch
[make_crop_data_batch()] make tf_to_crops done
[make_crop_data_batch()] render done
[make_crop_data_batch()] warp done
[make_crop_data_batch()] pose batch data done
[predict()] forward start
[predict()] forward done
[predict()] making cropped data
[make_crop_data_batch()] Welcome make_crop_data_batch
[make_crop_data_batch()] make tf_to_crops done
[make_crop_data_batch()] render done
[make_crop_data_batch()] warp done
[make_crop_data_batch()] pose batch data done
[predict()] forward start
[predict()] forward done
[track_one()] pose done
[376/1005] 000375.png
[track_one()] Welcome
[track_one()] depth processing done
[predict()] ob_in_cams:(1, 4, 4)
[predict()] self.cfg.use_normal:False
[predict()] trans_normalizer:[0.019999999552965164, 0.019999999552965164, 0.05000000074505806], rot_normalizer:0.3490658503988659
[predict()] making cropped data
[make_crop_data_batch()] Welcome make_crop_data_batch
[make_crop_data_batch()] make tf_to_crops done
[make_crop_data_batch()] render done
[make_crop_data_batch()] warp done
[make_crop_data_batch()] pose batch data done
[predict()] forward start
[predict()] forward done
[predict()] making cropped data
[make_crop_data_batch()] Welcome make_crop_data_batch
[make_crop_data_batch()] make tf_to_crops done
[make_crop_data_batch()] render done
[make_crop_data_batch()] warp done
[make_crop_data_batch()] pose batch data done
[predict()] forward start
[predict()] forward done
[track_one()] pose done
[377/1005] 000376.png
[track_one()] Welcome
[track_one()] depth processing done
[predict()] ob_in_cams:(1, 4, 4)
[predict()] self.cfg.use_normal:False
[predict()] trans_normalizer:[0.019999999552965164, 0.019999999552965164, 0.05000000074505806], rot_normalizer:0.3490658503988659
[predict()] making cropped data
[make_crop_data_batch()] Welcome make_crop_data_batch
[make_crop_data_batch()] make tf_to_crops done
[make_crop_data_batch()] render done
[make_crop_data_batch()] warp done
[make_crop_data_batch()] pose batch data done
[predict()] forward start
[predict()] forward done
[predict()] making cropped data
[make_crop_data_batch()] Welcome make_crop_data_batch
[make_crop_data_batch()] make tf_to_crops done
[make_crop_data_batch()] render done
[make_crop_data_batch()] warp done
[make_crop_data_batch()] pose batch data done
[predict()] forward start
[predict()] forward done
[track_one()] pose done
[378/1005] 000377.png
[track_one()] Welcome
[track_one()] depth processing done
[predict()] ob_in_cams:(1, 4, 4)
[predict()] self.cfg.use_normal:False
[predict()] trans_normalizer:[0.019999999552965164, 0.019999999552965164, 0.05000000074505806], rot_normalizer:0.3490658503988659
[predict()] making cropped data
[make_crop_data_batch()] Welcome make_crop_data_batch
[make_crop_data_batch()] make tf_to_crops done
[make_crop_data_batch()] render done
[make_crop_data_batch()] warp done
[make_crop_data_batch()] pose batch data done
[predict()] forward start
[predict()] forward done
[predict()] making cropped data
[make_crop_data_batch()] Welcome make_crop_data_batch
[make_crop_data_batch()] make tf_to_crops done
[make_crop_data_batch()] render done
[make_crop_data_batch()] warp done
[make_crop_data_batch()] pose batch data done
[predict()] forward start
[predict()] forward done
[track_one()] pose done
[379/1005] 000378.png
[track_one()] Welcome
[track_one()] depth processing done
[predict()] ob_in_cams:(1, 4, 4)
[predict()] self.cfg.use_normal:False
[predict()] trans_normalizer:[0.019999999552965164, 0.019999999552965164, 0.05000000074505806], rot_normalizer:0.3490658503988659
[predict()] making cropped data
[make_crop_data_batch()] Welcome make_crop_data_batch
[make_crop_data_batch()] make tf_to_crops done
[make_crop_data_batch()] render done
[make_crop_data_batch()] warp done
[make_crop_data_batch()] pose batch data done
[predict()] forward start
[predict()] forward done
[predict()] making cropped data
[make_crop_data_batch()] Welcome make_crop_data_batch
[make_crop_data_batch()] make tf_to_crops done
[make_crop_data_batch()] render done
[make_crop_data_batch()] warp done
[make_crop_data_batch()] pose batch data done
[predict()] forward start
[predict()] forward done
[track_one()] pose done
[380/1005] 000379.png
[track_one()] Welcome
[track_one()] depth processing done
[predict()] ob_in_cams:(1, 4, 4)
[predict()] self.cfg.use_normal:False
[predict()] trans_normalizer:[0.019999999552965164, 0.019999999552965164, 0.05000000074505806], rot_normalizer:0.3490658503988659
[predict()] making cropped data
[make_crop_data_batch()] Welcome make_crop_data_batch
[make_crop_data_batch()] make tf_to_crops done
[make_crop_data_batch()] render done
[make_crop_data_batch()] warp done
[make_crop_data_batch()] pose batch data done
[predict()] forward start
[predict()] forward done
[predict()] making cropped data
[make_crop_data_batch()] Welcome make_crop_data_batch
[make_crop_data_batch()] make tf_to_crops done
[make_crop_data_batch()] render done
[make_crop_data_batch()] warp done
[make_crop_data_batch()] pose batch data done
[predict()] forward start
[predict()] forward done
[track_one()] pose done
[381/1005] 000380.png
[track_one()] Welcome
[track_one()] depth processing done
[predict()] ob_in_cams:(1, 4, 4)
[predict()] self.cfg.use_normal:False
[predict()] trans_normalizer:[0.019999999552965164, 0.019999999552965164, 0.05000000074505806], rot_normalizer:0.3490658503988659
[predict()] making cropped data
[make_crop_data_batch()] Welcome make_crop_data_batch
[make_crop_data_batch()] make tf_to_crops done
[make_crop_data_batch()] render done
[make_crop_data_batch()] warp done
[make_crop_data_batch()] pose batch data done
[predict()] forward start
[predict()] forward done
[predict()] making cropped data
[make_crop_data_batch()] Welcome make_crop_data_batch
[make_crop_data_batch()] make tf_to_crops done
[make_crop_data_batch()] render done
[make_crop_data_batch()] warp done
[make_crop_data_batch()] pose batch data done
[predict()] forward start
[predict()] forward done
[track_one()] pose done
[382/1005] 000381.png
[track_one()] Welcome
[track_one()] depth processing done
[predict()] ob_in_cams:(1, 4, 4)
[predict()] self.cfg.use_normal:False
[predict()] trans_normalizer:[0.019999999552965164, 0.019999999552965164, 0.05000000074505806], rot_normalizer:0.3490658503988659
[predict()] making cropped data
[make_crop_data_batch()] Welcome make_crop_data_batch
[make_crop_data_batch()] make tf_to_crops done
[make_crop_data_batch()] render done
[make_crop_data_batch()] warp done
[make_crop_data_batch()] pose batch data done
[predict()] forward start
[predict()] forward done
[predict()] making cropped data
[make_crop_data_batch()] Welcome make_crop_data_batch
[make_crop_data_batch()] make tf_to_crops done
[make_crop_data_batch()] render done
[make_crop_data_batch()] warp done
[make_crop_data_batch()] pose batch data done
[predict()] forward start
[predict()] forward done
[track_one()] pose done
[383/1005] 000382.png
[track_one()] Welcome
[track_one()] depth processing done
[predict()] ob_in_cams:(1, 4, 4)
[predict()] self.cfg.use_normal:False
[predict()] trans_normalizer:[0.019999999552965164, 0.019999999552965164, 0.05000000074505806], rot_normalizer:0.3490658503988659
[predict()] making cropped data
[make_crop_data_batch()] Welcome make_crop_data_batch
[make_crop_data_batch()] make tf_to_crops done
[make_crop_data_batch()] render done
[make_crop_data_batch()] warp done
[make_crop_data_batch()] pose batch data done
[predict()] forward start
[predict()] forward done
[predict()] making cropped data
[make_crop_data_batch()] Welcome make_crop_data_batch
[make_crop_data_batch()] make tf_to_crops done
[make_crop_data_batch()] render done
[make_crop_data_batch()] warp done
[make_crop_data_batch()] pose batch data done
[predict()] forward start
[predict()] forward done
[track_one()] pose done
[384/1005] 000383.png
[track_one()] Welcome
[track_one()] depth processing done
[predict()] ob_in_cams:(1, 4, 4)
[predict()] self.cfg.use_normal:False
[predict()] trans_normalizer:[0.019999999552965164, 0.019999999552965164, 0.05000000074505806], rot_normalizer:0.3490658503988659
[predict()] making cropped data
[make_crop_data_batch()] Welcome make_crop_data_batch
[make_crop_data_batch()] make tf_to_crops done
[make_crop_data_batch()] render done
[make_crop_data_batch()] warp done
[make_crop_data_batch()] pose batch data done
[predict()] forward start
[predict()] forward done
[predict()] making cropped data
[make_crop_data_batch()] Welcome make_crop_data_batch
[make_crop_data_batch()] make tf_to_crops done
[make_crop_data_batch()] render done
[make_crop_data_batch()] warp done
[make_crop_data_batch()] pose batch data done
[predict()] forward start
[predict()] forward done
[track_one()] pose done
[385/1005] 000384.png
[track_one()] Welcome
[track_one()] depth processing done
[predict()] ob_in_cams:(1, 4, 4)
[predict()] self.cfg.use_normal:False
[predict()] trans_normalizer:[0.019999999552965164, 0.019999999552965164, 0.05000000074505806], rot_normalizer:0.3490658503988659
[predict()] making cropped data
[make_crop_data_batch()] Welcome make_crop_data_batch
[make_crop_data_batch()] make tf_to_crops done
[make_crop_data_batch()] render done
[make_crop_data_batch()] warp done
[make_crop_data_batch()] pose batch data done
[predict()] forward start
[predict()] forward done
[predict()] making cropped data
[make_crop_data_batch()] Welcome make_crop_data_batch
[make_crop_data_batch()] make tf_to_crops done
[make_crop_data_batch()] render done
[make_crop_data_batch()] warp done
[make_crop_data_batch()] pose batch data done
[predict()] forward start
[predict()] forward done
[track_one()] pose done
[386/1005] 000385.png
[track_one()] Welcome
[track_one()] depth processing done
[predict()] ob_in_cams:(1, 4, 4)
[predict()] self.cfg.use_normal:False
[predict()] trans_normalizer:[0.019999999552965164, 0.019999999552965164, 0.05000000074505806], rot_normalizer:0.3490658503988659
[predict()] making cropped data
[make_crop_data_batch()] Welcome make_crop_data_batch
[make_crop_data_batch()] make tf_to_crops done
[make_crop_data_batch()] render done
[make_crop_data_batch()] warp done
[make_crop_data_batch()] pose batch data done
[predict()] forward start
[predict()] forward done
[predict()] making cropped data
[make_crop_data_batch()] Welcome make_crop_data_batch
[make_crop_data_batch()] make tf_to_crops done
[make_crop_data_batch()] render done
[make_crop_data_batch()] warp done
[make_crop_data_batch()] pose batch data done
[predict()] forward start
[predict()] forward done
[track_one()] pose done
[387/1005] 000386.png
[track_one()] Welcome
[track_one()] depth processing done
[predict()] ob_in_cams:(1, 4, 4)
[predict()] self.cfg.use_normal:False
[predict()] trans_normalizer:[0.019999999552965164, 0.019999999552965164, 0.05000000074505806], rot_normalizer:0.3490658503988659
[predict()] making cropped data
[make_crop_data_batch()] Welcome make_crop_data_batch
[make_crop_data_batch()] make tf_to_crops done
[make_crop_data_batch()] render done
[make_crop_data_batch()] warp done
[make_crop_data_batch()] pose batch data done
[predict()] forward start
[predict()] forward done
[predict()] making cropped data
[make_crop_data_batch()] Welcome make_crop_data_batch
[make_crop_data_batch()] make tf_to_crops done
[make_crop_data_batch()] render done
[make_crop_data_batch()] warp done
[make_crop_data_batch()] pose batch data done
[predict()] forward start
[predict()] forward done
[track_one()] pose done
[388/1005] 000387.png
[track_one()] Welcome
[track_one()] depth processing done
[predict()] ob_in_cams:(1, 4, 4)
[predict()] self.cfg.use_normal:False
[predict()] trans_normalizer:[0.019999999552965164, 0.019999999552965164, 0.05000000074505806], rot_normalizer:0.3490658503988659
[predict()] making cropped data
[make_crop_data_batch()] Welcome make_crop_data_batch
[make_crop_data_batch()] make tf_to_crops done
[make_crop_data_batch()] render done
[make_crop_data_batch()] warp done
[make_crop_data_batch()] pose batch data done
[predict()] forward start
[predict()] forward done
[predict()] making cropped data
[make_crop_data_batch()] Welcome make_crop_data_batch
[make_crop_data_batch()] make tf_to_crops done
[make_crop_data_batch()] render done
[make_crop_data_batch()] warp done
[make_crop_data_batch()] pose batch data done
[predict()] forward start
[predict()] forward done
[track_one()] pose done
[389/1005] 000388.png
[track_one()] Welcome
[track_one()] depth processing done
[predict()] ob_in_cams:(1, 4, 4)
[predict()] self.cfg.use_normal:False
[predict()] trans_normalizer:[0.019999999552965164, 0.019999999552965164, 0.05000000074505806], rot_normalizer:0.3490658503988659
[predict()] making cropped data
[make_crop_data_batch()] Welcome make_crop_data_batch
[make_crop_data_batch()] make tf_to_crops done
[make_crop_data_batch()] render done
[make_crop_data_batch()] warp done
[make_crop_data_batch()] pose batch data done
[predict()] forward start
[predict()] forward done
[predict()] making cropped data
[make_crop_data_batch()] Welcome make_crop_data_batch
[make_crop_data_batch()] make tf_to_crops done
[make_crop_data_batch()] render done
[make_crop_data_batch()] warp done
[make_crop_data_batch()] pose batch data done
[predict()] forward start
[predict()] forward done
[track_one()] pose done
[390/1005] 000389.png
[track_one()] Welcome
[track_one()] depth processing done
[predict()] ob_in_cams:(1, 4, 4)
[predict()] self.cfg.use_normal:False
[predict()] trans_normalizer:[0.019999999552965164, 0.019999999552965164, 0.05000000074505806], rot_normalizer:0.3490658503988659
[predict()] making cropped data
[make_crop_data_batch()] Welcome make_crop_data_batch
[make_crop_data_batch()] make tf_to_crops done
[make_crop_data_batch()] render done
[make_crop_data_batch()] warp done
[make_crop_data_batch()] pose batch data done
[predict()] forward start
[predict()] forward done
[predict()] making cropped data
[make_crop_data_batch()] Welcome make_crop_data_batch
[make_crop_data_batch()] make tf_to_crops done
[make_crop_data_batch()] render done
[make_crop_data_batch()] warp done
[make_crop_data_batch()] pose batch data done
[predict()] forward start
[predict()] forward done
[track_one()] pose done
[391/1005] 000390.png
[track_one()] Welcome
[track_one()] depth processing done
[predict()] ob_in_cams:(1, 4, 4)
[predict()] self.cfg.use_normal:False
[predict()] trans_normalizer:[0.019999999552965164, 0.019999999552965164, 0.05000000074505806], rot_normalizer:0.3490658503988659
[predict()] making cropped data
[make_crop_data_batch()] Welcome make_crop_data_batch
[make_crop_data_batch()] make tf_to_crops done
[make_crop_data_batch()] render done
[make_crop_data_batch()] warp done
[make_crop_data_batch()] pose batch data done
[predict()] forward start
[predict()] forward done
[predict()] making cropped data
[make_crop_data_batch()] Welcome make_crop_data_batch
[make_crop_data_batch()] make tf_to_crops done
[make_crop_data_batch()] render done
[make_crop_data_batch()] warp done
[make_crop_data_batch()] pose batch data done
[predict()] forward start
[predict()] forward done
[track_one()] pose done
[392/1005] 000391.png
[track_one()] Welcome
[track_one()] depth processing done
[predict()] ob_in_cams:(1, 4, 4)
[predict()] self.cfg.use_normal:False
[predict()] trans_normalizer:[0.019999999552965164, 0.019999999552965164, 0.05000000074505806], rot_normalizer:0.3490658503988659
[predict()] making cropped data
[make_crop_data_batch()] Welcome make_crop_data_batch
[make_crop_data_batch()] make tf_to_crops done
[make_crop_data_batch()] render done
[make_crop_data_batch()] warp done
[make_crop_data_batch()] pose batch data done
[predict()] forward start
[predict()] forward done
[predict()] making cropped data
[make_crop_data_batch()] Welcome make_crop_data_batch
[make_crop_data_batch()] make tf_to_crops done
[make_crop_data_batch()] render done
[make_crop_data_batch()] warp done
[make_crop_data_batch()] pose batch data done
[predict()] forward start
[predict()] forward done
[track_one()] pose done
[393/1005] 000392.png
[track_one()] Welcome
[track_one()] depth processing done
[predict()] ob_in_cams:(1, 4, 4)
[predict()] self.cfg.use_normal:False
[predict()] trans_normalizer:[0.019999999552965164, 0.019999999552965164, 0.05000000074505806], rot_normalizer:0.3490658503988659
[predict()] making cropped data
[make_crop_data_batch()] Welcome make_crop_data_batch
[make_crop_data_batch()] make tf_to_crops done
[make_crop_data_batch()] render done
[make_crop_data_batch()] warp done
[make_crop_data_batch()] pose batch data done
[predict()] forward start
[predict()] forward done
[predict()] making cropped data
[make_crop_data_batch()] Welcome make_crop_data_batch
[make_crop_data_batch()] make tf_to_crops done
[make_crop_data_batch()] render done
[make_crop_data_batch()] warp done
[make_crop_data_batch()] pose batch data done
[predict()] forward start
[predict()] forward done
[track_one()] pose done
[394/1005] 000393.png
[track_one()] Welcome
[track_one()] depth processing done
[predict()] ob_in_cams:(1, 4, 4)
[predict()] self.cfg.use_normal:False
[predict()] trans_normalizer:[0.019999999552965164, 0.019999999552965164, 0.05000000074505806], rot_normalizer:0.3490658503988659
[predict()] making cropped data
[make_crop_data_batch()] Welcome make_crop_data_batch
[make_crop_data_batch()] make tf_to_crops done
[make_crop_data_batch()] render done
[make_crop_data_batch()] warp done
[make_crop_data_batch()] pose batch data done
[predict()] forward start
[predict()] forward done
[predict()] making cropped data
[make_crop_data_batch()] Welcome make_crop_data_batch
[make_crop_data_batch()] make tf_to_crops done
[make_crop_data_batch()] render done
[make_crop_data_batch()] warp done
[make_crop_data_batch()] pose batch data done
[predict()] forward start
[predict()] forward done
[track_one()] pose done
[395/1005] 000394.png
[track_one()] Welcome
[track_one()] depth processing done
[predict()] ob_in_cams:(1, 4, 4)
[predict()] self.cfg.use_normal:False
[predict()] trans_normalizer:[0.019999999552965164, 0.019999999552965164, 0.05000000074505806], rot_normalizer:0.3490658503988659
[predict()] making cropped data
[make_crop_data_batch()] Welcome make_crop_data_batch
[make_crop_data_batch()] make tf_to_crops done
[make_crop_data_batch()] render done
[make_crop_data_batch()] warp done
[make_crop_data_batch()] pose batch data done
[predict()] forward start
[predict()] forward done
[predict()] making cropped data
[make_crop_data_batch()] Welcome make_crop_data_batch
[make_crop_data_batch()] make tf_to_crops done
[make_crop_data_batch()] render done
[make_crop_data_batch()] warp done
[make_crop_data_batch()] pose batch data done
[predict()] forward start
[predict()] forward done
[track_one()] pose done
[396/1005] 000395.png
[track_one()] Welcome
[track_one()] depth processing done
[predict()] ob_in_cams:(1, 4, 4)
[predict()] self.cfg.use_normal:False
[predict()] trans_normalizer:[0.019999999552965164, 0.019999999552965164, 0.05000000074505806], rot_normalizer:0.3490658503988659
[predict()] making cropped data
[make_crop_data_batch()] Welcome make_crop_data_batch
[make_crop_data_batch()] make tf_to_crops done
[make_crop_data_batch()] render done
[make_crop_data_batch()] warp done
[make_crop_data_batch()] pose batch data done
[predict()] forward start
[predict()] forward done
[predict()] making cropped data
[make_crop_data_batch()] Welcome make_crop_data_batch
[make_crop_data_batch()] make tf_to_crops done
[make_crop_data_batch()] render done
[make_crop_data_batch()] warp done
[make_crop_data_batch()] pose batch data done
[predict()] forward start
[predict()] forward done
[track_one()] pose done
[397/1005] 000396.png
[track_one()] Welcome
[track_one()] depth processing done
[predict()] ob_in_cams:(1, 4, 4)
[predict()] self.cfg.use_normal:False
[predict()] trans_normalizer:[0.019999999552965164, 0.019999999552965164, 0.05000000074505806], rot_normalizer:0.3490658503988659
[predict()] making cropped data
[make_crop_data_batch()] Welcome make_crop_data_batch
[make_crop_data_batch()] make tf_to_crops done
[make_crop_data_batch()] render done
[make_crop_data_batch()] warp done
[make_crop_data_batch()] pose batch data done
[predict()] forward start
[predict()] forward done
[predict()] making cropped data
[make_crop_data_batch()] Welcome make_crop_data_batch
[make_crop_data_batch()] make tf_to_crops done
[make_crop_data_batch()] render done
[make_crop_data_batch()] warp done
[make_crop_data_batch()] pose batch data done
[predict()] forward start
[predict()] forward done
[track_one()] pose done
[398/1005] 000397.png
[track_one()] Welcome
[track_one()] depth processing done
[predict()] ob_in_cams:(1, 4, 4)
[predict()] self.cfg.use_normal:False
[predict()] trans_normalizer:[0.019999999552965164, 0.019999999552965164, 0.05000000074505806], rot_normalizer:0.3490658503988659
[predict()] making cropped data
[make_crop_data_batch()] Welcome make_crop_data_batch
[make_crop_data_batch()] make tf_to_crops done
[make_crop_data_batch()] render done
[make_crop_data_batch()] warp done
[make_crop_data_batch()] pose batch data done
[predict()] forward start
[predict()] forward done
[predict()] making cropped data
[make_crop_data_batch()] Welcome make_crop_data_batch
[make_crop_data_batch()] make tf_to_crops done
[make_crop_data_batch()] render done
[make_crop_data_batch()] warp done
[make_crop_data_batch()] pose batch data done
[predict()] forward start
[predict()] forward done
[track_one()] pose done
[399/1005] 000398.png
[track_one()] Welcome
[track_one()] depth processing done
[predict()] ob_in_cams:(1, 4, 4)
[predict()] self.cfg.use_normal:False
[predict()] trans_normalizer:[0.019999999552965164, 0.019999999552965164, 0.05000000074505806], rot_normalizer:0.3490658503988659
[predict()] making cropped data
[make_crop_data_batch()] Welcome make_crop_data_batch
[make_crop_data_batch()] make tf_to_crops done
[make_crop_data_batch()] render done
[make_crop_data_batch()] warp done
[make_crop_data_batch()] pose batch data done
[predict()] forward start
[predict()] forward done
[predict()] making cropped data
[make_crop_data_batch()] Welcome make_crop_data_batch
[make_crop_data_batch()] make tf_to_crops done
[make_crop_data_batch()] render done
[make_crop_data_batch()] warp done
[make_crop_data_batch()] pose batch data done
[predict()] forward start
[predict()] forward done
[track_one()] pose done
[400/1005] 000399.png
[track_one()] Welcome
[track_one()] depth processing done
[predict()] ob_in_cams:(1, 4, 4)
[predict()] self.cfg.use_normal:False
[predict()] trans_normalizer:[0.019999999552965164, 0.019999999552965164, 0.05000000074505806], rot_normalizer:0.3490658503988659
[predict()] making cropped data
[make_crop_data_batch()] Welcome make_crop_data_batch
[make_crop_data_batch()] make tf_to_crops done
[make_crop_data_batch()] render done
[make_crop_data_batch()] warp done
[make_crop_data_batch()] pose batch data done
[predict()] forward start
[predict()] forward done
[predict()] making cropped data
[make_crop_data_batch()] Welcome make_crop_data_batch
[make_crop_data_batch()] make tf_to_crops done
[make_crop_data_batch()] render done
[make_crop_data_batch()] warp done
[make_crop_data_batch()] pose batch data done
[predict()] forward start
[predict()] forward done
[track_one()] pose done
[401/1005] 000400.png
[track_one()] Welcome
[track_one()] depth processing done
[predict()] ob_in_cams:(1, 4, 4)
[predict()] self.cfg.use_normal:False
[predict()] trans_normalizer:[0.019999999552965164, 0.019999999552965164, 0.05000000074505806], rot_normalizer:0.3490658503988659
[predict()] making cropped data
[make_crop_data_batch()] Welcome make_crop_data_batch
[make_crop_data_batch()] make tf_to_crops done
[make_crop_data_batch()] render done
[make_crop_data_batch()] warp done
[make_crop_data_batch()] pose batch data done
[predict()] forward start
[predict()] forward done
[predict()] making cropped data
[make_crop_data_batch()] Welcome make_crop_data_batch
[make_crop_data_batch()] make tf_to_crops done
[make_crop_data_batch()] render done
[make_crop_data_batch()] warp done
[make_crop_data_batch()] pose batch data done
[predict()] forward start
[predict()] forward done
[track_one()] pose done
[402/1005] 000401.png
[track_one()] Welcome
[track_one()] depth processing done
[predict()] ob_in_cams:(1, 4, 4)
[predict()] self.cfg.use_normal:False
[predict()] trans_normalizer:[0.019999999552965164, 0.019999999552965164, 0.05000000074505806], rot_normalizer:0.3490658503988659
[predict()] making cropped data
[make_crop_data_batch()] Welcome make_crop_data_batch
[make_crop_data_batch()] make tf_to_crops done
[make_crop_data_batch()] render done
[make_crop_data_batch()] warp done
[make_crop_data_batch()] pose batch data done
[predict()] forward start
[predict()] forward done
[predict()] making cropped data
[make_crop_data_batch()] Welcome make_crop_data_batch
[make_crop_data_batch()] make tf_to_crops done
[make_crop_data_batch()] render done
[make_crop_data_batch()] warp done
[make_crop_data_batch()] pose batch data done
[predict()] forward start
[predict()] forward done
[track_one()] pose done
[403/1005] 000402.png
[track_one()] Welcome
[track_one()] depth processing done
[predict()] ob_in_cams:(1, 4, 4)
[predict()] self.cfg.use_normal:False
[predict()] trans_normalizer:[0.019999999552965164, 0.019999999552965164, 0.05000000074505806], rot_normalizer:0.3490658503988659
[predict()] making cropped data
[make_crop_data_batch()] Welcome make_crop_data_batch
[make_crop_data_batch()] make tf_to_crops done
[make_crop_data_batch()] render done
[make_crop_data_batch()] warp done
[make_crop_data_batch()] pose batch data done
[predict()] forward start
[predict()] forward done
[predict()] making cropped data
[make_crop_data_batch()] Welcome make_crop_data_batch
[make_crop_data_batch()] make tf_to_crops done
[make_crop_data_batch()] render done
[make_crop_data_batch()] warp done
[make_crop_data_batch()] pose batch data done
[predict()] forward start
[predict()] forward done
[track_one()] pose done
[404/1005] 000403.png
[track_one()] Welcome
[track_one()] depth processing done
[predict()] ob_in_cams:(1, 4, 4)
[predict()] self.cfg.use_normal:False
[predict()] trans_normalizer:[0.019999999552965164, 0.019999999552965164, 0.05000000074505806], rot_normalizer:0.3490658503988659
[predict()] making cropped data
[make_crop_data_batch()] Welcome make_crop_data_batch
[make_crop_data_batch()] make tf_to_crops done
[make_crop_data_batch()] render done
[make_crop_data_batch()] warp done
[make_crop_data_batch()] pose batch data done
[predict()] forward start
[predict()] forward done
[predict()] making cropped data
[make_crop_data_batch()] Welcome make_crop_data_batch
[make_crop_data_batch()] make tf_to_crops done
[make_crop_data_batch()] render done
[make_crop_data_batch()] warp done
[make_crop_data_batch()] pose batch data done
[predict()] forward start
[predict()] forward done
[track_one()] pose done
[405/1005] 000404.png
[track_one()] Welcome
[track_one()] depth processing done
[predict()] ob_in_cams:(1, 4, 4)
[predict()] self.cfg.use_normal:False
[predict()] trans_normalizer:[0.019999999552965164, 0.019999999552965164, 0.05000000074505806], rot_normalizer:0.3490658503988659
[predict()] making cropped data
[make_crop_data_batch()] Welcome make_crop_data_batch
[make_crop_data_batch()] make tf_to_crops done
[make_crop_data_batch()] render done
[make_crop_data_batch()] warp done
[make_crop_data_batch()] pose batch data done
[predict()] forward start
[predict()] forward done
[predict()] making cropped data
[make_crop_data_batch()] Welcome make_crop_data_batch
[make_crop_data_batch()] make tf_to_crops done
[make_crop_data_batch()] render done
[make_crop_data_batch()] warp done
[make_crop_data_batch()] pose batch data done
[predict()] forward start
[predict()] forward done
[track_one()] pose done
[406/1005] 000405.png
[track_one()] Welcome
[track_one()] depth processing done
[predict()] ob_in_cams:(1, 4, 4)
[predict()] self.cfg.use_normal:False
[predict()] trans_normalizer:[0.019999999552965164, 0.019999999552965164, 0.05000000074505806], rot_normalizer:0.3490658503988659
[predict()] making cropped data
[make_crop_data_batch()] Welcome make_crop_data_batch
[make_crop_data_batch()] make tf_to_crops done
[make_crop_data_batch()] render done
[make_crop_data_batch()] warp done
[make_crop_data_batch()] pose batch data done
[predict()] forward start
[predict()] forward done
[predict()] making cropped data
[make_crop_data_batch()] Welcome make_crop_data_batch
[make_crop_data_batch()] make tf_to_crops done
[make_crop_data_batch()] render done
[make_crop_data_batch()] warp done
[make_crop_data_batch()] pose batch data done
[predict()] forward start
[predict()] forward done
[track_one()] pose done
[407/1005] 000406.png
[track_one()] Welcome
[track_one()] depth processing done
[predict()] ob_in_cams:(1, 4, 4)
[predict()] self.cfg.use_normal:False
[predict()] trans_normalizer:[0.019999999552965164, 0.019999999552965164, 0.05000000074505806], rot_normalizer:0.3490658503988659
[predict()] making cropped data
[make_crop_data_batch()] Welcome make_crop_data_batch
[make_crop_data_batch()] make tf_to_crops done
[make_crop_data_batch()] render done
[make_crop_data_batch()] warp done
[make_crop_data_batch()] pose batch data done
[predict()] forward start
[predict()] forward done
[predict()] making cropped data
[make_crop_data_batch()] Welcome make_crop_data_batch
[make_crop_data_batch()] make tf_to_crops done
[make_crop_data_batch()] render done
[make_crop_data_batch()] warp done
[make_crop_data_batch()] pose batch data done
[predict()] forward start
[predict()] forward done
[track_one()] pose done
[408/1005] 000407.png
[track_one()] Welcome
[track_one()] depth processing done
[predict()] ob_in_cams:(1, 4, 4)
[predict()] self.cfg.use_normal:False
[predict()] trans_normalizer:[0.019999999552965164, 0.019999999552965164, 0.05000000074505806], rot_normalizer:0.3490658503988659
[predict()] making cropped data
[make_crop_data_batch()] Welcome make_crop_data_batch
[make_crop_data_batch()] make tf_to_crops done
[make_crop_data_batch()] render done
[make_crop_data_batch()] warp done
[make_crop_data_batch()] pose batch data done
[predict()] forward start
[predict()] forward done
[predict()] making cropped data
[make_crop_data_batch()] Welcome make_crop_data_batch
[make_crop_data_batch()] make tf_to_crops done
[make_crop_data_batch()] render done
[make_crop_data_batch()] warp done
[make_crop_data_batch()] pose batch data done
[predict()] forward start
[predict()] forward done
[track_one()] pose done
[409/1005] 000408.png
[track_one()] Welcome
[track_one()] depth processing done
[predict()] ob_in_cams:(1, 4, 4)
[predict()] self.cfg.use_normal:False
[predict()] trans_normalizer:[0.019999999552965164, 0.019999999552965164, 0.05000000074505806], rot_normalizer:0.3490658503988659
[predict()] making cropped data
[make_crop_data_batch()] Welcome make_crop_data_batch
[make_crop_data_batch()] make tf_to_crops done
[make_crop_data_batch()] render done
[make_crop_data_batch()] warp done
[make_crop_data_batch()] pose batch data done
[predict()] forward start
[predict()] forward done
[predict()] making cropped data
[make_crop_data_batch()] Welcome make_crop_data_batch
[make_crop_data_batch()] make tf_to_crops done
[make_crop_data_batch()] render done
[make_crop_data_batch()] warp done
[make_crop_data_batch()] pose batch data done
[predict()] forward start
[predict()] forward done
[track_one()] pose done
[410/1005] 000409.png
[track_one()] Welcome
[track_one()] depth processing done
[predict()] ob_in_cams:(1, 4, 4)
[predict()] self.cfg.use_normal:False
[predict()] trans_normalizer:[0.019999999552965164, 0.019999999552965164, 0.05000000074505806], rot_normalizer:0.3490658503988659
[predict()] making cropped data
[make_crop_data_batch()] Welcome make_crop_data_batch
[make_crop_data_batch()] make tf_to_crops done
[make_crop_data_batch()] render done
[make_crop_data_batch()] warp done
[make_crop_data_batch()] pose batch data done
[predict()] forward start
[predict()] forward done
[predict()] making cropped data
[make_crop_data_batch()] Welcome make_crop_data_batch
[make_crop_data_batch()] make tf_to_crops done
[make_crop_data_batch()] render done
[make_crop_data_batch()] warp done
[make_crop_data_batch()] pose batch data done
[predict()] forward start
[predict()] forward done
[track_one()] pose done
[411/1005] 000410.png
[track_one()] Welcome
[track_one()] depth processing done
[predict()] ob_in_cams:(1, 4, 4)
[predict()] self.cfg.use_normal:False
[predict()] trans_normalizer:[0.019999999552965164, 0.019999999552965164, 0.05000000074505806], rot_normalizer:0.3490658503988659
[predict()] making cropped data
[make_crop_data_batch()] Welcome make_crop_data_batch
[make_crop_data_batch()] make tf_to_crops done
[make_crop_data_batch()] render done
[make_crop_data_batch()] warp done
[make_crop_data_batch()] pose batch data done
[predict()] forward start
[predict()] forward done
[predict()] making cropped data
[make_crop_data_batch()] Welcome make_crop_data_batch
[make_crop_data_batch()] make tf_to_crops done
[make_crop_data_batch()] render done
[make_crop_data_batch()] warp done
[make_crop_data_batch()] pose batch data done
[predict()] forward start
[predict()] forward done
[track_one()] pose done
[412/1005] 000411.png
[track_one()] Welcome
[track_one()] depth processing done
[predict()] ob_in_cams:(1, 4, 4)
[predict()] self.cfg.use_normal:False
[predict()] trans_normalizer:[0.019999999552965164, 0.019999999552965164, 0.05000000074505806], rot_normalizer:0.3490658503988659
[predict()] making cropped data
[make_crop_data_batch()] Welcome make_crop_data_batch
[make_crop_data_batch()] make tf_to_crops done
[make_crop_data_batch()] render done
[make_crop_data_batch()] warp done
[make_crop_data_batch()] pose batch data done
[predict()] forward start
[predict()] forward done
[predict()] making cropped data
[make_crop_data_batch()] Welcome make_crop_data_batch
[make_crop_data_batch()] make tf_to_crops done
[make_crop_data_batch()] render done
[make_crop_data_batch()] warp done
[make_crop_data_batch()] pose batch data done
[predict()] forward start
[predict()] forward done
[track_one()] pose done
[413/1005] 000412.png
[track_one()] Welcome
[track_one()] depth processing done
[predict()] ob_in_cams:(1, 4, 4)
[predict()] self.cfg.use_normal:False
[predict()] trans_normalizer:[0.019999999552965164, 0.019999999552965164, 0.05000000074505806], rot_normalizer:0.3490658503988659
[predict()] making cropped data
[make_crop_data_batch()] Welcome make_crop_data_batch
[make_crop_data_batch()] make tf_to_crops done
[make_crop_data_batch()] render done
[make_crop_data_batch()] warp done
[make_crop_data_batch()] pose batch data done
[predict()] forward start
[predict()] forward done
[predict()] making cropped data
[make_crop_data_batch()] Welcome make_crop_data_batch
[make_crop_data_batch()] make tf_to_crops done
[make_crop_data_batch()] render done
[make_crop_data_batch()] warp done
[make_crop_data_batch()] pose batch data done
[predict()] forward start
[predict()] forward done
[track_one()] pose done
[414/1005] 000413.png
[track_one()] Welcome
[track_one()] depth processing done
[predict()] ob_in_cams:(1, 4, 4)
[predict()] self.cfg.use_normal:False
[predict()] trans_normalizer:[0.019999999552965164, 0.019999999552965164, 0.05000000074505806], rot_normalizer:0.3490658503988659
[predict()] making cropped data
[make_crop_data_batch()] Welcome make_crop_data_batch
[make_crop_data_batch()] make tf_to_crops done
[make_crop_data_batch()] render done
[make_crop_data_batch()] warp done
[make_crop_data_batch()] pose batch data done
[predict()] forward start
[predict()] forward done
[predict()] making cropped data
[make_crop_data_batch()] Welcome make_crop_data_batch
[make_crop_data_batch()] make tf_to_crops done
[make_crop_data_batch()] render done
[make_crop_data_batch()] warp done
[make_crop_data_batch()] pose batch data done
[predict()] forward start
[predict()] forward done
[track_one()] pose done
[415/1005] 000414.png
[track_one()] Welcome
[track_one()] depth processing done
[predict()] ob_in_cams:(1, 4, 4)
[predict()] self.cfg.use_normal:False
[predict()] trans_normalizer:[0.019999999552965164, 0.019999999552965164, 0.05000000074505806], rot_normalizer:0.3490658503988659
[predict()] making cropped data
[make_crop_data_batch()] Welcome make_crop_data_batch
[make_crop_data_batch()] make tf_to_crops done
[make_crop_data_batch()] render done
[make_crop_data_batch()] warp done
[make_crop_data_batch()] pose batch data done
[predict()] forward start
[predict()] forward done
[predict()] making cropped data
[make_crop_data_batch()] Welcome make_crop_data_batch
[make_crop_data_batch()] make tf_to_crops done
[make_crop_data_batch()] render done
[make_crop_data_batch()] warp done
[make_crop_data_batch()] pose batch data done
[predict()] forward start
[predict()] forward done
[track_one()] pose done
[416/1005] 000415.png
[track_one()] Welcome
[track_one()] depth processing done
[predict()] ob_in_cams:(1, 4, 4)
[predict()] self.cfg.use_normal:False
[predict()] trans_normalizer:[0.019999999552965164, 0.019999999552965164, 0.05000000074505806], rot_normalizer:0.3490658503988659
[predict()] making cropped data
[make_crop_data_batch()] Welcome make_crop_data_batch
[make_crop_data_batch()] make tf_to_crops done
[make_crop_data_batch()] render done
[make_crop_data_batch()] warp done
[make_crop_data_batch()] pose batch data done
[predict()] forward start
[predict()] forward done
[predict()] making cropped data
[make_crop_data_batch()] Welcome make_crop_data_batch
[make_crop_data_batch()] make tf_to_crops done
[make_crop_data_batch()] render done
[make_crop_data_batch()] warp done
[make_crop_data_batch()] pose batch data done
[predict()] forward start
[predict()] forward done
[track_one()] pose done
[417/1005] 000416.png
[track_one()] Welcome
[track_one()] depth processing done
[predict()] ob_in_cams:(1, 4, 4)
[predict()] self.cfg.use_normal:False
[predict()] trans_normalizer:[0.019999999552965164, 0.019999999552965164, 0.05000000074505806], rot_normalizer:0.3490658503988659
[predict()] making cropped data
[make_crop_data_batch()] Welcome make_crop_data_batch
[make_crop_data_batch()] make tf_to_crops done
[make_crop_data_batch()] render done
[make_crop_data_batch()] warp done
[make_crop_data_batch()] pose batch data done
[predict()] forward start
[predict()] forward done
[predict()] making cropped data
[make_crop_data_batch()] Welcome make_crop_data_batch
[make_crop_data_batch()] make tf_to_crops done
[make_crop_data_batch()] render done
[make_crop_data_batch()] warp done
[make_crop_data_batch()] pose batch data done
[predict()] forward start
[predict()] forward done
[track_one()] pose done
[418/1005] 000417.png
[track_one()] Welcome
[track_one()] depth processing done
[predict()] ob_in_cams:(1, 4, 4)
[predict()] self.cfg.use_normal:False
[predict()] trans_normalizer:[0.019999999552965164, 0.019999999552965164, 0.05000000074505806], rot_normalizer:0.3490658503988659
[predict()] making cropped data
[make_crop_data_batch()] Welcome make_crop_data_batch
[make_crop_data_batch()] make tf_to_crops done
[make_crop_data_batch()] render done
[make_crop_data_batch()] warp done
[make_crop_data_batch()] pose batch data done
[predict()] forward start
[predict()] forward done
[predict()] making cropped data
[make_crop_data_batch()] Welcome make_crop_data_batch
[make_crop_data_batch()] make tf_to_crops done
[make_crop_data_batch()] render done
[make_crop_data_batch()] warp done
[make_crop_data_batch()] pose batch data done
[predict()] forward start
[predict()] forward done
[track_one()] pose done
[419/1005] 000418.png
[track_one()] Welcome
[track_one()] depth processing done
[predict()] ob_in_cams:(1, 4, 4)
[predict()] self.cfg.use_normal:False
[predict()] trans_normalizer:[0.019999999552965164, 0.019999999552965164, 0.05000000074505806], rot_normalizer:0.3490658503988659
[predict()] making cropped data
[make_crop_data_batch()] Welcome make_crop_data_batch
[make_crop_data_batch()] make tf_to_crops done
[make_crop_data_batch()] render done
[make_crop_data_batch()] warp done
[make_crop_data_batch()] pose batch data done
[predict()] forward start
[predict()] forward done
[predict()] making cropped data
[make_crop_data_batch()] Welcome make_crop_data_batch
[make_crop_data_batch()] make tf_to_crops done
[make_crop_data_batch()] render done
[make_crop_data_batch()] warp done
[make_crop_data_batch()] pose batch data done
[predict()] forward start
[predict()] forward done
[track_one()] pose done
[420/1005] 000419.png
[track_one()] Welcome
[track_one()] depth processing done
[predict()] ob_in_cams:(1, 4, 4)
[predict()] self.cfg.use_normal:False
[predict()] trans_normalizer:[0.019999999552965164, 0.019999999552965164, 0.05000000074505806], rot_normalizer:0.3490658503988659
[predict()] making cropped data
[make_crop_data_batch()] Welcome make_crop_data_batch
[make_crop_data_batch()] make tf_to_crops done
[make_crop_data_batch()] render done
[make_crop_data_batch()] warp done
[make_crop_data_batch()] pose batch data done
[predict()] forward start
[predict()] forward done
[predict()] making cropped data
[make_crop_data_batch()] Welcome make_crop_data_batch
[make_crop_data_batch()] make tf_to_crops done
[make_crop_data_batch()] render done
[make_crop_data_batch()] warp done
[make_crop_data_batch()] pose batch data done
[predict()] forward start
[predict()] forward done
[track_one()] pose done
[421/1005] 000420.png
[track_one()] Welcome
[track_one()] depth processing done
[predict()] ob_in_cams:(1, 4, 4)
[predict()] self.cfg.use_normal:False
[predict()] trans_normalizer:[0.019999999552965164, 0.019999999552965164, 0.05000000074505806], rot_normalizer:0.3490658503988659
[predict()] making cropped data
[make_crop_data_batch()] Welcome make_crop_data_batch
[make_crop_data_batch()] make tf_to_crops done
[make_crop_data_batch()] render done
[make_crop_data_batch()] warp done
[make_crop_data_batch()] pose batch data done
[predict()] forward start
[predict()] forward done
[predict()] making cropped data
[make_crop_data_batch()] Welcome make_crop_data_batch
[make_crop_data_batch()] make tf_to_crops done
[make_crop_data_batch()] render done
[make_crop_data_batch()] warp done
[make_crop_data_batch()] pose batch data done
[predict()] forward start
[predict()] forward done
[track_one()] pose done
[422/1005] 000421.png
[track_one()] Welcome
[track_one()] depth processing done
[predict()] ob_in_cams:(1, 4, 4)
[predict()] self.cfg.use_normal:False
[predict()] trans_normalizer:[0.019999999552965164, 0.019999999552965164, 0.05000000074505806], rot_normalizer:0.3490658503988659
[predict()] making cropped data
[make_crop_data_batch()] Welcome make_crop_data_batch
[make_crop_data_batch()] make tf_to_crops done
[make_crop_data_batch()] render done
[make_crop_data_batch()] warp done
[make_crop_data_batch()] pose batch data done
[predict()] forward start
[predict()] forward done
[predict()] making cropped data
[make_crop_data_batch()] Welcome make_crop_data_batch
[make_crop_data_batch()] make tf_to_crops done
[make_crop_data_batch()] render done
[make_crop_data_batch()] warp done
[make_crop_data_batch()] pose batch data done
[predict()] forward start
[predict()] forward done
[track_one()] pose done
[423/1005] 000422.png
[track_one()] Welcome
[track_one()] depth processing done
[predict()] ob_in_cams:(1, 4, 4)
[predict()] self.cfg.use_normal:False
[predict()] trans_normalizer:[0.019999999552965164, 0.019999999552965164, 0.05000000074505806], rot_normalizer:0.3490658503988659
[predict()] making cropped data
[make_crop_data_batch()] Welcome make_crop_data_batch
[make_crop_data_batch()] make tf_to_crops done
[make_crop_data_batch()] render done
[make_crop_data_batch()] warp done
[make_crop_data_batch()] pose batch data done
[predict()] forward start
[predict()] forward done
[predict()] making cropped data
[make_crop_data_batch()] Welcome make_crop_data_batch
[make_crop_data_batch()] make tf_to_crops done
[make_crop_data_batch()] render done
[make_crop_data_batch()] warp done
[make_crop_data_batch()] pose batch data done
[predict()] forward start
[predict()] forward done
[track_one()] pose done
[424/1005] 000423.png
[track_one()] Welcome
[track_one()] depth processing done
[predict()] ob_in_cams:(1, 4, 4)
[predict()] self.cfg.use_normal:False
[predict()] trans_normalizer:[0.019999999552965164, 0.019999999552965164, 0.05000000074505806], rot_normalizer:0.3490658503988659
[predict()] making cropped data
[make_crop_data_batch()] Welcome make_crop_data_batch
[make_crop_data_batch()] make tf_to_crops done
[make_crop_data_batch()] render done
[make_crop_data_batch()] warp done
[make_crop_data_batch()] pose batch data done
[predict()] forward start
[predict()] forward done
[predict()] making cropped data
[make_crop_data_batch()] Welcome make_crop_data_batch
[make_crop_data_batch()] make tf_to_crops done
[make_crop_data_batch()] render done
[make_crop_data_batch()] warp done
[make_crop_data_batch()] pose batch data done
[predict()] forward start
[predict()] forward done
[track_one()] pose done
[425/1005] 000424.png
[track_one()] Welcome
[track_one()] depth processing done
[predict()] ob_in_cams:(1, 4, 4)
[predict()] self.cfg.use_normal:False
[predict()] trans_normalizer:[0.019999999552965164, 0.019999999552965164, 0.05000000074505806], rot_normalizer:0.3490658503988659
[predict()] making cropped data
[make_crop_data_batch()] Welcome make_crop_data_batch
[make_crop_data_batch()] make tf_to_crops done
[make_crop_data_batch()] render done
[make_crop_data_batch()] warp done
[make_crop_data_batch()] pose batch data done
[predict()] forward start
[predict()] forward done
[predict()] making cropped data
[make_crop_data_batch()] Welcome make_crop_data_batch
[make_crop_data_batch()] make tf_to_crops done
[make_crop_data_batch()] render done
[make_crop_data_batch()] warp done
[make_crop_data_batch()] pose batch data done
[predict()] forward start
[predict()] forward done
[track_one()] pose done
[426/1005] 000425.png
[track_one()] Welcome
[track_one()] depth processing done
[predict()] ob_in_cams:(1, 4, 4)
[predict()] self.cfg.use_normal:False
[predict()] trans_normalizer:[0.019999999552965164, 0.019999999552965164, 0.05000000074505806], rot_normalizer:0.3490658503988659
[predict()] making cropped data
[make_crop_data_batch()] Welcome make_crop_data_batch
[make_crop_data_batch()] make tf_to_crops done
[make_crop_data_batch()] render done
[make_crop_data_batch()] warp done
[make_crop_data_batch()] pose batch data done
[predict()] forward start
[predict()] forward done
[predict()] making cropped data
[make_crop_data_batch()] Welcome make_crop_data_batch
[make_crop_data_batch()] make tf_to_crops done
[make_crop_data_batch()] render done
[make_crop_data_batch()] warp done
[make_crop_data_batch()] pose batch data done
[predict()] forward start
[predict()] forward done
[track_one()] pose done
[427/1005] 000426.png
[track_one()] Welcome
[track_one()] depth processing done
[predict()] ob_in_cams:(1, 4, 4)
[predict()] self.cfg.use_normal:False
[predict()] trans_normalizer:[0.019999999552965164, 0.019999999552965164, 0.05000000074505806], rot_normalizer:0.3490658503988659
[predict()] making cropped data
[make_crop_data_batch()] Welcome make_crop_data_batch
[make_crop_data_batch()] make tf_to_crops done
[make_crop_data_batch()] render done
[make_crop_data_batch()] warp done
[make_crop_data_batch()] pose batch data done
[predict()] forward start
[predict()] forward done
[predict()] making cropped data
[make_crop_data_batch()] Welcome make_crop_data_batch
[make_crop_data_batch()] make tf_to_crops done
[make_crop_data_batch()] render done
[make_crop_data_batch()] warp done
[make_crop_data_batch()] pose batch data done
[predict()] forward start
[predict()] forward done
[track_one()] pose done
[428/1005] 000427.png
[track_one()] Welcome
[track_one()] depth processing done
[predict()] ob_in_cams:(1, 4, 4)
[predict()] self.cfg.use_normal:False
[predict()] trans_normalizer:[0.019999999552965164, 0.019999999552965164, 0.05000000074505806], rot_normalizer:0.3490658503988659
[predict()] making cropped data
[make_crop_data_batch()] Welcome make_crop_data_batch
[make_crop_data_batch()] make tf_to_crops done
[make_crop_data_batch()] render done
[make_crop_data_batch()] warp done
[make_crop_data_batch()] pose batch data done
[predict()] forward start
[predict()] forward done
[predict()] making cropped data
[make_crop_data_batch()] Welcome make_crop_data_batch
[make_crop_data_batch()] make tf_to_crops done
[make_crop_data_batch()] render done
[make_crop_data_batch()] warp done
[make_crop_data_batch()] pose batch data done
[predict()] forward start
[predict()] forward done
[track_one()] pose done
[429/1005] 000428.png
[track_one()] Welcome
[track_one()] depth processing done
[predict()] ob_in_cams:(1, 4, 4)
[predict()] self.cfg.use_normal:False
[predict()] trans_normalizer:[0.019999999552965164, 0.019999999552965164, 0.05000000074505806], rot_normalizer:0.3490658503988659
[predict()] making cropped data
[make_crop_data_batch()] Welcome make_crop_data_batch
[make_crop_data_batch()] make tf_to_crops done
[make_crop_data_batch()] render done
[make_crop_data_batch()] warp done
[make_crop_data_batch()] pose batch data done
[predict()] forward start
[predict()] forward done
[predict()] making cropped data
[make_crop_data_batch()] Welcome make_crop_data_batch
[make_crop_data_batch()] make tf_to_crops done
[make_crop_data_batch()] render done
[make_crop_data_batch()] warp done
[make_crop_data_batch()] pose batch data done
[predict()] forward start
[predict()] forward done
[track_one()] pose done
[430/1005] 000429.png
[track_one()] Welcome
[track_one()] depth processing done
[predict()] ob_in_cams:(1, 4, 4)
[predict()] self.cfg.use_normal:False
[predict()] trans_normalizer:[0.019999999552965164, 0.019999999552965164, 0.05000000074505806], rot_normalizer:0.3490658503988659
[predict()] making cropped data
[make_crop_data_batch()] Welcome make_crop_data_batch
[make_crop_data_batch()] make tf_to_crops done
[make_crop_data_batch()] render done
[make_crop_data_batch()] warp done
[make_crop_data_batch()] pose batch data done
[predict()] forward start
[predict()] forward done
[predict()] making cropped data
[make_crop_data_batch()] Welcome make_crop_data_batch
[make_crop_data_batch()] make tf_to_crops done
[make_crop_data_batch()] render done
[make_crop_data_batch()] warp done
[make_crop_data_batch()] pose batch data done
[predict()] forward start
[predict()] forward done
[track_one()] pose done
[431/1005] 000430.png
[track_one()] Welcome
[track_one()] depth processing done
[predict()] ob_in_cams:(1, 4, 4)
[predict()] self.cfg.use_normal:False
[predict()] trans_normalizer:[0.019999999552965164, 0.019999999552965164, 0.05000000074505806], rot_normalizer:0.3490658503988659
[predict()] making cropped data
[make_crop_data_batch()] Welcome make_crop_data_batch
[make_crop_data_batch()] make tf_to_crops done
[make_crop_data_batch()] render done
[make_crop_data_batch()] warp done
[make_crop_data_batch()] pose batch data done
[predict()] forward start
[predict()] forward done
[predict()] making cropped data
[make_crop_data_batch()] Welcome make_crop_data_batch
[make_crop_data_batch()] make tf_to_crops done
[make_crop_data_batch()] render done
[make_crop_data_batch()] warp done
[make_crop_data_batch()] pose batch data done
[predict()] forward start
[predict()] forward done
[track_one()] pose done
[432/1005] 000431.png
[track_one()] Welcome
[track_one()] depth processing done
[predict()] ob_in_cams:(1, 4, 4)
[predict()] self.cfg.use_normal:False
[predict()] trans_normalizer:[0.019999999552965164, 0.019999999552965164, 0.05000000074505806], rot_normalizer:0.3490658503988659
[predict()] making cropped data
[make_crop_data_batch()] Welcome make_crop_data_batch
[make_crop_data_batch()] make tf_to_crops done
[make_crop_data_batch()] render done
[make_crop_data_batch()] warp done
[make_crop_data_batch()] pose batch data done
[predict()] forward start
[predict()] forward done
[predict()] making cropped data
[make_crop_data_batch()] Welcome make_crop_data_batch
[make_crop_data_batch()] make tf_to_crops done
[make_crop_data_batch()] render done
[make_crop_data_batch()] warp done
[make_crop_data_batch()] pose batch data done
[predict()] forward start
[predict()] forward done
[track_one()] pose done
[433/1005] 000432.png
[track_one()] Welcome
[track_one()] depth processing done
[predict()] ob_in_cams:(1, 4, 4)
[predict()] self.cfg.use_normal:False
[predict()] trans_normalizer:[0.019999999552965164, 0.019999999552965164, 0.05000000074505806], rot_normalizer:0.3490658503988659
[predict()] making cropped data
[make_crop_data_batch()] Welcome make_crop_data_batch
[make_crop_data_batch()] make tf_to_crops done
[make_crop_data_batch()] render done
[make_crop_data_batch()] warp done
[make_crop_data_batch()] pose batch data done
[predict()] forward start
[predict()] forward done
[predict()] making cropped data
[make_crop_data_batch()] Welcome make_crop_data_batch
[make_crop_data_batch()] make tf_to_crops done
[make_crop_data_batch()] render done
[make_crop_data_batch()] warp done
[make_crop_data_batch()] pose batch data done
[predict()] forward start
[predict()] forward done
[track_one()] pose done
[434/1005] 000433.png
[track_one()] Welcome
[track_one()] depth processing done
[predict()] ob_in_cams:(1, 4, 4)
[predict()] self.cfg.use_normal:False
[predict()] trans_normalizer:[0.019999999552965164, 0.019999999552965164, 0.05000000074505806], rot_normalizer:0.3490658503988659
[predict()] making cropped data
[make_crop_data_batch()] Welcome make_crop_data_batch
[make_crop_data_batch()] make tf_to_crops done
[make_crop_data_batch()] render done
[make_crop_data_batch()] warp done
[make_crop_data_batch()] pose batch data done
[predict()] forward start
[predict()] forward done
[predict()] making cropped data
[make_crop_data_batch()] Welcome make_crop_data_batch
[make_crop_data_batch()] make tf_to_crops done
[make_crop_data_batch()] render done
[make_crop_data_batch()] warp done
[make_crop_data_batch()] pose batch data done
[predict()] forward start
[predict()] forward done
[track_one()] pose done
[435/1005] 000434.png
[track_one()] Welcome
[track_one()] depth processing done
[predict()] ob_in_cams:(1, 4, 4)
[predict()] self.cfg.use_normal:False
[predict()] trans_normalizer:[0.019999999552965164, 0.019999999552965164, 0.05000000074505806], rot_normalizer:0.3490658503988659
[predict()] making cropped data
[make_crop_data_batch()] Welcome make_crop_data_batch
[make_crop_data_batch()] make tf_to_crops done
[make_crop_data_batch()] render done
[make_crop_data_batch()] warp done
[make_crop_data_batch()] pose batch data done
[predict()] forward start
[predict()] forward done
[predict()] making cropped data
[make_crop_data_batch()] Welcome make_crop_data_batch
[make_crop_data_batch()] make tf_to_crops done
[make_crop_data_batch()] render done
[make_crop_data_batch()] warp done
[make_crop_data_batch()] pose batch data done
[predict()] forward start
[predict()] forward done
[track_one()] pose done
[436/1005] 000435.png
[track_one()] Welcome
[track_one()] depth processing done
[predict()] ob_in_cams:(1, 4, 4)
[predict()] self.cfg.use_normal:False
[predict()] trans_normalizer:[0.019999999552965164, 0.019999999552965164, 0.05000000074505806], rot_normalizer:0.3490658503988659
[predict()] making cropped data
[make_crop_data_batch()] Welcome make_crop_data_batch
[make_crop_data_batch()] make tf_to_crops done
[make_crop_data_batch()] render done
[make_crop_data_batch()] warp done
[make_crop_data_batch()] pose batch data done
[predict()] forward start
[predict()] forward done
[predict()] making cropped data
[make_crop_data_batch()] Welcome make_crop_data_batch
[make_crop_data_batch()] make tf_to_crops done
[make_crop_data_batch()] render done
[make_crop_data_batch()] warp done
[make_crop_data_batch()] pose batch data done
[predict()] forward start
[predict()] forward done
[track_one()] pose done
[437/1005] 000436.png
[track_one()] Welcome
[track_one()] depth processing done
[predict()] ob_in_cams:(1, 4, 4)
[predict()] self.cfg.use_normal:False
[predict()] trans_normalizer:[0.019999999552965164, 0.019999999552965164, 0.05000000074505806], rot_normalizer:0.3490658503988659
[predict()] making cropped data
[make_crop_data_batch()] Welcome make_crop_data_batch
[make_crop_data_batch()] make tf_to_crops done
[make_crop_data_batch()] render done
[make_crop_data_batch()] warp done
[make_crop_data_batch()] pose batch data done
[predict()] forward start
[predict()] forward done
[predict()] making cropped data
[make_crop_data_batch()] Welcome make_crop_data_batch
[make_crop_data_batch()] make tf_to_crops done
[make_crop_data_batch()] render done
[make_crop_data_batch()] warp done
[make_crop_data_batch()] pose batch data done
[predict()] forward start
[predict()] forward done
[track_one()] pose done
[438/1005] 000437.png
[track_one()] Welcome
[track_one()] depth processing done
[predict()] ob_in_cams:(1, 4, 4)
[predict()] self.cfg.use_normal:False
[predict()] trans_normalizer:[0.019999999552965164, 0.019999999552965164, 0.05000000074505806], rot_normalizer:0.3490658503988659
[predict()] making cropped data
[make_crop_data_batch()] Welcome make_crop_data_batch
[make_crop_data_batch()] make tf_to_crops done
[make_crop_data_batch()] render done
[make_crop_data_batch()] warp done
[make_crop_data_batch()] pose batch data done
[predict()] forward start
[predict()] forward done
[predict()] making cropped data
[make_crop_data_batch()] Welcome make_crop_data_batch
[make_crop_data_batch()] make tf_to_crops done
[make_crop_data_batch()] render done
[make_crop_data_batch()] warp done
[make_crop_data_batch()] pose batch data done
[predict()] forward start
[predict()] forward done
[track_one()] pose done
[439/1005] 000438.png
[track_one()] Welcome
[track_one()] depth processing done
[predict()] ob_in_cams:(1, 4, 4)
[predict()] self.cfg.use_normal:False
[predict()] trans_normalizer:[0.019999999552965164, 0.019999999552965164, 0.05000000074505806], rot_normalizer:0.3490658503988659
[predict()] making cropped data
[make_crop_data_batch()] Welcome make_crop_data_batch
[make_crop_data_batch()] make tf_to_crops done
[make_crop_data_batch()] render done
[make_crop_data_batch()] warp done
[make_crop_data_batch()] pose batch data done
[predict()] forward start
[predict()] forward done
[predict()] making cropped data
[make_crop_data_batch()] Welcome make_crop_data_batch
[make_crop_data_batch()] make tf_to_crops done
[make_crop_data_batch()] render done
[make_crop_data_batch()] warp done
[make_crop_data_batch()] pose batch data done
[predict()] forward start
[predict()] forward done
[track_one()] pose done
[440/1005] 000439.png
[track_one()] Welcome
[track_one()] depth processing done
[predict()] ob_in_cams:(1, 4, 4)
[predict()] self.cfg.use_normal:False
[predict()] trans_normalizer:[0.019999999552965164, 0.019999999552965164, 0.05000000074505806], rot_normalizer:0.3490658503988659
[predict()] making cropped data
[make_crop_data_batch()] Welcome make_crop_data_batch
[make_crop_data_batch()] make tf_to_crops done
[make_crop_data_batch()] render done
[make_crop_data_batch()] warp done
[make_crop_data_batch()] pose batch data done
[predict()] forward start
[predict()] forward done
[predict()] making cropped data
[make_crop_data_batch()] Welcome make_crop_data_batch
[make_crop_data_batch()] make tf_to_crops done
[make_crop_data_batch()] render done
[make_crop_data_batch()] warp done
[make_crop_data_batch()] pose batch data done
[predict()] forward start
[predict()] forward done
[track_one()] pose done
[441/1005] 000440.png
[track_one()] Welcome
[track_one()] depth processing done
[predict()] ob_in_cams:(1, 4, 4)
[predict()] self.cfg.use_normal:False
[predict()] trans_normalizer:[0.019999999552965164, 0.019999999552965164, 0.05000000074505806], rot_normalizer:0.3490658503988659
[predict()] making cropped data
[make_crop_data_batch()] Welcome make_crop_data_batch
[make_crop_data_batch()] make tf_to_crops done
[make_crop_data_batch()] render done
[make_crop_data_batch()] warp done
[make_crop_data_batch()] pose batch data done
[predict()] forward start
[predict()] forward done
[predict()] making cropped data
[make_crop_data_batch()] Welcome make_crop_data_batch
[make_crop_data_batch()] make tf_to_crops done
[make_crop_data_batch()] render done
[make_crop_data_batch()] warp done
[make_crop_data_batch()] pose batch data done
[predict()] forward start
[predict()] forward done
[track_one()] pose done
[442/1005] 000441.png
[track_one()] Welcome
[track_one()] depth processing done
[predict()] ob_in_cams:(1, 4, 4)
[predict()] self.cfg.use_normal:False
[predict()] trans_normalizer:[0.019999999552965164, 0.019999999552965164, 0.05000000074505806], rot_normalizer:0.3490658503988659
[predict()] making cropped data
[make_crop_data_batch()] Welcome make_crop_data_batch
[make_crop_data_batch()] make tf_to_crops done
[make_crop_data_batch()] render done
[make_crop_data_batch()] warp done
[make_crop_data_batch()] pose batch data done
[predict()] forward start
[predict()] forward done
[predict()] making cropped data
[make_crop_data_batch()] Welcome make_crop_data_batch
[make_crop_data_batch()] make tf_to_crops done
[make_crop_data_batch()] render done
[make_crop_data_batch()] warp done
[make_crop_data_batch()] pose batch data done
[predict()] forward start
[predict()] forward done
[track_one()] pose done
[443/1005] 000442.png
[track_one()] Welcome
[track_one()] depth processing done
[predict()] ob_in_cams:(1, 4, 4)
[predict()] self.cfg.use_normal:False
[predict()] trans_normalizer:[0.019999999552965164, 0.019999999552965164, 0.05000000074505806], rot_normalizer:0.3490658503988659
[predict()] making cropped data
[make_crop_data_batch()] Welcome make_crop_data_batch
[make_crop_data_batch()] make tf_to_crops done
[make_crop_data_batch()] render done
[make_crop_data_batch()] warp done
[make_crop_data_batch()] pose batch data done
[predict()] forward start
[predict()] forward done
[predict()] making cropped data
[make_crop_data_batch()] Welcome make_crop_data_batch
[make_crop_data_batch()] make tf_to_crops done
[make_crop_data_batch()] render done
[make_crop_data_batch()] warp done
[make_crop_data_batch()] pose batch data done
[predict()] forward start
[predict()] forward done
[track_one()] pose done
[444/1005] 000443.png
[track_one()] Welcome
[track_one()] depth processing done
[predict()] ob_in_cams:(1, 4, 4)
[predict()] self.cfg.use_normal:False
[predict()] trans_normalizer:[0.019999999552965164, 0.019999999552965164, 0.05000000074505806], rot_normalizer:0.3490658503988659
[predict()] making cropped data
[make_crop_data_batch()] Welcome make_crop_data_batch
[make_crop_data_batch()] make tf_to_crops done
[make_crop_data_batch()] render done
[make_crop_data_batch()] warp done
[make_crop_data_batch()] pose batch data done
[predict()] forward start
[predict()] forward done
[predict()] making cropped data
[make_crop_data_batch()] Welcome make_crop_data_batch
[make_crop_data_batch()] make tf_to_crops done
[make_crop_data_batch()] render done
[make_crop_data_batch()] warp done
[make_crop_data_batch()] pose batch data done
[predict()] forward start
[predict()] forward done
[track_one()] pose done
[445/1005] 000444.png
[track_one()] Welcome
[track_one()] depth processing done
[predict()] ob_in_cams:(1, 4, 4)
[predict()] self.cfg.use_normal:False
[predict()] trans_normalizer:[0.019999999552965164, 0.019999999552965164, 0.05000000074505806], rot_normalizer:0.3490658503988659
[predict()] making cropped data
[make_crop_data_batch()] Welcome make_crop_data_batch
[make_crop_data_batch()] make tf_to_crops done
[make_crop_data_batch()] render done
[make_crop_data_batch()] warp done
[make_crop_data_batch()] pose batch data done
[predict()] forward start
[predict()] forward done
[predict()] making cropped data
[make_crop_data_batch()] Welcome make_crop_data_batch
[make_crop_data_batch()] make tf_to_crops done
[make_crop_data_batch()] render done
[make_crop_data_batch()] warp done
[make_crop_data_batch()] pose batch data done
[predict()] forward start
[predict()] forward done
[track_one()] pose done
[446/1005] 000445.png
[track_one()] Welcome
[track_one()] depth processing done
[predict()] ob_in_cams:(1, 4, 4)
[predict()] self.cfg.use_normal:False
[predict()] trans_normalizer:[0.019999999552965164, 0.019999999552965164, 0.05000000074505806], rot_normalizer:0.3490658503988659
[predict()] making cropped data
[make_crop_data_batch()] Welcome make_crop_data_batch
[make_crop_data_batch()] make tf_to_crops done
[make_crop_data_batch()] render done
[make_crop_data_batch()] warp done
[make_crop_data_batch()] pose batch data done
[predict()] forward start
[predict()] forward done
[predict()] making cropped data
[make_crop_data_batch()] Welcome make_crop_data_batch
[make_crop_data_batch()] make tf_to_crops done
[make_crop_data_batch()] render done
[make_crop_data_batch()] warp done
[make_crop_data_batch()] pose batch data done
[predict()] forward start
[predict()] forward done
[track_one()] pose done
[447/1005] 000446.png
[track_one()] Welcome
[track_one()] depth processing done
[predict()] ob_in_cams:(1, 4, 4)
[predict()] self.cfg.use_normal:False
[predict()] trans_normalizer:[0.019999999552965164, 0.019999999552965164, 0.05000000074505806], rot_normalizer:0.3490658503988659
[predict()] making cropped data
[make_crop_data_batch()] Welcome make_crop_data_batch
[make_crop_data_batch()] make tf_to_crops done
[make_crop_data_batch()] render done
[make_crop_data_batch()] warp done
[make_crop_data_batch()] pose batch data done
[predict()] forward start
[predict()] forward done
[predict()] making cropped data
[make_crop_data_batch()] Welcome make_crop_data_batch
[make_crop_data_batch()] make tf_to_crops done
[make_crop_data_batch()] render done
[make_crop_data_batch()] warp done
[make_crop_data_batch()] pose batch data done
[predict()] forward start
[predict()] forward done
[track_one()] pose done
[448/1005] 000447.png
[track_one()] Welcome
[track_one()] depth processing done
[predict()] ob_in_cams:(1, 4, 4)
[predict()] self.cfg.use_normal:False
[predict()] trans_normalizer:[0.019999999552965164, 0.019999999552965164, 0.05000000074505806], rot_normalizer:0.3490658503988659
[predict()] making cropped data
[make_crop_data_batch()] Welcome make_crop_data_batch
[make_crop_data_batch()] make tf_to_crops done
[make_crop_data_batch()] render done
[make_crop_data_batch()] warp done
[make_crop_data_batch()] pose batch data done
[predict()] forward start
[predict()] forward done
[predict()] making cropped data
[make_crop_data_batch()] Welcome make_crop_data_batch
[make_crop_data_batch()] make tf_to_crops done
[make_crop_data_batch()] render done
[make_crop_data_batch()] warp done
[make_crop_data_batch()] pose batch data done
[predict()] forward start
[predict()] forward done
[track_one()] pose done
[449/1005] 000448.png
[track_one()] Welcome
[track_one()] depth processing done
[predict()] ob_in_cams:(1, 4, 4)
[predict()] self.cfg.use_normal:False
[predict()] trans_normalizer:[0.019999999552965164, 0.019999999552965164, 0.05000000074505806], rot_normalizer:0.3490658503988659
[predict()] making cropped data
[make_crop_data_batch()] Welcome make_crop_data_batch
[make_crop_data_batch()] make tf_to_crops done
[make_crop_data_batch()] render done
[make_crop_data_batch()] warp done
[make_crop_data_batch()] pose batch data done
[predict()] forward start
[predict()] forward done
[predict()] making cropped data
[make_crop_data_batch()] Welcome make_crop_data_batch
[make_crop_data_batch()] make tf_to_crops done
[make_crop_data_batch()] render done
[make_crop_data_batch()] warp done
[make_crop_data_batch()] pose batch data done
[predict()] forward start
[predict()] forward done
[track_one()] pose done
[450/1005] 000449.png
[track_one()] Welcome
[track_one()] depth processing done
[predict()] ob_in_cams:(1, 4, 4)
[predict()] self.cfg.use_normal:False
[predict()] trans_normalizer:[0.019999999552965164, 0.019999999552965164, 0.05000000074505806], rot_normalizer:0.3490658503988659
[predict()] making cropped data
[make_crop_data_batch()] Welcome make_crop_data_batch
[make_crop_data_batch()] make tf_to_crops done
[make_crop_data_batch()] render done
[make_crop_data_batch()] warp done
[make_crop_data_batch()] pose batch data done
[predict()] forward start
[predict()] forward done
[predict()] making cropped data
[make_crop_data_batch()] Welcome make_crop_data_batch
[make_crop_data_batch()] make tf_to_crops done
[make_crop_data_batch()] render done
[make_crop_data_batch()] warp done
[make_crop_data_batch()] pose batch data done
[predict()] forward start
[predict()] forward done
[track_one()] pose done
[451/1005] 000450.png
[track_one()] Welcome
[track_one()] depth processing done
[predict()] ob_in_cams:(1, 4, 4)
[predict()] self.cfg.use_normal:False
[predict()] trans_normalizer:[0.019999999552965164, 0.019999999552965164, 0.05000000074505806], rot_normalizer:0.3490658503988659
[predict()] making cropped data
[make_crop_data_batch()] Welcome make_crop_data_batch
[make_crop_data_batch()] make tf_to_crops done
[make_crop_data_batch()] render done
[make_crop_data_batch()] warp done
[make_crop_data_batch()] pose batch data done
[predict()] forward start
[predict()] forward done
[predict()] making cropped data
[make_crop_data_batch()] Welcome make_crop_data_batch
[make_crop_data_batch()] make tf_to_crops done
[make_crop_data_batch()] render done
[make_crop_data_batch()] warp done
[make_crop_data_batch()] pose batch data done
[predict()] forward start
[predict()] forward done
[track_one()] pose done
[452/1005] 000451.png
[track_one()] Welcome
[track_one()] depth processing done
[predict()] ob_in_cams:(1, 4, 4)
[predict()] self.cfg.use_normal:False
[predict()] trans_normalizer:[0.019999999552965164, 0.019999999552965164, 0.05000000074505806], rot_normalizer:0.3490658503988659
[predict()] making cropped data
[make_crop_data_batch()] Welcome make_crop_data_batch
[make_crop_data_batch()] make tf_to_crops done
[make_crop_data_batch()] render done
[make_crop_data_batch()] warp done
[make_crop_data_batch()] pose batch data done
[predict()] forward start
[predict()] forward done
[predict()] making cropped data
[make_crop_data_batch()] Welcome make_crop_data_batch
[make_crop_data_batch()] make tf_to_crops done
[make_crop_data_batch()] render done
[make_crop_data_batch()] warp done
[make_crop_data_batch()] pose batch data done
[predict()] forward start
[predict()] forward done
[track_one()] pose done
[453/1005] 000452.png
[track_one()] Welcome
[track_one()] depth processing done
[predict()] ob_in_cams:(1, 4, 4)
[predict()] self.cfg.use_normal:False
[predict()] trans_normalizer:[0.019999999552965164, 0.019999999552965164, 0.05000000074505806], rot_normalizer:0.3490658503988659
[predict()] making cropped data
[make_crop_data_batch()] Welcome make_crop_data_batch
[make_crop_data_batch()] make tf_to_crops done
[make_crop_data_batch()] render done
[make_crop_data_batch()] warp done
[make_crop_data_batch()] pose batch data done
[predict()] forward start
[predict()] forward done
[predict()] making cropped data
[make_crop_data_batch()] Welcome make_crop_data_batch
[make_crop_data_batch()] make tf_to_crops done
[make_crop_data_batch()] render done
[make_crop_data_batch()] warp done
[make_crop_data_batch()] pose batch data done
[predict()] forward start
[predict()] forward done
[track_one()] pose done
[454/1005] 000453.png
[track_one()] Welcome
[track_one()] depth processing done
[predict()] ob_in_cams:(1, 4, 4)
[predict()] self.cfg.use_normal:False
[predict()] trans_normalizer:[0.019999999552965164, 0.019999999552965164, 0.05000000074505806], rot_normalizer:0.3490658503988659
[predict()] making cropped data
[make_crop_data_batch()] Welcome make_crop_data_batch
[make_crop_data_batch()] make tf_to_crops done
[make_crop_data_batch()] render done
[make_crop_data_batch()] warp done
[make_crop_data_batch()] pose batch data done
[predict()] forward start
[predict()] forward done
[predict()] making cropped data
[make_crop_data_batch()] Welcome make_crop_data_batch
[make_crop_data_batch()] make tf_to_crops done
[make_crop_data_batch()] render done
[make_crop_data_batch()] warp done
[make_crop_data_batch()] pose batch data done
[predict()] forward start
[predict()] forward done
[track_one()] pose done
[455/1005] 000454.png
[track_one()] Welcome
[track_one()] depth processing done
[predict()] ob_in_cams:(1, 4, 4)
[predict()] self.cfg.use_normal:False
[predict()] trans_normalizer:[0.019999999552965164, 0.019999999552965164, 0.05000000074505806], rot_normalizer:0.3490658503988659
[predict()] making cropped data
[make_crop_data_batch()] Welcome make_crop_data_batch
[make_crop_data_batch()] make tf_to_crops done
[make_crop_data_batch()] render done
[make_crop_data_batch()] warp done
[make_crop_data_batch()] pose batch data done
[predict()] forward start
[predict()] forward done
[predict()] making cropped data
[make_crop_data_batch()] Welcome make_crop_data_batch
[make_crop_data_batch()] make tf_to_crops done
[make_crop_data_batch()] render done
[make_crop_data_batch()] warp done
[make_crop_data_batch()] pose batch data done
[predict()] forward start
[predict()] forward done
[track_one()] pose done
[456/1005] 000455.png
[track_one()] Welcome
[track_one()] depth processing done
[predict()] ob_in_cams:(1, 4, 4)
[predict()] self.cfg.use_normal:False
[predict()] trans_normalizer:[0.019999999552965164, 0.019999999552965164, 0.05000000074505806], rot_normalizer:0.3490658503988659
[predict()] making cropped data
[make_crop_data_batch()] Welcome make_crop_data_batch
[make_crop_data_batch()] make tf_to_crops done
[make_crop_data_batch()] render done
[make_crop_data_batch()] warp done
[make_crop_data_batch()] pose batch data done
[predict()] forward start
[predict()] forward done
[predict()] making cropped data
[make_crop_data_batch()] Welcome make_crop_data_batch
[make_crop_data_batch()] make tf_to_crops done
[make_crop_data_batch()] render done
[make_crop_data_batch()] warp done
[make_crop_data_batch()] pose batch data done
[predict()] forward start
[predict()] forward done
[track_one()] pose done
[457/1005] 000456.png
[track_one()] Welcome
[track_one()] depth processing done
[predict()] ob_in_cams:(1, 4, 4)
[predict()] self.cfg.use_normal:False
[predict()] trans_normalizer:[0.019999999552965164, 0.019999999552965164, 0.05000000074505806], rot_normalizer:0.3490658503988659
[predict()] making cropped data
[make_crop_data_batch()] Welcome make_crop_data_batch
[make_crop_data_batch()] make tf_to_crops done
[make_crop_data_batch()] render done
[make_crop_data_batch()] warp done
[make_crop_data_batch()] pose batch data done
[predict()] forward start
[predict()] forward done
[predict()] making cropped data
[make_crop_data_batch()] Welcome make_crop_data_batch
[make_crop_data_batch()] make tf_to_crops done
[make_crop_data_batch()] render done
[make_crop_data_batch()] warp done
[make_crop_data_batch()] pose batch data done
[predict()] forward start
[predict()] forward done
[track_one()] pose done
[458/1005] 000457.png
[track_one()] Welcome
[track_one()] depth processing done
[predict()] ob_in_cams:(1, 4, 4)
[predict()] self.cfg.use_normal:False
[predict()] trans_normalizer:[0.019999999552965164, 0.019999999552965164, 0.05000000074505806], rot_normalizer:0.3490658503988659
[predict()] making cropped data
[make_crop_data_batch()] Welcome make_crop_data_batch
[make_crop_data_batch()] make tf_to_crops done
[make_crop_data_batch()] render done
[make_crop_data_batch()] warp done
[make_crop_data_batch()] pose batch data done
[predict()] forward start
[predict()] forward done
[predict()] making cropped data
[make_crop_data_batch()] Welcome make_crop_data_batch
[make_crop_data_batch()] make tf_to_crops done
[make_crop_data_batch()] render done
[make_crop_data_batch()] warp done
[make_crop_data_batch()] pose batch data done
[predict()] forward start
[predict()] forward done
[track_one()] pose done
[459/1005] 000458.png
[track_one()] Welcome
[track_one()] depth processing done
[predict()] ob_in_cams:(1, 4, 4)
[predict()] self.cfg.use_normal:False
[predict()] trans_normalizer:[0.019999999552965164, 0.019999999552965164, 0.05000000074505806], rot_normalizer:0.3490658503988659
[predict()] making cropped data
[make_crop_data_batch()] Welcome make_crop_data_batch
[make_crop_data_batch()] make tf_to_crops done
[make_crop_data_batch()] render done
[make_crop_data_batch()] warp done
[make_crop_data_batch()] pose batch data done
[predict()] forward start
[predict()] forward done
[predict()] making cropped data
[make_crop_data_batch()] Welcome make_crop_data_batch
[make_crop_data_batch()] make tf_to_crops done
[make_crop_data_batch()] render done
[make_crop_data_batch()] warp done
[make_crop_data_batch()] pose batch data done
[predict()] forward start
[predict()] forward done
[track_one()] pose done
[460/1005] 000459.png
[track_one()] Welcome
[track_one()] depth processing done
[predict()] ob_in_cams:(1, 4, 4)
[predict()] self.cfg.use_normal:False
[predict()] trans_normalizer:[0.019999999552965164, 0.019999999552965164, 0.05000000074505806], rot_normalizer:0.3490658503988659
[predict()] making cropped data
[make_crop_data_batch()] Welcome make_crop_data_batch
[make_crop_data_batch()] make tf_to_crops done
[make_crop_data_batch()] render done
[make_crop_data_batch()] warp done
[make_crop_data_batch()] pose batch data done
[predict()] forward start
[predict()] forward done
[predict()] making cropped data
[make_crop_data_batch()] Welcome make_crop_data_batch
[make_crop_data_batch()] make tf_to_crops done
[make_crop_data_batch()] render done
[make_crop_data_batch()] warp done
[make_crop_data_batch()] pose batch data done
[predict()] forward start
[predict()] forward done
[track_one()] pose done
[461/1005] 000460.png
[track_one()] Welcome
[track_one()] depth processing done
[predict()] ob_in_cams:(1, 4, 4)
[predict()] self.cfg.use_normal:False
[predict()] trans_normalizer:[0.019999999552965164, 0.019999999552965164, 0.05000000074505806], rot_normalizer:0.3490658503988659
[predict()] making cropped data
[make_crop_data_batch()] Welcome make_crop_data_batch
[make_crop_data_batch()] make tf_to_crops done
[make_crop_data_batch()] render done
[make_crop_data_batch()] warp done
[make_crop_data_batch()] pose batch data done
[predict()] forward start
[predict()] forward done
[predict()] making cropped data
[make_crop_data_batch()] Welcome make_crop_data_batch
[make_crop_data_batch()] make tf_to_crops done
[make_crop_data_batch()] render done
[make_crop_data_batch()] warp done
[make_crop_data_batch()] pose batch data done
[predict()] forward start
[predict()] forward done
[track_one()] pose done
[462/1005] 000461.png
[track_one()] Welcome
[track_one()] depth processing done
[predict()] ob_in_cams:(1, 4, 4)
[predict()] self.cfg.use_normal:False
[predict()] trans_normalizer:[0.019999999552965164, 0.019999999552965164, 0.05000000074505806], rot_normalizer:0.3490658503988659
[predict()] making cropped data
[make_crop_data_batch()] Welcome make_crop_data_batch
[make_crop_data_batch()] make tf_to_crops done
[make_crop_data_batch()] render done
[make_crop_data_batch()] warp done
[make_crop_data_batch()] pose batch data done
[predict()] forward start
[predict()] forward done
[predict()] making cropped data
[make_crop_data_batch()] Welcome make_crop_data_batch
[make_crop_data_batch()] make tf_to_crops done
[make_crop_data_batch()] render done
[make_crop_data_batch()] warp done
[make_crop_data_batch()] pose batch data done
[predict()] forward start
[predict()] forward done
[track_one()] pose done
[463/1005] 000462.png
[track_one()] Welcome
[track_one()] depth processing done
[predict()] ob_in_cams:(1, 4, 4)
[predict()] self.cfg.use_normal:False
[predict()] trans_normalizer:[0.019999999552965164, 0.019999999552965164, 0.05000000074505806], rot_normalizer:0.3490658503988659
[predict()] making cropped data
[make_crop_data_batch()] Welcome make_crop_data_batch
[make_crop_data_batch()] make tf_to_crops done
[make_crop_data_batch()] render done
[make_crop_data_batch()] warp done
[make_crop_data_batch()] pose batch data done
[predict()] forward start
[predict()] forward done
[predict()] making cropped data
[make_crop_data_batch()] Welcome make_crop_data_batch
[make_crop_data_batch()] make tf_to_crops done
[make_crop_data_batch()] render done
[make_crop_data_batch()] warp done
[make_crop_data_batch()] pose batch data done
[predict()] forward start
[predict()] forward done
[track_one()] pose done
[464/1005] 000463.png
[track_one()] Welcome
[track_one()] depth processing done
[predict()] ob_in_cams:(1, 4, 4)
[predict()] self.cfg.use_normal:False
[predict()] trans_normalizer:[0.019999999552965164, 0.019999999552965164, 0.05000000074505806], rot_normalizer:0.3490658503988659
[predict()] making cropped data
[make_crop_data_batch()] Welcome make_crop_data_batch
[make_crop_data_batch()] make tf_to_crops done
[make_crop_data_batch()] render done
[make_crop_data_batch()] warp done
[make_crop_data_batch()] pose batch data done
[predict()] forward start
[predict()] forward done
[predict()] making cropped data
[make_crop_data_batch()] Welcome make_crop_data_batch
[make_crop_data_batch()] make tf_to_crops done
[make_crop_data_batch()] render done
[make_crop_data_batch()] warp done
[make_crop_data_batch()] pose batch data done
[predict()] forward start
[predict()] forward done
[track_one()] pose done
[465/1005] 000464.png
[track_one()] Welcome
[track_one()] depth processing done
[predict()] ob_in_cams:(1, 4, 4)
[predict()] self.cfg.use_normal:False
[predict()] trans_normalizer:[0.019999999552965164, 0.019999999552965164, 0.05000000074505806], rot_normalizer:0.3490658503988659
[predict()] making cropped data
[make_crop_data_batch()] Welcome make_crop_data_batch
[make_crop_data_batch()] make tf_to_crops done
[make_crop_data_batch()] render done
[make_crop_data_batch()] warp done
[make_crop_data_batch()] pose batch data done
[predict()] forward start
[predict()] forward done
[predict()] making cropped data
[make_crop_data_batch()] Welcome make_crop_data_batch
[make_crop_data_batch()] make tf_to_crops done
[make_crop_data_batch()] render done
[make_crop_data_batch()] warp done
[make_crop_data_batch()] pose batch data done
[predict()] forward start
[predict()] forward done
[track_one()] pose done
[466/1005] 000465.png
[track_one()] Welcome
[track_one()] depth processing done
[predict()] ob_in_cams:(1, 4, 4)
[predict()] self.cfg.use_normal:False
[predict()] trans_normalizer:[0.019999999552965164, 0.019999999552965164, 0.05000000074505806], rot_normalizer:0.3490658503988659
[predict()] making cropped data
[make_crop_data_batch()] Welcome make_crop_data_batch
[make_crop_data_batch()] make tf_to_crops done
[make_crop_data_batch()] render done
[make_crop_data_batch()] warp done
[make_crop_data_batch()] pose batch data done
[predict()] forward start
[predict()] forward done
[predict()] making cropped data
[make_crop_data_batch()] Welcome make_crop_data_batch
[make_crop_data_batch()] make tf_to_crops done
[make_crop_data_batch()] render done
[make_crop_data_batch()] warp done
[make_crop_data_batch()] pose batch data done
[predict()] forward start
[predict()] forward done
[track_one()] pose done
[467/1005] 000466.png
[track_one()] Welcome
[track_one()] depth processing done
[predict()] ob_in_cams:(1, 4, 4)
[predict()] self.cfg.use_normal:False
[predict()] trans_normalizer:[0.019999999552965164, 0.019999999552965164, 0.05000000074505806], rot_normalizer:0.3490658503988659
[predict()] making cropped data
[make_crop_data_batch()] Welcome make_crop_data_batch
[make_crop_data_batch()] make tf_to_crops done
[make_crop_data_batch()] render done
[make_crop_data_batch()] warp done
[make_crop_data_batch()] pose batch data done
[predict()] forward start
[predict()] forward done
[predict()] making cropped data
[make_crop_data_batch()] Welcome make_crop_data_batch
[make_crop_data_batch()] make tf_to_crops done
[make_crop_data_batch()] render done
[make_crop_data_batch()] warp done
[make_crop_data_batch()] pose batch data done
[predict()] forward start
[predict()] forward done
[track_one()] pose done
[468/1005] 000467.png
[track_one()] Welcome
[track_one()] depth processing done
[predict()] ob_in_cams:(1, 4, 4)
[predict()] self.cfg.use_normal:False
[predict()] trans_normalizer:[0.019999999552965164, 0.019999999552965164, 0.05000000074505806], rot_normalizer:0.3490658503988659
[predict()] making cropped data
[make_crop_data_batch()] Welcome make_crop_data_batch
[make_crop_data_batch()] make tf_to_crops done
[make_crop_data_batch()] render done
[make_crop_data_batch()] warp done
[make_crop_data_batch()] pose batch data done
[predict()] forward start
[predict()] forward done
[predict()] making cropped data
[make_crop_data_batch()] Welcome make_crop_data_batch
[make_crop_data_batch()] make tf_to_crops done
[make_crop_data_batch()] render done
[make_crop_data_batch()] warp done
[make_crop_data_batch()] pose batch data done
[predict()] forward start
[predict()] forward done
[track_one()] pose done
[469/1005] 000468.png
[track_one()] Welcome
[track_one()] depth processing done
[predict()] ob_in_cams:(1, 4, 4)
[predict()] self.cfg.use_normal:False
[predict()] trans_normalizer:[0.019999999552965164, 0.019999999552965164, 0.05000000074505806], rot_normalizer:0.3490658503988659
[predict()] making cropped data
[make_crop_data_batch()] Welcome make_crop_data_batch
[make_crop_data_batch()] make tf_to_crops done
[make_crop_data_batch()] render done
[make_crop_data_batch()] warp done
[make_crop_data_batch()] pose batch data done
[predict()] forward start
[predict()] forward done
[predict()] making cropped data
[make_crop_data_batch()] Welcome make_crop_data_batch
[make_crop_data_batch()] make tf_to_crops done
[make_crop_data_batch()] render done
[make_crop_data_batch()] warp done
[make_crop_data_batch()] pose batch data done
[predict()] forward start
[predict()] forward done
[track_one()] pose done
[470/1005] 000469.png
[track_one()] Welcome
[track_one()] depth processing done
[predict()] ob_in_cams:(1, 4, 4)
[predict()] self.cfg.use_normal:False
[predict()] trans_normalizer:[0.019999999552965164, 0.019999999552965164, 0.05000000074505806], rot_normalizer:0.3490658503988659
[predict()] making cropped data
[make_crop_data_batch()] Welcome make_crop_data_batch
[make_crop_data_batch()] make tf_to_crops done
[make_crop_data_batch()] render done
[make_crop_data_batch()] warp done
[make_crop_data_batch()] pose batch data done
[predict()] forward start
[predict()] forward done
[predict()] making cropped data
[make_crop_data_batch()] Welcome make_crop_data_batch
[make_crop_data_batch()] make tf_to_crops done
[make_crop_data_batch()] render done
[make_crop_data_batch()] warp done
[make_crop_data_batch()] pose batch data done
[predict()] forward start
[predict()] forward done
[track_one()] pose done
[471/1005] 000470.png
[track_one()] Welcome
[track_one()] depth processing done
[predict()] ob_in_cams:(1, 4, 4)
[predict()] self.cfg.use_normal:False
[predict()] trans_normalizer:[0.019999999552965164, 0.019999999552965164, 0.05000000074505806], rot_normalizer:0.3490658503988659
[predict()] making cropped data
[make_crop_data_batch()] Welcome make_crop_data_batch
[make_crop_data_batch()] make tf_to_crops done
[make_crop_data_batch()] render done
[make_crop_data_batch()] warp done
[make_crop_data_batch()] pose batch data done
[predict()] forward start
[predict()] forward done
[predict()] making cropped data
[make_crop_data_batch()] Welcome make_crop_data_batch
[make_crop_data_batch()] make tf_to_crops done
[make_crop_data_batch()] render done
[make_crop_data_batch()] warp done
[make_crop_data_batch()] pose batch data done
[predict()] forward start
[predict()] forward done
[track_one()] pose done
[472/1005] 000471.png
[track_one()] Welcome
[track_one()] depth processing done
[predict()] ob_in_cams:(1, 4, 4)
[predict()] self.cfg.use_normal:False
[predict()] trans_normalizer:[0.019999999552965164, 0.019999999552965164, 0.05000000074505806], rot_normalizer:0.3490658503988659
[predict()] making cropped data
[make_crop_data_batch()] Welcome make_crop_data_batch
[make_crop_data_batch()] make tf_to_crops done
[make_crop_data_batch()] render done
[make_crop_data_batch()] warp done
[make_crop_data_batch()] pose batch data done
[predict()] forward start
[predict()] forward done
[predict()] making cropped data
[make_crop_data_batch()] Welcome make_crop_data_batch
[make_crop_data_batch()] make tf_to_crops done
[make_crop_data_batch()] render done
[make_crop_data_batch()] warp done
[make_crop_data_batch()] pose batch data done
[predict()] forward start
[predict()] forward done
[track_one()] pose done
[473/1005] 000472.png
[track_one()] Welcome
[track_one()] depth processing done
[predict()] ob_in_cams:(1, 4, 4)
[predict()] self.cfg.use_normal:False
[predict()] trans_normalizer:[0.019999999552965164, 0.019999999552965164, 0.05000000074505806], rot_normalizer:0.3490658503988659
[predict()] making cropped data
[make_crop_data_batch()] Welcome make_crop_data_batch
[make_crop_data_batch()] make tf_to_crops done
[make_crop_data_batch()] render done
[make_crop_data_batch()] warp done
[make_crop_data_batch()] pose batch data done
[predict()] forward start
[predict()] forward done
[predict()] making cropped data
[make_crop_data_batch()] Welcome make_crop_data_batch
[make_crop_data_batch()] make tf_to_crops done
[make_crop_data_batch()] render done
[make_crop_data_batch()] warp done
[make_crop_data_batch()] pose batch data done
[predict()] forward start
[predict()] forward done
[track_one()] pose done
[474/1005] 000473.png
[track_one()] Welcome
[track_one()] depth processing done
[predict()] ob_in_cams:(1, 4, 4)
[predict()] self.cfg.use_normal:False
[predict()] trans_normalizer:[0.019999999552965164, 0.019999999552965164, 0.05000000074505806], rot_normalizer:0.3490658503988659
[predict()] making cropped data
[make_crop_data_batch()] Welcome make_crop_data_batch
[make_crop_data_batch()] make tf_to_crops done
[make_crop_data_batch()] render done
[make_crop_data_batch()] warp done
[make_crop_data_batch()] pose batch data done
[predict()] forward start
[predict()] forward done
[predict()] making cropped data
[make_crop_data_batch()] Welcome make_crop_data_batch
[make_crop_data_batch()] make tf_to_crops done
[make_crop_data_batch()] render done
[make_crop_data_batch()] warp done
[make_crop_data_batch()] pose batch data done
[predict()] forward start
[predict()] forward done
[track_one()] pose done
[475/1005] 000474.png
[track_one()] Welcome
[track_one()] depth processing done
[predict()] ob_in_cams:(1, 4, 4)
[predict()] self.cfg.use_normal:False
[predict()] trans_normalizer:[0.019999999552965164, 0.019999999552965164, 0.05000000074505806], rot_normalizer:0.3490658503988659
[predict()] making cropped data
[make_crop_data_batch()] Welcome make_crop_data_batch
[make_crop_data_batch()] make tf_to_crops done
[make_crop_data_batch()] render done
[make_crop_data_batch()] warp done
[make_crop_data_batch()] pose batch data done
[predict()] forward start
[predict()] forward done
[predict()] making cropped data
[make_crop_data_batch()] Welcome make_crop_data_batch
[make_crop_data_batch()] make tf_to_crops done
[make_crop_data_batch()] render done
[make_crop_data_batch()] warp done
[make_crop_data_batch()] pose batch data done
[predict()] forward start
[predict()] forward done
[track_one()] pose done
[476/1005] 000475.png
[track_one()] Welcome
[track_one()] depth processing done
[predict()] ob_in_cams:(1, 4, 4)
[predict()] self.cfg.use_normal:False
[predict()] trans_normalizer:[0.019999999552965164, 0.019999999552965164, 0.05000000074505806], rot_normalizer:0.3490658503988659
[predict()] making cropped data
[make_crop_data_batch()] Welcome make_crop_data_batch
[make_crop_data_batch()] make tf_to_crops done
[make_crop_data_batch()] render done
[make_crop_data_batch()] warp done
[make_crop_data_batch()] pose batch data done
[predict()] forward start
[predict()] forward done
[predict()] making cropped data
[make_crop_data_batch()] Welcome make_crop_data_batch
[make_crop_data_batch()] make tf_to_crops done
[make_crop_data_batch()] render done
[make_crop_data_batch()] warp done
[make_crop_data_batch()] pose batch data done
[predict()] forward start
[predict()] forward done
[track_one()] pose done
[477/1005] 000476.png
[track_one()] Welcome
[track_one()] depth processing done
[predict()] ob_in_cams:(1, 4, 4)
[predict()] self.cfg.use_normal:False
[predict()] trans_normalizer:[0.019999999552965164, 0.019999999552965164, 0.05000000074505806], rot_normalizer:0.3490658503988659
[predict()] making cropped data
[make_crop_data_batch()] Welcome make_crop_data_batch
[make_crop_data_batch()] make tf_to_crops done
[make_crop_data_batch()] render done
[make_crop_data_batch()] warp done
[make_crop_data_batch()] pose batch data done
[predict()] forward start
[predict()] forward done
[predict()] making cropped data
[make_crop_data_batch()] Welcome make_crop_data_batch
[make_crop_data_batch()] make tf_to_crops done
[make_crop_data_batch()] render done
[make_crop_data_batch()] warp done
[make_crop_data_batch()] pose batch data done
[predict()] forward start
[predict()] forward done
[track_one()] pose done
[478/1005] 000477.png
[track_one()] Welcome
[track_one()] depth processing done
[predict()] ob_in_cams:(1, 4, 4)
[predict()] self.cfg.use_normal:False
[predict()] trans_normalizer:[0.019999999552965164, 0.019999999552965164, 0.05000000074505806], rot_normalizer:0.3490658503988659
[predict()] making cropped data
[make_crop_data_batch()] Welcome make_crop_data_batch
[make_crop_data_batch()] make tf_to_crops done
[make_crop_data_batch()] render done
[make_crop_data_batch()] warp done
[make_crop_data_batch()] pose batch data done
[predict()] forward start
[predict()] forward done
[predict()] making cropped data
[make_crop_data_batch()] Welcome make_crop_data_batch
[make_crop_data_batch()] make tf_to_crops done
[make_crop_data_batch()] render done
[make_crop_data_batch()] warp done
[make_crop_data_batch()] pose batch data done
[predict()] forward start
[predict()] forward done
[track_one()] pose done
[479/1005] 000478.png
[track_one()] Welcome
[track_one()] depth processing done
[predict()] ob_in_cams:(1, 4, 4)
[predict()] self.cfg.use_normal:False
[predict()] trans_normalizer:[0.019999999552965164, 0.019999999552965164, 0.05000000074505806], rot_normalizer:0.3490658503988659
[predict()] making cropped data
[make_crop_data_batch()] Welcome make_crop_data_batch
[make_crop_data_batch()] make tf_to_crops done
[make_crop_data_batch()] render done
[make_crop_data_batch()] warp done
[make_crop_data_batch()] pose batch data done
[predict()] forward start
[predict()] forward done
[predict()] making cropped data
[make_crop_data_batch()] Welcome make_crop_data_batch
[make_crop_data_batch()] make tf_to_crops done
[make_crop_data_batch()] render done
[make_crop_data_batch()] warp done
[make_crop_data_batch()] pose batch data done
[predict()] forward start
[predict()] forward done
[track_one()] pose done
[480/1005] 000479.png
[track_one()] Welcome
[track_one()] depth processing done
[predict()] ob_in_cams:(1, 4, 4)
[predict()] self.cfg.use_normal:False
[predict()] trans_normalizer:[0.019999999552965164, 0.019999999552965164, 0.05000000074505806], rot_normalizer:0.3490658503988659
[predict()] making cropped data
[make_crop_data_batch()] Welcome make_crop_data_batch
[make_crop_data_batch()] make tf_to_crops done
[make_crop_data_batch()] render done
[make_crop_data_batch()] warp done
[make_crop_data_batch()] pose batch data done
[predict()] forward start
[predict()] forward done
[predict()] making cropped data
[make_crop_data_batch()] Welcome make_crop_data_batch
[make_crop_data_batch()] make tf_to_crops done
[make_crop_data_batch()] render done
[make_crop_data_batch()] warp done
[make_crop_data_batch()] pose batch data done
[predict()] forward start
[predict()] forward done
[track_one()] pose done
[481/1005] 000480.png
[track_one()] Welcome
[track_one()] depth processing done
[predict()] ob_in_cams:(1, 4, 4)
[predict()] self.cfg.use_normal:False
[predict()] trans_normalizer:[0.019999999552965164, 0.019999999552965164, 0.05000000074505806], rot_normalizer:0.3490658503988659
[predict()] making cropped data
[make_crop_data_batch()] Welcome make_crop_data_batch
[make_crop_data_batch()] make tf_to_crops done
[make_crop_data_batch()] render done
[make_crop_data_batch()] warp done
[make_crop_data_batch()] pose batch data done
[predict()] forward start
[predict()] forward done
[predict()] making cropped data
[make_crop_data_batch()] Welcome make_crop_data_batch
[make_crop_data_batch()] make tf_to_crops done
[make_crop_data_batch()] render done
[make_crop_data_batch()] warp done
[make_crop_data_batch()] pose batch data done
[predict()] forward start
[predict()] forward done
[track_one()] pose done
[482/1005] 000481.png
[track_one()] Welcome
[track_one()] depth processing done
[predict()] ob_in_cams:(1, 4, 4)
[predict()] self.cfg.use_normal:False
[predict()] trans_normalizer:[0.019999999552965164, 0.019999999552965164, 0.05000000074505806], rot_normalizer:0.3490658503988659
[predict()] making cropped data
[make_crop_data_batch()] Welcome make_crop_data_batch
[make_crop_data_batch()] make tf_to_crops done
[make_crop_data_batch()] render done
[make_crop_data_batch()] warp done
[make_crop_data_batch()] pose batch data done
[predict()] forward start
[predict()] forward done
[predict()] making cropped data
[make_crop_data_batch()] Welcome make_crop_data_batch
[make_crop_data_batch()] make tf_to_crops done
[make_crop_data_batch()] render done
[make_crop_data_batch()] warp done
[make_crop_data_batch()] pose batch data done
[predict()] forward start
[predict()] forward done
[track_one()] pose done
[483/1005] 000482.png
[track_one()] Welcome
[track_one()] depth processing done
[predict()] ob_in_cams:(1, 4, 4)
[predict()] self.cfg.use_normal:False
[predict()] trans_normalizer:[0.019999999552965164, 0.019999999552965164, 0.05000000074505806], rot_normalizer:0.3490658503988659
[predict()] making cropped data
[make_crop_data_batch()] Welcome make_crop_data_batch
[make_crop_data_batch()] make tf_to_crops done
[make_crop_data_batch()] render done
[make_crop_data_batch()] warp done
[make_crop_data_batch()] pose batch data done
[predict()] forward start
[predict()] forward done
[predict()] making cropped data
[make_crop_data_batch()] Welcome make_crop_data_batch
[make_crop_data_batch()] make tf_to_crops done
[make_crop_data_batch()] render done
[make_crop_data_batch()] warp done
[make_crop_data_batch()] pose batch data done
[predict()] forward start
[predict()] forward done
[track_one()] pose done
[484/1005] 000483.png
[track_one()] Welcome
[track_one()] depth processing done
[predict()] ob_in_cams:(1, 4, 4)
[predict()] self.cfg.use_normal:False
[predict()] trans_normalizer:[0.019999999552965164, 0.019999999552965164, 0.05000000074505806], rot_normalizer:0.3490658503988659
[predict()] making cropped data
[make_crop_data_batch()] Welcome make_crop_data_batch
[make_crop_data_batch()] make tf_to_crops done
[make_crop_data_batch()] render done
[make_crop_data_batch()] warp done
[make_crop_data_batch()] pose batch data done
[predict()] forward start
[predict()] forward done
[predict()] making cropped data
[make_crop_data_batch()] Welcome make_crop_data_batch
[make_crop_data_batch()] make tf_to_crops done
[make_crop_data_batch()] render done
[make_crop_data_batch()] warp done
[make_crop_data_batch()] pose batch data done
[predict()] forward start
[predict()] forward done
[track_one()] pose done
[485/1005] 000484.png
[track_one()] Welcome
[track_one()] depth processing done
[predict()] ob_in_cams:(1, 4, 4)
[predict()] self.cfg.use_normal:False
[predict()] trans_normalizer:[0.019999999552965164, 0.019999999552965164, 0.05000000074505806], rot_normalizer:0.3490658503988659
[predict()] making cropped data
[make_crop_data_batch()] Welcome make_crop_data_batch
[make_crop_data_batch()] make tf_to_crops done
[make_crop_data_batch()] render done
[make_crop_data_batch()] warp done
[make_crop_data_batch()] pose batch data done
[predict()] forward start
[predict()] forward done
[predict()] making cropped data
[make_crop_data_batch()] Welcome make_crop_data_batch
[make_crop_data_batch()] make tf_to_crops done
[make_crop_data_batch()] render done
[make_crop_data_batch()] warp done
[make_crop_data_batch()] pose batch data done
[predict()] forward start
[predict()] forward done
[track_one()] pose done
[486/1005] 000485.png
[track_one()] Welcome
[track_one()] depth processing done
[predict()] ob_in_cams:(1, 4, 4)
[predict()] self.cfg.use_normal:False
[predict()] trans_normalizer:[0.019999999552965164, 0.019999999552965164, 0.05000000074505806], rot_normalizer:0.3490658503988659
[predict()] making cropped data
[make_crop_data_batch()] Welcome make_crop_data_batch
[make_crop_data_batch()] make tf_to_crops done
[make_crop_data_batch()] render done
[make_crop_data_batch()] warp done
[make_crop_data_batch()] pose batch data done
[predict()] forward start
[predict()] forward done
[predict()] making cropped data
[make_crop_data_batch()] Welcome make_crop_data_batch
[make_crop_data_batch()] make tf_to_crops done
[make_crop_data_batch()] render done
[make_crop_data_batch()] warp done
[make_crop_data_batch()] pose batch data done
[predict()] forward start
[predict()] forward done
[track_one()] pose done
[487/1005] 000486.png
[track_one()] Welcome
[track_one()] depth processing done
[predict()] ob_in_cams:(1, 4, 4)
[predict()] self.cfg.use_normal:False
[predict()] trans_normalizer:[0.019999999552965164, 0.019999999552965164, 0.05000000074505806], rot_normalizer:0.3490658503988659
[predict()] making cropped data
[make_crop_data_batch()] Welcome make_crop_data_batch
[make_crop_data_batch()] make tf_to_crops done
[make_crop_data_batch()] render done
[make_crop_data_batch()] warp done
[make_crop_data_batch()] pose batch data done
[predict()] forward start
[predict()] forward done
[predict()] making cropped data
[make_crop_data_batch()] Welcome make_crop_data_batch
[make_crop_data_batch()] make tf_to_crops done
[make_crop_data_batch()] render done
[make_crop_data_batch()] warp done
[make_crop_data_batch()] pose batch data done
[predict()] forward start
[predict()] forward done
[track_one()] pose done
[488/1005] 000487.png
[track_one()] Welcome
[track_one()] depth processing done
[predict()] ob_in_cams:(1, 4, 4)
[predict()] self.cfg.use_normal:False
[predict()] trans_normalizer:[0.019999999552965164, 0.019999999552965164, 0.05000000074505806], rot_normalizer:0.3490658503988659
[predict()] making cropped data
[make_crop_data_batch()] Welcome make_crop_data_batch
[make_crop_data_batch()] make tf_to_crops done
[make_crop_data_batch()] render done
[make_crop_data_batch()] warp done
[make_crop_data_batch()] pose batch data done
[predict()] forward start
[predict()] forward done
[predict()] making cropped data
[make_crop_data_batch()] Welcome make_crop_data_batch
[make_crop_data_batch()] make tf_to_crops done
[make_crop_data_batch()] render done
[make_crop_data_batch()] warp done
[make_crop_data_batch()] pose batch data done
[predict()] forward start
[predict()] forward done
[track_one()] pose done
[489/1005] 000488.png
[track_one()] Welcome
[track_one()] depth processing done
[predict()] ob_in_cams:(1, 4, 4)
[predict()] self.cfg.use_normal:False
[predict()] trans_normalizer:[0.019999999552965164, 0.019999999552965164, 0.05000000074505806], rot_normalizer:0.3490658503988659
[predict()] making cropped data
[make_crop_data_batch()] Welcome make_crop_data_batch
[make_crop_data_batch()] make tf_to_crops done
[make_crop_data_batch()] render done
[make_crop_data_batch()] warp done
[make_crop_data_batch()] pose batch data done
[predict()] forward start
[predict()] forward done
[predict()] making cropped data
[make_crop_data_batch()] Welcome make_crop_data_batch
[make_crop_data_batch()] make tf_to_crops done
[make_crop_data_batch()] render done
[make_crop_data_batch()] warp done
[make_crop_data_batch()] pose batch data done
[predict()] forward start
[predict()] forward done
[track_one()] pose done
[490/1005] 000489.png
[track_one()] Welcome
[track_one()] depth processing done
[predict()] ob_in_cams:(1, 4, 4)
[predict()] self.cfg.use_normal:False
[predict()] trans_normalizer:[0.019999999552965164, 0.019999999552965164, 0.05000000074505806], rot_normalizer:0.3490658503988659
[predict()] making cropped data
[make_crop_data_batch()] Welcome make_crop_data_batch
[make_crop_data_batch()] make tf_to_crops done
[make_crop_data_batch()] render done
[make_crop_data_batch()] warp done
[make_crop_data_batch()] pose batch data done
[predict()] forward start
[predict()] forward done
[predict()] making cropped data
[make_crop_data_batch()] Welcome make_crop_data_batch
[make_crop_data_batch()] make tf_to_crops done
[make_crop_data_batch()] render done
[make_crop_data_batch()] warp done
[make_crop_data_batch()] pose batch data done
[predict()] forward start
[predict()] forward done
[track_one()] pose done
[491/1005] 000490.png
[track_one()] Welcome
[track_one()] depth processing done
[predict()] ob_in_cams:(1, 4, 4)
[predict()] self.cfg.use_normal:False
[predict()] trans_normalizer:[0.019999999552965164, 0.019999999552965164, 0.05000000074505806], rot_normalizer:0.3490658503988659
[predict()] making cropped data
[make_crop_data_batch()] Welcome make_crop_data_batch
[make_crop_data_batch()] make tf_to_crops done
[make_crop_data_batch()] render done
[make_crop_data_batch()] warp done
[make_crop_data_batch()] pose batch data done
[predict()] forward start
[predict()] forward done
[predict()] making cropped data
[make_crop_data_batch()] Welcome make_crop_data_batch
[make_crop_data_batch()] make tf_to_crops done
[make_crop_data_batch()] render done
[make_crop_data_batch()] warp done
[make_crop_data_batch()] pose batch data done
[predict()] forward start
[predict()] forward done
[track_one()] pose done
[492/1005] 000491.png
[track_one()] Welcome
[track_one()] depth processing done
[predict()] ob_in_cams:(1, 4, 4)
[predict()] self.cfg.use_normal:False
[predict()] trans_normalizer:[0.019999999552965164, 0.019999999552965164, 0.05000000074505806], rot_normalizer:0.3490658503988659
[predict()] making cropped data
[make_crop_data_batch()] Welcome make_crop_data_batch
[make_crop_data_batch()] make tf_to_crops done
[make_crop_data_batch()] render done
[make_crop_data_batch()] warp done
[make_crop_data_batch()] pose batch data done
[predict()] forward start
[predict()] forward done
[predict()] making cropped data
[make_crop_data_batch()] Welcome make_crop_data_batch
[make_crop_data_batch()] make tf_to_crops done
[make_crop_data_batch()] render done
[make_crop_data_batch()] warp done
[make_crop_data_batch()] pose batch data done
[predict()] forward start
[predict()] forward done
[track_one()] pose done
[493/1005] 000492.png
[track_one()] Welcome
[track_one()] depth processing done
[predict()] ob_in_cams:(1, 4, 4)
[predict()] self.cfg.use_normal:False
[predict()] trans_normalizer:[0.019999999552965164, 0.019999999552965164, 0.05000000074505806], rot_normalizer:0.3490658503988659
[predict()] making cropped data
[make_crop_data_batch()] Welcome make_crop_data_batch
[make_crop_data_batch()] make tf_to_crops done
[make_crop_data_batch()] render done
[make_crop_data_batch()] warp done
[make_crop_data_batch()] pose batch data done
[predict()] forward start
[predict()] forward done
[predict()] making cropped data
[make_crop_data_batch()] Welcome make_crop_data_batch
[make_crop_data_batch()] make tf_to_crops done
[make_crop_data_batch()] render done
[make_crop_data_batch()] warp done
[make_crop_data_batch()] pose batch data done
[predict()] forward start
[predict()] forward done
[track_one()] pose done
[494/1005] 000493.png
[track_one()] Welcome
[track_one()] depth processing done
[predict()] ob_in_cams:(1, 4, 4)
[predict()] self.cfg.use_normal:False
[predict()] trans_normalizer:[0.019999999552965164, 0.019999999552965164, 0.05000000074505806], rot_normalizer:0.3490658503988659
[predict()] making cropped data
[make_crop_data_batch()] Welcome make_crop_data_batch
[make_crop_data_batch()] make tf_to_crops done
[make_crop_data_batch()] render done
[make_crop_data_batch()] warp done
[make_crop_data_batch()] pose batch data done
[predict()] forward start
[predict()] forward done
[predict()] making cropped data
[make_crop_data_batch()] Welcome make_crop_data_batch
[make_crop_data_batch()] make tf_to_crops done
[make_crop_data_batch()] render done
[make_crop_data_batch()] warp done
[make_crop_data_batch()] pose batch data done
[predict()] forward start
[predict()] forward done
[track_one()] pose done
[495/1005] 000494.png
[track_one()] Welcome
[track_one()] depth processing done
[predict()] ob_in_cams:(1, 4, 4)
[predict()] self.cfg.use_normal:False
[predict()] trans_normalizer:[0.019999999552965164, 0.019999999552965164, 0.05000000074505806], rot_normalizer:0.3490658503988659
[predict()] making cropped data
[make_crop_data_batch()] Welcome make_crop_data_batch
[make_crop_data_batch()] make tf_to_crops done
[make_crop_data_batch()] render done
[make_crop_data_batch()] warp done
[make_crop_data_batch()] pose batch data done
[predict()] forward start
[predict()] forward done
[predict()] making cropped data
[make_crop_data_batch()] Welcome make_crop_data_batch
[make_crop_data_batch()] make tf_to_crops done
[make_crop_data_batch()] render done
[make_crop_data_batch()] warp done
[make_crop_data_batch()] pose batch data done
[predict()] forward start
[predict()] forward done
[track_one()] pose done
[496/1005] 000495.png
[track_one()] Welcome
[track_one()] depth processing done
[predict()] ob_in_cams:(1, 4, 4)
[predict()] self.cfg.use_normal:False
[predict()] trans_normalizer:[0.019999999552965164, 0.019999999552965164, 0.05000000074505806], rot_normalizer:0.3490658503988659
[predict()] making cropped data
[make_crop_data_batch()] Welcome make_crop_data_batch
[make_crop_data_batch()] make tf_to_crops done
[make_crop_data_batch()] render done
[make_crop_data_batch()] warp done
[make_crop_data_batch()] pose batch data done
[predict()] forward start
[predict()] forward done
[predict()] making cropped data
[make_crop_data_batch()] Welcome make_crop_data_batch
[make_crop_data_batch()] make tf_to_crops done
[make_crop_data_batch()] render done
[make_crop_data_batch()] warp done
[make_crop_data_batch()] pose batch data done
[predict()] forward start
[predict()] forward done
[track_one()] pose done
[497/1005] 000496.png
[track_one()] Welcome
[track_one()] depth processing done
[predict()] ob_in_cams:(1, 4, 4)
[predict()] self.cfg.use_normal:False
[predict()] trans_normalizer:[0.019999999552965164, 0.019999999552965164, 0.05000000074505806], rot_normalizer:0.3490658503988659
[predict()] making cropped data
[make_crop_data_batch()] Welcome make_crop_data_batch
[make_crop_data_batch()] make tf_to_crops done
[make_crop_data_batch()] render done
[make_crop_data_batch()] warp done
[make_crop_data_batch()] pose batch data done
[predict()] forward start
[predict()] forward done
[predict()] making cropped data
[make_crop_data_batch()] Welcome make_crop_data_batch
[make_crop_data_batch()] make tf_to_crops done
[make_crop_data_batch()] render done
[make_crop_data_batch()] warp done
[make_crop_data_batch()] pose batch data done
[predict()] forward start
[predict()] forward done
[track_one()] pose done
[498/1005] 000497.png
[track_one()] Welcome
[track_one()] depth processing done
[predict()] ob_in_cams:(1, 4, 4)
[predict()] self.cfg.use_normal:False
[predict()] trans_normalizer:[0.019999999552965164, 0.019999999552965164, 0.05000000074505806], rot_normalizer:0.3490658503988659
[predict()] making cropped data
[make_crop_data_batch()] Welcome make_crop_data_batch
[make_crop_data_batch()] make tf_to_crops done
[make_crop_data_batch()] render done
[make_crop_data_batch()] warp done
[make_crop_data_batch()] pose batch data done
[predict()] forward start
[predict()] forward done
[predict()] making cropped data
[make_crop_data_batch()] Welcome make_crop_data_batch
[make_crop_data_batch()] make tf_to_crops done
[make_crop_data_batch()] render done
[make_crop_data_batch()] warp done
[make_crop_data_batch()] pose batch data done
[predict()] forward start
[predict()] forward done
[track_one()] pose done
[499/1005] 000498.png
[track_one()] Welcome
[track_one()] depth processing done
[predict()] ob_in_cams:(1, 4, 4)
[predict()] self.cfg.use_normal:False
[predict()] trans_normalizer:[0.019999999552965164, 0.019999999552965164, 0.05000000074505806], rot_normalizer:0.3490658503988659
[predict()] making cropped data
[make_crop_data_batch()] Welcome make_crop_data_batch
[make_crop_data_batch()] make tf_to_crops done
[make_crop_data_batch()] render done
[make_crop_data_batch()] warp done
[make_crop_data_batch()] pose batch data done
[predict()] forward start
[predict()] forward done
[predict()] making cropped data
[make_crop_data_batch()] Welcome make_crop_data_batch
[make_crop_data_batch()] make tf_to_crops done
[make_crop_data_batch()] render done
[make_crop_data_batch()] warp done
[make_crop_data_batch()] pose batch data done
[predict()] forward start
[predict()] forward done
[track_one()] pose done
[500/1005] 000499.png
[track_one()] Welcome
[track_one()] depth processing done
[predict()] ob_in_cams:(1, 4, 4)
[predict()] self.cfg.use_normal:False
[predict()] trans_normalizer:[0.019999999552965164, 0.019999999552965164, 0.05000000074505806], rot_normalizer:0.3490658503988659
[predict()] making cropped data
[make_crop_data_batch()] Welcome make_crop_data_batch
[make_crop_data_batch()] make tf_to_crops done
[make_crop_data_batch()] render done
[make_crop_data_batch()] warp done
[make_crop_data_batch()] pose batch data done
[predict()] forward start
[predict()] forward done
[predict()] making cropped data
[make_crop_data_batch()] Welcome make_crop_data_batch
[make_crop_data_batch()] make tf_to_crops done
[make_crop_data_batch()] render done
[make_crop_data_batch()] warp done
[make_crop_data_batch()] pose batch data done
[predict()] forward start
[predict()] forward done
[track_one()] pose done
[501/1005] 000500.png
[track_one()] Welcome
[track_one()] depth processing done
[predict()] ob_in_cams:(1, 4, 4)
[predict()] self.cfg.use_normal:False
[predict()] trans_normalizer:[0.019999999552965164, 0.019999999552965164, 0.05000000074505806], rot_normalizer:0.3490658503988659
[predict()] making cropped data
[make_crop_data_batch()] Welcome make_crop_data_batch
[make_crop_data_batch()] make tf_to_crops done
[make_crop_data_batch()] render done
[make_crop_data_batch()] warp done
[make_crop_data_batch()] pose batch data done
[predict()] forward start
[predict()] forward done
[predict()] making cropped data
[make_crop_data_batch()] Welcome make_crop_data_batch
[make_crop_data_batch()] make tf_to_crops done
[make_crop_data_batch()] render done
[make_crop_data_batch()] warp done
[make_crop_data_batch()] pose batch data done
[predict()] forward start
[predict()] forward done
[track_one()] pose done
[502/1005] 000501.png
[track_one()] Welcome
[track_one()] depth processing done
[predict()] ob_in_cams:(1, 4, 4)
[predict()] self.cfg.use_normal:False
[predict()] trans_normalizer:[0.019999999552965164, 0.019999999552965164, 0.05000000074505806], rot_normalizer:0.3490658503988659
[predict()] making cropped data
[make_crop_data_batch()] Welcome make_crop_data_batch
[make_crop_data_batch()] make tf_to_crops done
[make_crop_data_batch()] render done
[make_crop_data_batch()] warp done
[make_crop_data_batch()] pose batch data done
[predict()] forward start
[predict()] forward done
[predict()] making cropped data
[make_crop_data_batch()] Welcome make_crop_data_batch
[make_crop_data_batch()] make tf_to_crops done
[make_crop_data_batch()] render done
[make_crop_data_batch()] warp done
[make_crop_data_batch()] pose batch data done
[predict()] forward start
[predict()] forward done
[track_one()] pose done
[503/1005] 000502.png
[track_one()] Welcome
[track_one()] depth processing done
[predict()] ob_in_cams:(1, 4, 4)
[predict()] self.cfg.use_normal:False
[predict()] trans_normalizer:[0.019999999552965164, 0.019999999552965164, 0.05000000074505806], rot_normalizer:0.3490658503988659
[predict()] making cropped data
[make_crop_data_batch()] Welcome make_crop_data_batch
[make_crop_data_batch()] make tf_to_crops done
[make_crop_data_batch()] render done
[make_crop_data_batch()] warp done
[make_crop_data_batch()] pose batch data done
[predict()] forward start
[predict()] forward done
[predict()] making cropped data
[make_crop_data_batch()] Welcome make_crop_data_batch
[make_crop_data_batch()] make tf_to_crops done
[make_crop_data_batch()] render done
[make_crop_data_batch()] warp done
[make_crop_data_batch()] pose batch data done
[predict()] forward start
[predict()] forward done
[track_one()] pose done
[504/1005] 000503.png
[track_one()] Welcome
[track_one()] depth processing done
[predict()] ob_in_cams:(1, 4, 4)
[predict()] self.cfg.use_normal:False
[predict()] trans_normalizer:[0.019999999552965164, 0.019999999552965164, 0.05000000074505806], rot_normalizer:0.3490658503988659
[predict()] making cropped data
[make_crop_data_batch()] Welcome make_crop_data_batch
[make_crop_data_batch()] make tf_to_crops done
[make_crop_data_batch()] render done
[make_crop_data_batch()] warp done
[make_crop_data_batch()] pose batch data done
[predict()] forward start
[predict()] forward done
[predict()] making cropped data
[make_crop_data_batch()] Welcome make_crop_data_batch
[make_crop_data_batch()] make tf_to_crops done
[make_crop_data_batch()] render done
[make_crop_data_batch()] warp done
[make_crop_data_batch()] pose batch data done
[predict()] forward start
[predict()] forward done
[track_one()] pose done
[505/1005] 000504.png
[track_one()] Welcome
[track_one()] depth processing done
[predict()] ob_in_cams:(1, 4, 4)
[predict()] self.cfg.use_normal:False
[predict()] trans_normalizer:[0.019999999552965164, 0.019999999552965164, 0.05000000074505806], rot_normalizer:0.3490658503988659
[predict()] making cropped data
[make_crop_data_batch()] Welcome make_crop_data_batch
[make_crop_data_batch()] make tf_to_crops done
[make_crop_data_batch()] render done
[make_crop_data_batch()] warp done
[make_crop_data_batch()] pose batch data done
[predict()] forward start
[predict()] forward done
[predict()] making cropped data
[make_crop_data_batch()] Welcome make_crop_data_batch
[make_crop_data_batch()] make tf_to_crops done
[make_crop_data_batch()] render done
[make_crop_data_batch()] warp done
[make_crop_data_batch()] pose batch data done
[predict()] forward start
[predict()] forward done
[track_one()] pose done
[506/1005] 000505.png
[track_one()] Welcome
[track_one()] depth processing done
[predict()] ob_in_cams:(1, 4, 4)
[predict()] self.cfg.use_normal:False
[predict()] trans_normalizer:[0.019999999552965164, 0.019999999552965164, 0.05000000074505806], rot_normalizer:0.3490658503988659
[predict()] making cropped data
[make_crop_data_batch()] Welcome make_crop_data_batch
[make_crop_data_batch()] make tf_to_crops done
[make_crop_data_batch()] render done
[make_crop_data_batch()] warp done
[make_crop_data_batch()] pose batch data done
[predict()] forward start
[predict()] forward done
[predict()] making cropped data
[make_crop_data_batch()] Welcome make_crop_data_batch
[make_crop_data_batch()] make tf_to_crops done
[make_crop_data_batch()] render done
[make_crop_data_batch()] warp done
[make_crop_data_batch()] pose batch data done
[predict()] forward start
[predict()] forward done
[track_one()] pose done
[507/1005] 000506.png
[track_one()] Welcome
[track_one()] depth processing done
[predict()] ob_in_cams:(1, 4, 4)
[predict()] self.cfg.use_normal:False
[predict()] trans_normalizer:[0.019999999552965164, 0.019999999552965164, 0.05000000074505806], rot_normalizer:0.3490658503988659
[predict()] making cropped data
[make_crop_data_batch()] Welcome make_crop_data_batch
[make_crop_data_batch()] make tf_to_crops done
[make_crop_data_batch()] render done
[make_crop_data_batch()] warp done
[make_crop_data_batch()] pose batch data done
[predict()] forward start
[predict()] forward done
[predict()] making cropped data
[make_crop_data_batch()] Welcome make_crop_data_batch
[make_crop_data_batch()] make tf_to_crops done
[make_crop_data_batch()] render done
[make_crop_data_batch()] warp done
[make_crop_data_batch()] pose batch data done
[predict()] forward start
[predict()] forward done
[track_one()] pose done
[508/1005] 000507.png
[track_one()] Welcome
[track_one()] depth processing done
[predict()] ob_in_cams:(1, 4, 4)
[predict()] self.cfg.use_normal:False
[predict()] trans_normalizer:[0.019999999552965164, 0.019999999552965164, 0.05000000074505806], rot_normalizer:0.3490658503988659
[predict()] making cropped data
[make_crop_data_batch()] Welcome make_crop_data_batch
[make_crop_data_batch()] make tf_to_crops done
[make_crop_data_batch()] render done
[make_crop_data_batch()] warp done
[make_crop_data_batch()] pose batch data done
[predict()] forward start
[predict()] forward done
[predict()] making cropped data
[make_crop_data_batch()] Welcome make_crop_data_batch
[make_crop_data_batch()] make tf_to_crops done
[make_crop_data_batch()] render done
[make_crop_data_batch()] warp done
[make_crop_data_batch()] pose batch data done
[predict()] forward start
[predict()] forward done
[track_one()] pose done
[509/1005] 000508.png
[track_one()] Welcome
[track_one()] depth processing done
[predict()] ob_in_cams:(1, 4, 4)
[predict()] self.cfg.use_normal:False
[predict()] trans_normalizer:[0.019999999552965164, 0.019999999552965164, 0.05000000074505806], rot_normalizer:0.3490658503988659
[predict()] making cropped data
[make_crop_data_batch()] Welcome make_crop_data_batch
[make_crop_data_batch()] make tf_to_crops done
[make_crop_data_batch()] render done
[make_crop_data_batch()] warp done
[make_crop_data_batch()] pose batch data done
[predict()] forward start
[predict()] forward done
[predict()] making cropped data
[make_crop_data_batch()] Welcome make_crop_data_batch
[make_crop_data_batch()] make tf_to_crops done
[make_crop_data_batch()] render done
[make_crop_data_batch()] warp done
[make_crop_data_batch()] pose batch data done
[predict()] forward start
[predict()] forward done
[track_one()] pose done
[510/1005] 000509.png
[track_one()] Welcome
[track_one()] depth processing done
[predict()] ob_in_cams:(1, 4, 4)
[predict()] self.cfg.use_normal:False
[predict()] trans_normalizer:[0.019999999552965164, 0.019999999552965164, 0.05000000074505806], rot_normalizer:0.3490658503988659
[predict()] making cropped data
[make_crop_data_batch()] Welcome make_crop_data_batch
[make_crop_data_batch()] make tf_to_crops done
[make_crop_data_batch()] render done
[make_crop_data_batch()] warp done
[make_crop_data_batch()] pose batch data done
[predict()] forward start
[predict()] forward done
[predict()] making cropped data
[make_crop_data_batch()] Welcome make_crop_data_batch
[make_crop_data_batch()] make tf_to_crops done
[make_crop_data_batch()] render done
[make_crop_data_batch()] warp done
[make_crop_data_batch()] pose batch data done
[predict()] forward start
[predict()] forward done
[track_one()] pose done
[511/1005] 000510.png
[track_one()] Welcome
[track_one()] depth processing done
[predict()] ob_in_cams:(1, 4, 4)
[predict()] self.cfg.use_normal:False
[predict()] trans_normalizer:[0.019999999552965164, 0.019999999552965164, 0.05000000074505806], rot_normalizer:0.3490658503988659
[predict()] making cropped data
[make_crop_data_batch()] Welcome make_crop_data_batch
[make_crop_data_batch()] make tf_to_crops done
[make_crop_data_batch()] render done
[make_crop_data_batch()] warp done
[make_crop_data_batch()] pose batch data done
[predict()] forward start
[predict()] forward done
[predict()] making cropped data
[make_crop_data_batch()] Welcome make_crop_data_batch
[make_crop_data_batch()] make tf_to_crops done
[make_crop_data_batch()] render done
[make_crop_data_batch()] warp done
[make_crop_data_batch()] pose batch data done
[predict()] forward start
[predict()] forward done
[track_one()] pose done
[512/1005] 000511.png
[track_one()] Welcome
[track_one()] depth processing done
[predict()] ob_in_cams:(1, 4, 4)
[predict()] self.cfg.use_normal:False
[predict()] trans_normalizer:[0.019999999552965164, 0.019999999552965164, 0.05000000074505806], rot_normalizer:0.3490658503988659
[predict()] making cropped data
[make_crop_data_batch()] Welcome make_crop_data_batch
[make_crop_data_batch()] make tf_to_crops done
[make_crop_data_batch()] render done
[make_crop_data_batch()] warp done
[make_crop_data_batch()] pose batch data done
[predict()] forward start
[predict()] forward done
[predict()] making cropped data
[make_crop_data_batch()] Welcome make_crop_data_batch
[make_crop_data_batch()] make tf_to_crops done
[make_crop_data_batch()] render done
[make_crop_data_batch()] warp done
[make_crop_data_batch()] pose batch data done
[predict()] forward start
[predict()] forward done
[track_one()] pose done
[513/1005] 000512.png
[track_one()] Welcome
[track_one()] depth processing done
[predict()] ob_in_cams:(1, 4, 4)
[predict()] self.cfg.use_normal:False
[predict()] trans_normalizer:[0.019999999552965164, 0.019999999552965164, 0.05000000074505806], rot_normalizer:0.3490658503988659
[predict()] making cropped data
[make_crop_data_batch()] Welcome make_crop_data_batch
[make_crop_data_batch()] make tf_to_crops done
[make_crop_data_batch()] render done
[make_crop_data_batch()] warp done
[make_crop_data_batch()] pose batch data done
[predict()] forward start
[predict()] forward done
[predict()] making cropped data
[make_crop_data_batch()] Welcome make_crop_data_batch
[make_crop_data_batch()] make tf_to_crops done
[make_crop_data_batch()] render done
[make_crop_data_batch()] warp done
[make_crop_data_batch()] pose batch data done
[predict()] forward start
[predict()] forward done
[track_one()] pose done
[514/1005] 000513.png
[track_one()] Welcome
[track_one()] depth processing done
[predict()] ob_in_cams:(1, 4, 4)
[predict()] self.cfg.use_normal:False
[predict()] trans_normalizer:[0.019999999552965164, 0.019999999552965164, 0.05000000074505806], rot_normalizer:0.3490658503988659
[predict()] making cropped data
[make_crop_data_batch()] Welcome make_crop_data_batch
[make_crop_data_batch()] make tf_to_crops done
[make_crop_data_batch()] render done
[make_crop_data_batch()] warp done
[make_crop_data_batch()] pose batch data done
[predict()] forward start
[predict()] forward done
[predict()] making cropped data
[make_crop_data_batch()] Welcome make_crop_data_batch
[make_crop_data_batch()] make tf_to_crops done
[make_crop_data_batch()] render done
[make_crop_data_batch()] warp done
[make_crop_data_batch()] pose batch data done
[predict()] forward start
[predict()] forward done
[track_one()] pose done
[515/1005] 000514.png
[track_one()] Welcome
[track_one()] depth processing done
[predict()] ob_in_cams:(1, 4, 4)
[predict()] self.cfg.use_normal:False
[predict()] trans_normalizer:[0.019999999552965164, 0.019999999552965164, 0.05000000074505806], rot_normalizer:0.3490658503988659
[predict()] making cropped data
[make_crop_data_batch()] Welcome make_crop_data_batch
[make_crop_data_batch()] make tf_to_crops done
[make_crop_data_batch()] render done
[make_crop_data_batch()] warp done
[make_crop_data_batch()] pose batch data done
[predict()] forward start
[predict()] forward done
[predict()] making cropped data
[make_crop_data_batch()] Welcome make_crop_data_batch
[make_crop_data_batch()] make tf_to_crops done
[make_crop_data_batch()] render done
[make_crop_data_batch()] warp done
[make_crop_data_batch()] pose batch data done
[predict()] forward start
[predict()] forward done
[track_one()] pose done
[516/1005] 000515.png
[track_one()] Welcome
[track_one()] depth processing done
[predict()] ob_in_cams:(1, 4, 4)
[predict()] self.cfg.use_normal:False
[predict()] trans_normalizer:[0.019999999552965164, 0.019999999552965164, 0.05000000074505806], rot_normalizer:0.3490658503988659
[predict()] making cropped data
[make_crop_data_batch()] Welcome make_crop_data_batch
[make_crop_data_batch()] make tf_to_crops done
[make_crop_data_batch()] render done
[make_crop_data_batch()] warp done
[make_crop_data_batch()] pose batch data done
[predict()] forward start
[predict()] forward done
[predict()] making cropped data
[make_crop_data_batch()] Welcome make_crop_data_batch
[make_crop_data_batch()] make tf_to_crops done
[make_crop_data_batch()] render done
[make_crop_data_batch()] warp done
[make_crop_data_batch()] pose batch data done
[predict()] forward start
[predict()] forward done
[track_one()] pose done
[517/1005] 000516.png
[track_one()] Welcome
[track_one()] depth processing done
[predict()] ob_in_cams:(1, 4, 4)
[predict()] self.cfg.use_normal:False
[predict()] trans_normalizer:[0.019999999552965164, 0.019999999552965164, 0.05000000074505806], rot_normalizer:0.3490658503988659
[predict()] making cropped data
[make_crop_data_batch()] Welcome make_crop_data_batch
[make_crop_data_batch()] make tf_to_crops done
[make_crop_data_batch()] render done
[make_crop_data_batch()] warp done
[make_crop_data_batch()] pose batch data done
[predict()] forward start
[predict()] forward done
[predict()] making cropped data
[make_crop_data_batch()] Welcome make_crop_data_batch
[make_crop_data_batch()] make tf_to_crops done
[make_crop_data_batch()] render done
[make_crop_data_batch()] warp done
[make_crop_data_batch()] pose batch data done
[predict()] forward start
[predict()] forward done
[track_one()] pose done
[518/1005] 000517.png
[track_one()] Welcome
[track_one()] depth processing done
[predict()] ob_in_cams:(1, 4, 4)
[predict()] self.cfg.use_normal:False
[predict()] trans_normalizer:[0.019999999552965164, 0.019999999552965164, 0.05000000074505806], rot_normalizer:0.3490658503988659
[predict()] making cropped data
[make_crop_data_batch()] Welcome make_crop_data_batch
[make_crop_data_batch()] make tf_to_crops done
[make_crop_data_batch()] render done
[make_crop_data_batch()] warp done
[make_crop_data_batch()] pose batch data done
[predict()] forward start
[predict()] forward done
[predict()] making cropped data
[make_crop_data_batch()] Welcome make_crop_data_batch
[make_crop_data_batch()] make tf_to_crops done
[make_crop_data_batch()] render done
[make_crop_data_batch()] warp done
[make_crop_data_batch()] pose batch data done
[predict()] forward start
[predict()] forward done
[track_one()] pose done
[519/1005] 000518.png
[track_one()] Welcome
[track_one()] depth processing done
[predict()] ob_in_cams:(1, 4, 4)
[predict()] self.cfg.use_normal:False
[predict()] trans_normalizer:[0.019999999552965164, 0.019999999552965164, 0.05000000074505806], rot_normalizer:0.3490658503988659
[predict()] making cropped data
[make_crop_data_batch()] Welcome make_crop_data_batch
[make_crop_data_batch()] make tf_to_crops done
[make_crop_data_batch()] render done
[make_crop_data_batch()] warp done
[make_crop_data_batch()] pose batch data done
[predict()] forward start
[predict()] forward done
[predict()] making cropped data
[make_crop_data_batch()] Welcome make_crop_data_batch
[make_crop_data_batch()] make tf_to_crops done
[make_crop_data_batch()] render done
[make_crop_data_batch()] warp done
[make_crop_data_batch()] pose batch data done
[predict()] forward start
[predict()] forward done
[track_one()] pose done
[520/1005] 000519.png
[track_one()] Welcome
[track_one()] depth processing done
[predict()] ob_in_cams:(1, 4, 4)
[predict()] self.cfg.use_normal:False
[predict()] trans_normalizer:[0.019999999552965164, 0.019999999552965164, 0.05000000074505806], rot_normalizer:0.3490658503988659
[predict()] making cropped data
[make_crop_data_batch()] Welcome make_crop_data_batch
[make_crop_data_batch()] make tf_to_crops done
[make_crop_data_batch()] render done
[make_crop_data_batch()] warp done
[make_crop_data_batch()] pose batch data done
[predict()] forward start
[predict()] forward done
[predict()] making cropped data
[make_crop_data_batch()] Welcome make_crop_data_batch
[make_crop_data_batch()] make tf_to_crops done
[make_crop_data_batch()] render done
[make_crop_data_batch()] warp done
[make_crop_data_batch()] pose batch data done
[predict()] forward start
[predict()] forward done
[track_one()] pose done
[521/1005] 000520.png
[track_one()] Welcome
[track_one()] depth processing done
[predict()] ob_in_cams:(1, 4, 4)
[predict()] self.cfg.use_normal:False
[predict()] trans_normalizer:[0.019999999552965164, 0.019999999552965164, 0.05000000074505806], rot_normalizer:0.3490658503988659
[predict()] making cropped data
[make_crop_data_batch()] Welcome make_crop_data_batch
[make_crop_data_batch()] make tf_to_crops done
[make_crop_data_batch()] render done
[make_crop_data_batch()] warp done
[make_crop_data_batch()] pose batch data done
[predict()] forward start
[predict()] forward done
[predict()] making cropped data
[make_crop_data_batch()] Welcome make_crop_data_batch
[make_crop_data_batch()] make tf_to_crops done
[make_crop_data_batch()] render done
[make_crop_data_batch()] warp done
[make_crop_data_batch()] pose batch data done
[predict()] forward start
[predict()] forward done
[track_one()] pose done
[522/1005] 000521.png
[track_one()] Welcome
[track_one()] depth processing done
[predict()] ob_in_cams:(1, 4, 4)
[predict()] self.cfg.use_normal:False
[predict()] trans_normalizer:[0.019999999552965164, 0.019999999552965164, 0.05000000074505806], rot_normalizer:0.3490658503988659
[predict()] making cropped data
[make_crop_data_batch()] Welcome make_crop_data_batch
[make_crop_data_batch()] make tf_to_crops done
[make_crop_data_batch()] render done
[make_crop_data_batch()] warp done
[make_crop_data_batch()] pose batch data done
[predict()] forward start
[predict()] forward done
[predict()] making cropped data
[make_crop_data_batch()] Welcome make_crop_data_batch
[make_crop_data_batch()] make tf_to_crops done
[make_crop_data_batch()] render done
[make_crop_data_batch()] warp done
[make_crop_data_batch()] pose batch data done
[predict()] forward start
[predict()] forward done
[track_one()] pose done
[523/1005] 000522.png
[track_one()] Welcome
[track_one()] depth processing done
[predict()] ob_in_cams:(1, 4, 4)
[predict()] self.cfg.use_normal:False
[predict()] trans_normalizer:[0.019999999552965164, 0.019999999552965164, 0.05000000074505806], rot_normalizer:0.3490658503988659
[predict()] making cropped data
[make_crop_data_batch()] Welcome make_crop_data_batch
[make_crop_data_batch()] make tf_to_crops done
[make_crop_data_batch()] render done
[make_crop_data_batch()] warp done
[make_crop_data_batch()] pose batch data done
[predict()] forward start
[predict()] forward done
[predict()] making cropped data
[make_crop_data_batch()] Welcome make_crop_data_batch
[make_crop_data_batch()] make tf_to_crops done
[make_crop_data_batch()] render done
[make_crop_data_batch()] warp done
[make_crop_data_batch()] pose batch data done
[predict()] forward start
[predict()] forward done
[track_one()] pose done
[524/1005] 000523.png
[track_one()] Welcome
[track_one()] depth processing done
[predict()] ob_in_cams:(1, 4, 4)
[predict()] self.cfg.use_normal:False
[predict()] trans_normalizer:[0.019999999552965164, 0.019999999552965164, 0.05000000074505806], rot_normalizer:0.3490658503988659
[predict()] making cropped data
[make_crop_data_batch()] Welcome make_crop_data_batch
[make_crop_data_batch()] make tf_to_crops done
[make_crop_data_batch()] render done
[make_crop_data_batch()] warp done
[make_crop_data_batch()] pose batch data done
[predict()] forward start
[predict()] forward done
[predict()] making cropped data
[make_crop_data_batch()] Welcome make_crop_data_batch
[make_crop_data_batch()] make tf_to_crops done
[make_crop_data_batch()] render done
[make_crop_data_batch()] warp done
[make_crop_data_batch()] pose batch data done
[predict()] forward start
[predict()] forward done
[track_one()] pose done
[525/1005] 000524.png
[track_one()] Welcome
[track_one()] depth processing done
[predict()] ob_in_cams:(1, 4, 4)
[predict()] self.cfg.use_normal:False
[predict()] trans_normalizer:[0.019999999552965164, 0.019999999552965164, 0.05000000074505806], rot_normalizer:0.3490658503988659
[predict()] making cropped data
[make_crop_data_batch()] Welcome make_crop_data_batch
[make_crop_data_batch()] make tf_to_crops done
[make_crop_data_batch()] render done
[make_crop_data_batch()] warp done
[make_crop_data_batch()] pose batch data done
[predict()] forward start
[predict()] forward done
[predict()] making cropped data
[make_crop_data_batch()] Welcome make_crop_data_batch
[make_crop_data_batch()] make tf_to_crops done
[make_crop_data_batch()] render done
[make_crop_data_batch()] warp done
[make_crop_data_batch()] pose batch data done
[predict()] forward start
[predict()] forward done
[track_one()] pose done
[526/1005] 000525.png
[track_one()] Welcome
[track_one()] depth processing done
[predict()] ob_in_cams:(1, 4, 4)
[predict()] self.cfg.use_normal:False
[predict()] trans_normalizer:[0.019999999552965164, 0.019999999552965164, 0.05000000074505806], rot_normalizer:0.3490658503988659
[predict()] making cropped data
[make_crop_data_batch()] Welcome make_crop_data_batch
[make_crop_data_batch()] make tf_to_crops done
[make_crop_data_batch()] render done
[make_crop_data_batch()] warp done
[make_crop_data_batch()] pose batch data done
[predict()] forward start
[predict()] forward done
[predict()] making cropped data
[make_crop_data_batch()] Welcome make_crop_data_batch
[make_crop_data_batch()] make tf_to_crops done
[make_crop_data_batch()] render done
[make_crop_data_batch()] warp done
[make_crop_data_batch()] pose batch data done
[predict()] forward start
[predict()] forward done
[track_one()] pose done
[527/1005] 000526.png
[track_one()] Welcome
[track_one()] depth processing done
[predict()] ob_in_cams:(1, 4, 4)
[predict()] self.cfg.use_normal:False
[predict()] trans_normalizer:[0.019999999552965164, 0.019999999552965164, 0.05000000074505806], rot_normalizer:0.3490658503988659
[predict()] making cropped data
[make_crop_data_batch()] Welcome make_crop_data_batch
[make_crop_data_batch()] make tf_to_crops done
[make_crop_data_batch()] render done
[make_crop_data_batch()] warp done
[make_crop_data_batch()] pose batch data done
[predict()] forward start
[predict()] forward done
[predict()] making cropped data
[make_crop_data_batch()] Welcome make_crop_data_batch
[make_crop_data_batch()] make tf_to_crops done
[make_crop_data_batch()] render done
[make_crop_data_batch()] warp done
[make_crop_data_batch()] pose batch data done
[predict()] forward start
[predict()] forward done
[track_one()] pose done
[528/1005] 000527.png
[track_one()] Welcome
[track_one()] depth processing done
[predict()] ob_in_cams:(1, 4, 4)
[predict()] self.cfg.use_normal:False
[predict()] trans_normalizer:[0.019999999552965164, 0.019999999552965164, 0.05000000074505806], rot_normalizer:0.3490658503988659
[predict()] making cropped data
[make_crop_data_batch()] Welcome make_crop_data_batch
[make_crop_data_batch()] make tf_to_crops done
[make_crop_data_batch()] render done
[make_crop_data_batch()] warp done
[make_crop_data_batch()] pose batch data done
[predict()] forward start
[predict()] forward done
[predict()] making cropped data
[make_crop_data_batch()] Welcome make_crop_data_batch
[make_crop_data_batch()] make tf_to_crops done
[make_crop_data_batch()] render done
[make_crop_data_batch()] warp done
[make_crop_data_batch()] pose batch data done
[predict()] forward start
[predict()] forward done
[track_one()] pose done
[529/1005] 000528.png
[track_one()] Welcome
[track_one()] depth processing done
[predict()] ob_in_cams:(1, 4, 4)
[predict()] self.cfg.use_normal:False
[predict()] trans_normalizer:[0.019999999552965164, 0.019999999552965164, 0.05000000074505806], rot_normalizer:0.3490658503988659
[predict()] making cropped data
[make_crop_data_batch()] Welcome make_crop_data_batch
[make_crop_data_batch()] make tf_to_crops done
[make_crop_data_batch()] render done
[make_crop_data_batch()] warp done
[make_crop_data_batch()] pose batch data done
[predict()] forward start
[predict()] forward done
[predict()] making cropped data
[make_crop_data_batch()] Welcome make_crop_data_batch
[make_crop_data_batch()] make tf_to_crops done
[make_crop_data_batch()] render done
[make_crop_data_batch()] warp done
[make_crop_data_batch()] pose batch data done
[predict()] forward start
[predict()] forward done
[track_one()] pose done
[530/1005] 000529.png
[track_one()] Welcome
[track_one()] depth processing done
[predict()] ob_in_cams:(1, 4, 4)
[predict()] self.cfg.use_normal:False
[predict()] trans_normalizer:[0.019999999552965164, 0.019999999552965164, 0.05000000074505806], rot_normalizer:0.3490658503988659
[predict()] making cropped data
[make_crop_data_batch()] Welcome make_crop_data_batch
[make_crop_data_batch()] make tf_to_crops done
[make_crop_data_batch()] render done
[make_crop_data_batch()] warp done
[make_crop_data_batch()] pose batch data done
[predict()] forward start
[predict()] forward done
[predict()] making cropped data
[make_crop_data_batch()] Welcome make_crop_data_batch
[make_crop_data_batch()] make tf_to_crops done
[make_crop_data_batch()] render done
[make_crop_data_batch()] warp done
[make_crop_data_batch()] pose batch data done
[predict()] forward start
[predict()] forward done
[track_one()] pose done
[531/1005] 000530.png
[track_one()] Welcome
[track_one()] depth processing done
[predict()] ob_in_cams:(1, 4, 4)
[predict()] self.cfg.use_normal:False
[predict()] trans_normalizer:[0.019999999552965164, 0.019999999552965164, 0.05000000074505806], rot_normalizer:0.3490658503988659
[predict()] making cropped data
[make_crop_data_batch()] Welcome make_crop_data_batch
[make_crop_data_batch()] make tf_to_crops done
[make_crop_data_batch()] render done
[make_crop_data_batch()] warp done
[make_crop_data_batch()] pose batch data done
[predict()] forward start
[predict()] forward done
[predict()] making cropped data
[make_crop_data_batch()] Welcome make_crop_data_batch
[make_crop_data_batch()] make tf_to_crops done
[make_crop_data_batch()] render done
[make_crop_data_batch()] warp done
[make_crop_data_batch()] pose batch data done
[predict()] forward start
[predict()] forward done
[track_one()] pose done
[532/1005] 000531.png
[track_one()] Welcome
[track_one()] depth processing done
[predict()] ob_in_cams:(1, 4, 4)
[predict()] self.cfg.use_normal:False
[predict()] trans_normalizer:[0.019999999552965164, 0.019999999552965164, 0.05000000074505806], rot_normalizer:0.3490658503988659
[predict()] making cropped data
[make_crop_data_batch()] Welcome make_crop_data_batch
[make_crop_data_batch()] make tf_to_crops done
[make_crop_data_batch()] render done
[make_crop_data_batch()] warp done
[make_crop_data_batch()] pose batch data done
[predict()] forward start
[predict()] forward done
[predict()] making cropped data
[make_crop_data_batch()] Welcome make_crop_data_batch
[make_crop_data_batch()] make tf_to_crops done
[make_crop_data_batch()] render done
[make_crop_data_batch()] warp done
[make_crop_data_batch()] pose batch data done
[predict()] forward start
[predict()] forward done
[track_one()] pose done
[533/1005] 000532.png
[track_one()] Welcome
[track_one()] depth processing done
[predict()] ob_in_cams:(1, 4, 4)
[predict()] self.cfg.use_normal:False
[predict()] trans_normalizer:[0.019999999552965164, 0.019999999552965164, 0.05000000074505806], rot_normalizer:0.3490658503988659
[predict()] making cropped data
[make_crop_data_batch()] Welcome make_crop_data_batch
[make_crop_data_batch()] make tf_to_crops done
[make_crop_data_batch()] render done
[make_crop_data_batch()] warp done
[make_crop_data_batch()] pose batch data done
[predict()] forward start
[predict()] forward done
[predict()] making cropped data
[make_crop_data_batch()] Welcome make_crop_data_batch
[make_crop_data_batch()] make tf_to_crops done
[make_crop_data_batch()] render done
[make_crop_data_batch()] warp done
[make_crop_data_batch()] pose batch data done
[predict()] forward start
[predict()] forward done
[track_one()] pose done
[534/1005] 000533.png
[track_one()] Welcome
[track_one()] depth processing done
[predict()] ob_in_cams:(1, 4, 4)
[predict()] self.cfg.use_normal:False
[predict()] trans_normalizer:[0.019999999552965164, 0.019999999552965164, 0.05000000074505806], rot_normalizer:0.3490658503988659
[predict()] making cropped data
[make_crop_data_batch()] Welcome make_crop_data_batch
[make_crop_data_batch()] make tf_to_crops done
[make_crop_data_batch()] render done
[make_crop_data_batch()] warp done
[make_crop_data_batch()] pose batch data done
[predict()] forward start
[predict()] forward done
[predict()] making cropped data
[make_crop_data_batch()] Welcome make_crop_data_batch
[make_crop_data_batch()] make tf_to_crops done
[make_crop_data_batch()] render done
[make_crop_data_batch()] warp done
[make_crop_data_batch()] pose batch data done
[predict()] forward start
[predict()] forward done
[track_one()] pose done
[535/1005] 000534.png
[track_one()] Welcome
[track_one()] depth processing done
[predict()] ob_in_cams:(1, 4, 4)
[predict()] self.cfg.use_normal:False
[predict()] trans_normalizer:[0.019999999552965164, 0.019999999552965164, 0.05000000074505806], rot_normalizer:0.3490658503988659
[predict()] making cropped data
[make_crop_data_batch()] Welcome make_crop_data_batch
[make_crop_data_batch()] make tf_to_crops done
[make_crop_data_batch()] render done
[make_crop_data_batch()] warp done
[make_crop_data_batch()] pose batch data done
[predict()] forward start
[predict()] forward done
[predict()] making cropped data
[make_crop_data_batch()] Welcome make_crop_data_batch
[make_crop_data_batch()] make tf_to_crops done
[make_crop_data_batch()] render done
[make_crop_data_batch()] warp done
[make_crop_data_batch()] pose batch data done
[predict()] forward start
[predict()] forward done
[track_one()] pose done
[536/1005] 000535.png
[track_one()] Welcome
[track_one()] depth processing done
[predict()] ob_in_cams:(1, 4, 4)
[predict()] self.cfg.use_normal:False
[predict()] trans_normalizer:[0.019999999552965164, 0.019999999552965164, 0.05000000074505806], rot_normalizer:0.3490658503988659
[predict()] making cropped data
[make_crop_data_batch()] Welcome make_crop_data_batch
[make_crop_data_batch()] make tf_to_crops done
[make_crop_data_batch()] render done
[make_crop_data_batch()] warp done
[make_crop_data_batch()] pose batch data done
[predict()] forward start
[predict()] forward done
[predict()] making cropped data
[make_crop_data_batch()] Welcome make_crop_data_batch
[make_crop_data_batch()] make tf_to_crops done
[make_crop_data_batch()] render done
[make_crop_data_batch()] warp done
[make_crop_data_batch()] pose batch data done
[predict()] forward start
[predict()] forward done
[track_one()] pose done
[537/1005] 000536.png
[track_one()] Welcome
[track_one()] depth processing done
[predict()] ob_in_cams:(1, 4, 4)
[predict()] self.cfg.use_normal:False
[predict()] trans_normalizer:[0.019999999552965164, 0.019999999552965164, 0.05000000074505806], rot_normalizer:0.3490658503988659
[predict()] making cropped data
[make_crop_data_batch()] Welcome make_crop_data_batch
[make_crop_data_batch()] make tf_to_crops done
[make_crop_data_batch()] render done
[make_crop_data_batch()] warp done
[make_crop_data_batch()] pose batch data done
[predict()] forward start
[predict()] forward done
[predict()] making cropped data
[make_crop_data_batch()] Welcome make_crop_data_batch
[make_crop_data_batch()] make tf_to_crops done
[make_crop_data_batch()] render done
[make_crop_data_batch()] warp done
[make_crop_data_batch()] pose batch data done
[predict()] forward start
[predict()] forward done
[track_one()] pose done
[538/1005] 000537.png
[track_one()] Welcome
[track_one()] depth processing done
[predict()] ob_in_cams:(1, 4, 4)
[predict()] self.cfg.use_normal:False
[predict()] trans_normalizer:[0.019999999552965164, 0.019999999552965164, 0.05000000074505806], rot_normalizer:0.3490658503988659
[predict()] making cropped data
[make_crop_data_batch()] Welcome make_crop_data_batch
[make_crop_data_batch()] make tf_to_crops done
[make_crop_data_batch()] render done
[make_crop_data_batch()] warp done
[make_crop_data_batch()] pose batch data done
[predict()] forward start
[predict()] forward done
[predict()] making cropped data
[make_crop_data_batch()] Welcome make_crop_data_batch
[make_crop_data_batch()] make tf_to_crops done
[make_crop_data_batch()] render done
[make_crop_data_batch()] warp done
[make_crop_data_batch()] pose batch data done
[predict()] forward start
[predict()] forward done
[track_one()] pose done
[539/1005] 000538.png
[track_one()] Welcome
[track_one()] depth processing done
[predict()] ob_in_cams:(1, 4, 4)
[predict()] self.cfg.use_normal:False
[predict()] trans_normalizer:[0.019999999552965164, 0.019999999552965164, 0.05000000074505806], rot_normalizer:0.3490658503988659
[predict()] making cropped data
[make_crop_data_batch()] Welcome make_crop_data_batch
[make_crop_data_batch()] make tf_to_crops done
[make_crop_data_batch()] render done
[make_crop_data_batch()] warp done
[make_crop_data_batch()] pose batch data done
[predict()] forward start
[predict()] forward done
[predict()] making cropped data
[make_crop_data_batch()] Welcome make_crop_data_batch
[make_crop_data_batch()] make tf_to_crops done
[make_crop_data_batch()] render done
[make_crop_data_batch()] warp done
[make_crop_data_batch()] pose batch data done
[predict()] forward start
[predict()] forward done
[track_one()] pose done
[540/1005] 000539.png
[track_one()] Welcome
[track_one()] depth processing done
[predict()] ob_in_cams:(1, 4, 4)
[predict()] self.cfg.use_normal:False
[predict()] trans_normalizer:[0.019999999552965164, 0.019999999552965164, 0.05000000074505806], rot_normalizer:0.3490658503988659
[predict()] making cropped data
[make_crop_data_batch()] Welcome make_crop_data_batch
[make_crop_data_batch()] make tf_to_crops done
[make_crop_data_batch()] render done
[make_crop_data_batch()] warp done
[make_crop_data_batch()] pose batch data done
[predict()] forward start
[predict()] forward done
[predict()] making cropped data
[make_crop_data_batch()] Welcome make_crop_data_batch
[make_crop_data_batch()] make tf_to_crops done
[make_crop_data_batch()] render done
[make_crop_data_batch()] warp done
[make_crop_data_batch()] pose batch data done
[predict()] forward start
[predict()] forward done
[track_one()] pose done
[541/1005] 000540.png
[track_one()] Welcome
[track_one()] depth processing done
[predict()] ob_in_cams:(1, 4, 4)
[predict()] self.cfg.use_normal:False
[predict()] trans_normalizer:[0.019999999552965164, 0.019999999552965164, 0.05000000074505806], rot_normalizer:0.3490658503988659
[predict()] making cropped data
[make_crop_data_batch()] Welcome make_crop_data_batch
[make_crop_data_batch()] make tf_to_crops done
[make_crop_data_batch()] render done
[make_crop_data_batch()] warp done
[make_crop_data_batch()] pose batch data done
[predict()] forward start
[predict()] forward done
[predict()] making cropped data
[make_crop_data_batch()] Welcome make_crop_data_batch
[make_crop_data_batch()] make tf_to_crops done
[make_crop_data_batch()] render done
[make_crop_data_batch()] warp done
[make_crop_data_batch()] pose batch data done
[predict()] forward start
[predict()] forward done
[track_one()] pose done
[542/1005] 000541.png
[track_one()] Welcome
[track_one()] depth processing done
[predict()] ob_in_cams:(1, 4, 4)
[predict()] self.cfg.use_normal:False
[predict()] trans_normalizer:[0.019999999552965164, 0.019999999552965164, 0.05000000074505806], rot_normalizer:0.3490658503988659
[predict()] making cropped data
[make_crop_data_batch()] Welcome make_crop_data_batch
[make_crop_data_batch()] make tf_to_crops done
[make_crop_data_batch()] render done
[make_crop_data_batch()] warp done
[make_crop_data_batch()] pose batch data done
[predict()] forward start
[predict()] forward done
[predict()] making cropped data
[make_crop_data_batch()] Welcome make_crop_data_batch
[make_crop_data_batch()] make tf_to_crops done
[make_crop_data_batch()] render done
[make_crop_data_batch()] warp done
[make_crop_data_batch()] pose batch data done
[predict()] forward start
[predict()] forward done
[track_one()] pose done
[543/1005] 000542.png
[track_one()] Welcome
[track_one()] depth processing done
[predict()] ob_in_cams:(1, 4, 4)
[predict()] self.cfg.use_normal:False
[predict()] trans_normalizer:[0.019999999552965164, 0.019999999552965164, 0.05000000074505806], rot_normalizer:0.3490658503988659
[predict()] making cropped data
[make_crop_data_batch()] Welcome make_crop_data_batch
[make_crop_data_batch()] make tf_to_crops done
[make_crop_data_batch()] render done
[make_crop_data_batch()] warp done
[make_crop_data_batch()] pose batch data done
[predict()] forward start
[predict()] forward done
[predict()] making cropped data
[make_crop_data_batch()] Welcome make_crop_data_batch
[make_crop_data_batch()] make tf_to_crops done
[make_crop_data_batch()] render done
[make_crop_data_batch()] warp done
[make_crop_data_batch()] pose batch data done
[predict()] forward start
[predict()] forward done
[track_one()] pose done
[544/1005] 000543.png
[track_one()] Welcome
[track_one()] depth processing done
[predict()] ob_in_cams:(1, 4, 4)
[predict()] self.cfg.use_normal:False
[predict()] trans_normalizer:[0.019999999552965164, 0.019999999552965164, 0.05000000074505806], rot_normalizer:0.3490658503988659
[predict()] making cropped data
[make_crop_data_batch()] Welcome make_crop_data_batch
[make_crop_data_batch()] make tf_to_crops done
[make_crop_data_batch()] render done
[make_crop_data_batch()] warp done
[make_crop_data_batch()] pose batch data done
[predict()] forward start
[predict()] forward done
[predict()] making cropped data
[make_crop_data_batch()] Welcome make_crop_data_batch
[make_crop_data_batch()] make tf_to_crops done
[make_crop_data_batch()] render done
[make_crop_data_batch()] warp done
[make_crop_data_batch()] pose batch data done
[predict()] forward start
[predict()] forward done
[track_one()] pose done
[545/1005] 000544.png
[track_one()] Welcome
[track_one()] depth processing done
[predict()] ob_in_cams:(1, 4, 4)
[predict()] self.cfg.use_normal:False
[predict()] trans_normalizer:[0.019999999552965164, 0.019999999552965164, 0.05000000074505806], rot_normalizer:0.3490658503988659
[predict()] making cropped data
[make_crop_data_batch()] Welcome make_crop_data_batch
[make_crop_data_batch()] make tf_to_crops done
[make_crop_data_batch()] render done
[make_crop_data_batch()] warp done
[make_crop_data_batch()] pose batch data done
[predict()] forward start
[predict()] forward done
[predict()] making cropped data
[make_crop_data_batch()] Welcome make_crop_data_batch
[make_crop_data_batch()] make tf_to_crops done
[make_crop_data_batch()] render done
[make_crop_data_batch()] warp done
[make_crop_data_batch()] pose batch data done
[predict()] forward start
[predict()] forward done
[track_one()] pose done
[546/1005] 000545.png
[track_one()] Welcome
[track_one()] depth processing done
[predict()] ob_in_cams:(1, 4, 4)
[predict()] self.cfg.use_normal:False
[predict()] trans_normalizer:[0.019999999552965164, 0.019999999552965164, 0.05000000074505806], rot_normalizer:0.3490658503988659
[predict()] making cropped data
[make_crop_data_batch()] Welcome make_crop_data_batch
[make_crop_data_batch()] make tf_to_crops done
[make_crop_data_batch()] render done
[make_crop_data_batch()] warp done
[make_crop_data_batch()] pose batch data done
[predict()] forward start
[predict()] forward done
[predict()] making cropped data
[make_crop_data_batch()] Welcome make_crop_data_batch
[make_crop_data_batch()] make tf_to_crops done
[make_crop_data_batch()] render done
[make_crop_data_batch()] warp done
[make_crop_data_batch()] pose batch data done
[predict()] forward start
[predict()] forward done
[track_one()] pose done
[547/1005] 000546.png
[track_one()] Welcome
[track_one()] depth processing done
[predict()] ob_in_cams:(1, 4, 4)
[predict()] self.cfg.use_normal:False
[predict()] trans_normalizer:[0.019999999552965164, 0.019999999552965164, 0.05000000074505806], rot_normalizer:0.3490658503988659
[predict()] making cropped data
[make_crop_data_batch()] Welcome make_crop_data_batch
[make_crop_data_batch()] make tf_to_crops done
[make_crop_data_batch()] render done
[make_crop_data_batch()] warp done
[make_crop_data_batch()] pose batch data done
[predict()] forward start
[predict()] forward done
[predict()] making cropped data
[make_crop_data_batch()] Welcome make_crop_data_batch
[make_crop_data_batch()] make tf_to_crops done
[make_crop_data_batch()] render done
[make_crop_data_batch()] warp done
[make_crop_data_batch()] pose batch data done
[predict()] forward start
[predict()] forward done
[track_one()] pose done
[548/1005] 000547.png
[track_one()] Welcome
[track_one()] depth processing done
[predict()] ob_in_cams:(1, 4, 4)
[predict()] self.cfg.use_normal:False
[predict()] trans_normalizer:[0.019999999552965164, 0.019999999552965164, 0.05000000074505806], rot_normalizer:0.3490658503988659
[predict()] making cropped data
[make_crop_data_batch()] Welcome make_crop_data_batch
[make_crop_data_batch()] make tf_to_crops done
[make_crop_data_batch()] render done
[make_crop_data_batch()] warp done
[make_crop_data_batch()] pose batch data done
[predict()] forward start
[predict()] forward done
[predict()] making cropped data
[make_crop_data_batch()] Welcome make_crop_data_batch
[make_crop_data_batch()] make tf_to_crops done
[make_crop_data_batch()] render done
[make_crop_data_batch()] warp done
[make_crop_data_batch()] pose batch data done
[predict()] forward start
[predict()] forward done
[track_one()] pose done
[549/1005] 000548.png
[track_one()] Welcome
[track_one()] depth processing done
[predict()] ob_in_cams:(1, 4, 4)
[predict()] self.cfg.use_normal:False
[predict()] trans_normalizer:[0.019999999552965164, 0.019999999552965164, 0.05000000074505806], rot_normalizer:0.3490658503988659
[predict()] making cropped data
[make_crop_data_batch()] Welcome make_crop_data_batch
[make_crop_data_batch()] make tf_to_crops done
[make_crop_data_batch()] render done
[make_crop_data_batch()] warp done
[make_crop_data_batch()] pose batch data done
[predict()] forward start
[predict()] forward done
[predict()] making cropped data
[make_crop_data_batch()] Welcome make_crop_data_batch
[make_crop_data_batch()] make tf_to_crops done
[make_crop_data_batch()] render done
[make_crop_data_batch()] warp done
[make_crop_data_batch()] pose batch data done
[predict()] forward start
[predict()] forward done
[track_one()] pose done
[550/1005] 000549.png
[track_one()] Welcome
[track_one()] depth processing done
[predict()] ob_in_cams:(1, 4, 4)
[predict()] self.cfg.use_normal:False
[predict()] trans_normalizer:[0.019999999552965164, 0.019999999552965164, 0.05000000074505806], rot_normalizer:0.3490658503988659
[predict()] making cropped data
[make_crop_data_batch()] Welcome make_crop_data_batch
[make_crop_data_batch()] make tf_to_crops done
[make_crop_data_batch()] render done
[make_crop_data_batch()] warp done
[make_crop_data_batch()] pose batch data done
[predict()] forward start
[predict()] forward done
[predict()] making cropped data
[make_crop_data_batch()] Welcome make_crop_data_batch
[make_crop_data_batch()] make tf_to_crops done
[make_crop_data_batch()] render done
[make_crop_data_batch()] warp done
[make_crop_data_batch()] pose batch data done
[predict()] forward start
[predict()] forward done
[track_one()] pose done
[551/1005] 000550.png
[track_one()] Welcome
[track_one()] depth processing done
[predict()] ob_in_cams:(1, 4, 4)
[predict()] self.cfg.use_normal:False
[predict()] trans_normalizer:[0.019999999552965164, 0.019999999552965164, 0.05000000074505806], rot_normalizer:0.3490658503988659
[predict()] making cropped data
[make_crop_data_batch()] Welcome make_crop_data_batch
[make_crop_data_batch()] make tf_to_crops done
[make_crop_data_batch()] render done
[make_crop_data_batch()] warp done
[make_crop_data_batch()] pose batch data done
[predict()] forward start
[predict()] forward done
[predict()] making cropped data
[make_crop_data_batch()] Welcome make_crop_data_batch
[make_crop_data_batch()] make tf_to_crops done
[make_crop_data_batch()] render done
[make_crop_data_batch()] warp done
[make_crop_data_batch()] pose batch data done
[predict()] forward start
[predict()] forward done
[track_one()] pose done
[552/1005] 000551.png
[track_one()] Welcome
[track_one()] depth processing done
[predict()] ob_in_cams:(1, 4, 4)
[predict()] self.cfg.use_normal:False
[predict()] trans_normalizer:[0.019999999552965164, 0.019999999552965164, 0.05000000074505806], rot_normalizer:0.3490658503988659
[predict()] making cropped data
[make_crop_data_batch()] Welcome make_crop_data_batch
[make_crop_data_batch()] make tf_to_crops done
[make_crop_data_batch()] render done
[make_crop_data_batch()] warp done
[make_crop_data_batch()] pose batch data done
[predict()] forward start
[predict()] forward done
[predict()] making cropped data
[make_crop_data_batch()] Welcome make_crop_data_batch
[make_crop_data_batch()] make tf_to_crops done
[make_crop_data_batch()] render done
[make_crop_data_batch()] warp done
[make_crop_data_batch()] pose batch data done
[predict()] forward start
[predict()] forward done
[track_one()] pose done
[553/1005] 000552.png
[track_one()] Welcome
[track_one()] depth processing done
[predict()] ob_in_cams:(1, 4, 4)
[predict()] self.cfg.use_normal:False
[predict()] trans_normalizer:[0.019999999552965164, 0.019999999552965164, 0.05000000074505806], rot_normalizer:0.3490658503988659
[predict()] making cropped data
[make_crop_data_batch()] Welcome make_crop_data_batch
[make_crop_data_batch()] make tf_to_crops done
[make_crop_data_batch()] render done
[make_crop_data_batch()] warp done
[make_crop_data_batch()] pose batch data done
[predict()] forward start
[predict()] forward done
[predict()] making cropped data
[make_crop_data_batch()] Welcome make_crop_data_batch
[make_crop_data_batch()] make tf_to_crops done
[make_crop_data_batch()] render done
[make_crop_data_batch()] warp done
[make_crop_data_batch()] pose batch data done
[predict()] forward start
[predict()] forward done
[track_one()] pose done
[554/1005] 000553.png
[track_one()] Welcome
[track_one()] depth processing done
[predict()] ob_in_cams:(1, 4, 4)
[predict()] self.cfg.use_normal:False
[predict()] trans_normalizer:[0.019999999552965164, 0.019999999552965164, 0.05000000074505806], rot_normalizer:0.3490658503988659
[predict()] making cropped data
[make_crop_data_batch()] Welcome make_crop_data_batch
[make_crop_data_batch()] make tf_to_crops done
[make_crop_data_batch()] render done
[make_crop_data_batch()] warp done
[make_crop_data_batch()] pose batch data done
[predict()] forward start
[predict()] forward done
[predict()] making cropped data
[make_crop_data_batch()] Welcome make_crop_data_batch
[make_crop_data_batch()] make tf_to_crops done
[make_crop_data_batch()] render done
[make_crop_data_batch()] warp done
[make_crop_data_batch()] pose batch data done
[predict()] forward start
[predict()] forward done
[track_one()] pose done
[555/1005] 000554.png
[track_one()] Welcome
[track_one()] depth processing done
[predict()] ob_in_cams:(1, 4, 4)
[predict()] self.cfg.use_normal:False
[predict()] trans_normalizer:[0.019999999552965164, 0.019999999552965164, 0.05000000074505806], rot_normalizer:0.3490658503988659
[predict()] making cropped data
[make_crop_data_batch()] Welcome make_crop_data_batch
[make_crop_data_batch()] make tf_to_crops done
[make_crop_data_batch()] render done
[make_crop_data_batch()] warp done
[make_crop_data_batch()] pose batch data done
[predict()] forward start
[predict()] forward done
[predict()] making cropped data
[make_crop_data_batch()] Welcome make_crop_data_batch
[make_crop_data_batch()] make tf_to_crops done
[make_crop_data_batch()] render done
[make_crop_data_batch()] warp done
[make_crop_data_batch()] pose batch data done
[predict()] forward start
[predict()] forward done
[track_one()] pose done
[556/1005] 000555.png
[track_one()] Welcome
[track_one()] depth processing done
[predict()] ob_in_cams:(1, 4, 4)
[predict()] self.cfg.use_normal:False
[predict()] trans_normalizer:[0.019999999552965164, 0.019999999552965164, 0.05000000074505806], rot_normalizer:0.3490658503988659
[predict()] making cropped data
[make_crop_data_batch()] Welcome make_crop_data_batch
[make_crop_data_batch()] make tf_to_crops done
[make_crop_data_batch()] render done
[make_crop_data_batch()] warp done
[make_crop_data_batch()] pose batch data done
[predict()] forward start
[predict()] forward done
[predict()] making cropped data
[make_crop_data_batch()] Welcome make_crop_data_batch
[make_crop_data_batch()] make tf_to_crops done
[make_crop_data_batch()] render done
[make_crop_data_batch()] warp done
[make_crop_data_batch()] pose batch data done
[predict()] forward start
[predict()] forward done
[track_one()] pose done
[557/1005] 000556.png
[track_one()] Welcome
[track_one()] depth processing done
[predict()] ob_in_cams:(1, 4, 4)
[predict()] self.cfg.use_normal:False
[predict()] trans_normalizer:[0.019999999552965164, 0.019999999552965164, 0.05000000074505806], rot_normalizer:0.3490658503988659
[predict()] making cropped data
[make_crop_data_batch()] Welcome make_crop_data_batch
[make_crop_data_batch()] make tf_to_crops done
[make_crop_data_batch()] render done
[make_crop_data_batch()] warp done
[make_crop_data_batch()] pose batch data done
[predict()] forward start
[predict()] forward done
[predict()] making cropped data
[make_crop_data_batch()] Welcome make_crop_data_batch
[make_crop_data_batch()] make tf_to_crops done
[make_crop_data_batch()] render done
[make_crop_data_batch()] warp done
[make_crop_data_batch()] pose batch data done
[predict()] forward start
[predict()] forward done
[track_one()] pose done
[558/1005] 000557.png
[track_one()] Welcome
[track_one()] depth processing done
[predict()] ob_in_cams:(1, 4, 4)
[predict()] self.cfg.use_normal:False
[predict()] trans_normalizer:[0.019999999552965164, 0.019999999552965164, 0.05000000074505806], rot_normalizer:0.3490658503988659
[predict()] making cropped data
[make_crop_data_batch()] Welcome make_crop_data_batch
[make_crop_data_batch()] make tf_to_crops done
[make_crop_data_batch()] render done
[make_crop_data_batch()] warp done
[make_crop_data_batch()] pose batch data done
[predict()] forward start
[predict()] forward done
[predict()] making cropped data
[make_crop_data_batch()] Welcome make_crop_data_batch
[make_crop_data_batch()] make tf_to_crops done
[make_crop_data_batch()] render done
[make_crop_data_batch()] warp done
[make_crop_data_batch()] pose batch data done
[predict()] forward start
[predict()] forward done
[track_one()] pose done
[559/1005] 000558.png
[track_one()] Welcome
[track_one()] depth processing done
[predict()] ob_in_cams:(1, 4, 4)
[predict()] self.cfg.use_normal:False
[predict()] trans_normalizer:[0.019999999552965164, 0.019999999552965164, 0.05000000074505806], rot_normalizer:0.3490658503988659
[predict()] making cropped data
[make_crop_data_batch()] Welcome make_crop_data_batch
[make_crop_data_batch()] make tf_to_crops done
[make_crop_data_batch()] render done
[make_crop_data_batch()] warp done
[make_crop_data_batch()] pose batch data done
[predict()] forward start
[predict()] forward done
[predict()] making cropped data
[make_crop_data_batch()] Welcome make_crop_data_batch
[make_crop_data_batch()] make tf_to_crops done
[make_crop_data_batch()] render done
[make_crop_data_batch()] warp done
[make_crop_data_batch()] pose batch data done
[predict()] forward start
[predict()] forward done
[track_one()] pose done
[560/1005] 000559.png
[track_one()] Welcome
[track_one()] depth processing done
[predict()] ob_in_cams:(1, 4, 4)
[predict()] self.cfg.use_normal:False
[predict()] trans_normalizer:[0.019999999552965164, 0.019999999552965164, 0.05000000074505806], rot_normalizer:0.3490658503988659
[predict()] making cropped data
[make_crop_data_batch()] Welcome make_crop_data_batch
[make_crop_data_batch()] make tf_to_crops done
[make_crop_data_batch()] render done
[make_crop_data_batch()] warp done
[make_crop_data_batch()] pose batch data done
[predict()] forward start
[predict()] forward done
[predict()] making cropped data
[make_crop_data_batch()] Welcome make_crop_data_batch
[make_crop_data_batch()] make tf_to_crops done
[make_crop_data_batch()] render done
[make_crop_data_batch()] warp done
[make_crop_data_batch()] pose batch data done
[predict()] forward start
[predict()] forward done
[track_one()] pose done
[561/1005] 000560.png
[track_one()] Welcome
[track_one()] depth processing done
[predict()] ob_in_cams:(1, 4, 4)
[predict()] self.cfg.use_normal:False
[predict()] trans_normalizer:[0.019999999552965164, 0.019999999552965164, 0.05000000074505806], rot_normalizer:0.3490658503988659
[predict()] making cropped data
[make_crop_data_batch()] Welcome make_crop_data_batch
[make_crop_data_batch()] make tf_to_crops done
[make_crop_data_batch()] render done
[make_crop_data_batch()] warp done
[make_crop_data_batch()] pose batch data done
[predict()] forward start
[predict()] forward done
[predict()] making cropped data
[make_crop_data_batch()] Welcome make_crop_data_batch
[make_crop_data_batch()] make tf_to_crops done
[make_crop_data_batch()] render done
[make_crop_data_batch()] warp done
[make_crop_data_batch()] pose batch data done
[predict()] forward start
[predict()] forward done
[track_one()] pose done
[562/1005] 000561.png
[track_one()] Welcome
[track_one()] depth processing done
[predict()] ob_in_cams:(1, 4, 4)
[predict()] self.cfg.use_normal:False
[predict()] trans_normalizer:[0.019999999552965164, 0.019999999552965164, 0.05000000074505806], rot_normalizer:0.3490658503988659
[predict()] making cropped data
[make_crop_data_batch()] Welcome make_crop_data_batch
[make_crop_data_batch()] make tf_to_crops done
[make_crop_data_batch()] render done
[make_crop_data_batch()] warp done
[make_crop_data_batch()] pose batch data done
[predict()] forward start
[predict()] forward done
[predict()] making cropped data
[make_crop_data_batch()] Welcome make_crop_data_batch
[make_crop_data_batch()] make tf_to_crops done
[make_crop_data_batch()] render done
[make_crop_data_batch()] warp done
[make_crop_data_batch()] pose batch data done
[predict()] forward start
[predict()] forward done
[track_one()] pose done
[563/1005] 000562.png
[track_one()] Welcome
[track_one()] depth processing done
[predict()] ob_in_cams:(1, 4, 4)
[predict()] self.cfg.use_normal:False
[predict()] trans_normalizer:[0.019999999552965164, 0.019999999552965164, 0.05000000074505806], rot_normalizer:0.3490658503988659
[predict()] making cropped data
[make_crop_data_batch()] Welcome make_crop_data_batch
[make_crop_data_batch()] make tf_to_crops done
[make_crop_data_batch()] render done
[make_crop_data_batch()] warp done
[make_crop_data_batch()] pose batch data done
[predict()] forward start
[predict()] forward done
[predict()] making cropped data
[make_crop_data_batch()] Welcome make_crop_data_batch
[make_crop_data_batch()] make tf_to_crops done
[make_crop_data_batch()] render done
[make_crop_data_batch()] warp done
[make_crop_data_batch()] pose batch data done
[predict()] forward start
[predict()] forward done
[track_one()] pose done
[564/1005] 000563.png
[track_one()] Welcome
[track_one()] depth processing done
[predict()] ob_in_cams:(1, 4, 4)
[predict()] self.cfg.use_normal:False
[predict()] trans_normalizer:[0.019999999552965164, 0.019999999552965164, 0.05000000074505806], rot_normalizer:0.3490658503988659
[predict()] making cropped data
[make_crop_data_batch()] Welcome make_crop_data_batch
[make_crop_data_batch()] make tf_to_crops done
[make_crop_data_batch()] render done
[make_crop_data_batch()] warp done
[make_crop_data_batch()] pose batch data done
[predict()] forward start
[predict()] forward done
[predict()] making cropped data
[make_crop_data_batch()] Welcome make_crop_data_batch
[make_crop_data_batch()] make tf_to_crops done
[make_crop_data_batch()] render done
[make_crop_data_batch()] warp done
[make_crop_data_batch()] pose batch data done
[predict()] forward start
[predict()] forward done
[track_one()] pose done
[565/1005] 000564.png
[track_one()] Welcome
[track_one()] depth processing done
[predict()] ob_in_cams:(1, 4, 4)
[predict()] self.cfg.use_normal:False
[predict()] trans_normalizer:[0.019999999552965164, 0.019999999552965164, 0.05000000074505806], rot_normalizer:0.3490658503988659
[predict()] making cropped data
[make_crop_data_batch()] Welcome make_crop_data_batch
[make_crop_data_batch()] make tf_to_crops done
[make_crop_data_batch()] render done
[make_crop_data_batch()] warp done
[make_crop_data_batch()] pose batch data done
[predict()] forward start
[predict()] forward done
[predict()] making cropped data
[make_crop_data_batch()] Welcome make_crop_data_batch
[make_crop_data_batch()] make tf_to_crops done
[make_crop_data_batch()] render done
[make_crop_data_batch()] warp done
[make_crop_data_batch()] pose batch data done
[predict()] forward start
[predict()] forward done
[track_one()] pose done
[566/1005] 000565.png
[track_one()] Welcome
[track_one()] depth processing done
[predict()] ob_in_cams:(1, 4, 4)
[predict()] self.cfg.use_normal:False
[predict()] trans_normalizer:[0.019999999552965164, 0.019999999552965164, 0.05000000074505806], rot_normalizer:0.3490658503988659
[predict()] making cropped data
[make_crop_data_batch()] Welcome make_crop_data_batch
[make_crop_data_batch()] make tf_to_crops done
[make_crop_data_batch()] render done
[make_crop_data_batch()] warp done
[make_crop_data_batch()] pose batch data done
[predict()] forward start
[predict()] forward done
[predict()] making cropped data
[make_crop_data_batch()] Welcome make_crop_data_batch
[make_crop_data_batch()] make tf_to_crops done
[make_crop_data_batch()] render done
[make_crop_data_batch()] warp done
[make_crop_data_batch()] pose batch data done
[predict()] forward start
[predict()] forward done
[track_one()] pose done
[567/1005] 000566.png
[track_one()] Welcome
[track_one()] depth processing done
[predict()] ob_in_cams:(1, 4, 4)
[predict()] self.cfg.use_normal:False
[predict()] trans_normalizer:[0.019999999552965164, 0.019999999552965164, 0.05000000074505806], rot_normalizer:0.3490658503988659
[predict()] making cropped data
[make_crop_data_batch()] Welcome make_crop_data_batch
[make_crop_data_batch()] make tf_to_crops done
[make_crop_data_batch()] render done
[make_crop_data_batch()] warp done
[make_crop_data_batch()] pose batch data done
[predict()] forward start
[predict()] forward done
[predict()] making cropped data
[make_crop_data_batch()] Welcome make_crop_data_batch
[make_crop_data_batch()] make tf_to_crops done
[make_crop_data_batch()] render done
[make_crop_data_batch()] warp done
[make_crop_data_batch()] pose batch data done
[predict()] forward start
[predict()] forward done
[track_one()] pose done
[568/1005] 000567.png
[track_one()] Welcome
[track_one()] depth processing done
[predict()] ob_in_cams:(1, 4, 4)
[predict()] self.cfg.use_normal:False
[predict()] trans_normalizer:[0.019999999552965164, 0.019999999552965164, 0.05000000074505806], rot_normalizer:0.3490658503988659
[predict()] making cropped data
[make_crop_data_batch()] Welcome make_crop_data_batch
[make_crop_data_batch()] make tf_to_crops done
[make_crop_data_batch()] render done
[make_crop_data_batch()] warp done
[make_crop_data_batch()] pose batch data done
[predict()] forward start
[predict()] forward done
[predict()] making cropped data
[make_crop_data_batch()] Welcome make_crop_data_batch
[make_crop_data_batch()] make tf_to_crops done
[make_crop_data_batch()] render done
[make_crop_data_batch()] warp done
[make_crop_data_batch()] pose batch data done
[predict()] forward start
[predict()] forward done
[track_one()] pose done
[569/1005] 000568.png
[track_one()] Welcome
[track_one()] depth processing done
[predict()] ob_in_cams:(1, 4, 4)
[predict()] self.cfg.use_normal:False
[predict()] trans_normalizer:[0.019999999552965164, 0.019999999552965164, 0.05000000074505806], rot_normalizer:0.3490658503988659
[predict()] making cropped data
[make_crop_data_batch()] Welcome make_crop_data_batch
[make_crop_data_batch()] make tf_to_crops done
[make_crop_data_batch()] render done
[make_crop_data_batch()] warp done
[make_crop_data_batch()] pose batch data done
[predict()] forward start
[predict()] forward done
[predict()] making cropped data
[make_crop_data_batch()] Welcome make_crop_data_batch
[make_crop_data_batch()] make tf_to_crops done
[make_crop_data_batch()] render done
[make_crop_data_batch()] warp done
[make_crop_data_batch()] pose batch data done
[predict()] forward start
[predict()] forward done
[track_one()] pose done
[570/1005] 000569.png
[track_one()] Welcome
[track_one()] depth processing done
[predict()] ob_in_cams:(1, 4, 4)
[predict()] self.cfg.use_normal:False
[predict()] trans_normalizer:[0.019999999552965164, 0.019999999552965164, 0.05000000074505806], rot_normalizer:0.3490658503988659
[predict()] making cropped data
[make_crop_data_batch()] Welcome make_crop_data_batch
[make_crop_data_batch()] make tf_to_crops done
[make_crop_data_batch()] render done
[make_crop_data_batch()] warp done
[make_crop_data_batch()] pose batch data done
[predict()] forward start
[predict()] forward done
[predict()] making cropped data
[make_crop_data_batch()] Welcome make_crop_data_batch
[make_crop_data_batch()] make tf_to_crops done
[make_crop_data_batch()] render done
[make_crop_data_batch()] warp done
[make_crop_data_batch()] pose batch data done
[predict()] forward start
[predict()] forward done
[track_one()] pose done
[571/1005] 000570.png
[track_one()] Welcome
[track_one()] depth processing done
[predict()] ob_in_cams:(1, 4, 4)
[predict()] self.cfg.use_normal:False
[predict()] trans_normalizer:[0.019999999552965164, 0.019999999552965164, 0.05000000074505806], rot_normalizer:0.3490658503988659
[predict()] making cropped data
[make_crop_data_batch()] Welcome make_crop_data_batch
[make_crop_data_batch()] make tf_to_crops done
[make_crop_data_batch()] render done
[make_crop_data_batch()] warp done
[make_crop_data_batch()] pose batch data done
[predict()] forward start
[predict()] forward done
[predict()] making cropped data
[make_crop_data_batch()] Welcome make_crop_data_batch
[make_crop_data_batch()] make tf_to_crops done
[make_crop_data_batch()] render done
[make_crop_data_batch()] warp done
[make_crop_data_batch()] pose batch data done
[predict()] forward start
[predict()] forward done
[track_one()] pose done
[572/1005] 000571.png
[track_one()] Welcome
[track_one()] depth processing done
[predict()] ob_in_cams:(1, 4, 4)
[predict()] self.cfg.use_normal:False
[predict()] trans_normalizer:[0.019999999552965164, 0.019999999552965164, 0.05000000074505806], rot_normalizer:0.3490658503988659
[predict()] making cropped data
[make_crop_data_batch()] Welcome make_crop_data_batch
[make_crop_data_batch()] make tf_to_crops done
[make_crop_data_batch()] render done
[make_crop_data_batch()] warp done
[make_crop_data_batch()] pose batch data done
[predict()] forward start
[predict()] forward done
[predict()] making cropped data
[make_crop_data_batch()] Welcome make_crop_data_batch
[make_crop_data_batch()] make tf_to_crops done
[make_crop_data_batch()] render done
[make_crop_data_batch()] warp done
[make_crop_data_batch()] pose batch data done
[predict()] forward start
[predict()] forward done
[track_one()] pose done
[573/1005] 000572.png
[track_one()] Welcome
[track_one()] depth processing done
[predict()] ob_in_cams:(1, 4, 4)
[predict()] self.cfg.use_normal:False
[predict()] trans_normalizer:[0.019999999552965164, 0.019999999552965164, 0.05000000074505806], rot_normalizer:0.3490658503988659
[predict()] making cropped data
[make_crop_data_batch()] Welcome make_crop_data_batch
[make_crop_data_batch()] make tf_to_crops done
[make_crop_data_batch()] render done
[make_crop_data_batch()] warp done
[make_crop_data_batch()] pose batch data done
[predict()] forward start
[predict()] forward done
[predict()] making cropped data
[make_crop_data_batch()] Welcome make_crop_data_batch
[make_crop_data_batch()] make tf_to_crops done
[make_crop_data_batch()] render done
[make_crop_data_batch()] warp done
[make_crop_data_batch()] pose batch data done
[predict()] forward start
[predict()] forward done
[track_one()] pose done
[574/1005] 000573.png
[track_one()] Welcome
[track_one()] depth processing done
[predict()] ob_in_cams:(1, 4, 4)
[predict()] self.cfg.use_normal:False
[predict()] trans_normalizer:[0.019999999552965164, 0.019999999552965164, 0.05000000074505806], rot_normalizer:0.3490658503988659
[predict()] making cropped data
[make_crop_data_batch()] Welcome make_crop_data_batch
[make_crop_data_batch()] make tf_to_crops done
[make_crop_data_batch()] render done
[make_crop_data_batch()] warp done
[make_crop_data_batch()] pose batch data done
[predict()] forward start
[predict()] forward done
[predict()] making cropped data
[make_crop_data_batch()] Welcome make_crop_data_batch
[make_crop_data_batch()] make tf_to_crops done
[make_crop_data_batch()] render done
[make_crop_data_batch()] warp done
[make_crop_data_batch()] pose batch data done
[predict()] forward start
[predict()] forward done
[track_one()] pose done
[575/1005] 000574.png
[track_one()] Welcome
[track_one()] depth processing done
[predict()] ob_in_cams:(1, 4, 4)
[predict()] self.cfg.use_normal:False
[predict()] trans_normalizer:[0.019999999552965164, 0.019999999552965164, 0.05000000074505806], rot_normalizer:0.3490658503988659
[predict()] making cropped data
[make_crop_data_batch()] Welcome make_crop_data_batch
[make_crop_data_batch()] make tf_to_crops done
[make_crop_data_batch()] render done
[make_crop_data_batch()] warp done
[make_crop_data_batch()] pose batch data done
[predict()] forward start
[predict()] forward done
[predict()] making cropped data
[make_crop_data_batch()] Welcome make_crop_data_batch
[make_crop_data_batch()] make tf_to_crops done
[make_crop_data_batch()] render done
[make_crop_data_batch()] warp done
[make_crop_data_batch()] pose batch data done
[predict()] forward start
[predict()] forward done
[track_one()] pose done
[576/1005] 000575.png
[track_one()] Welcome
[track_one()] depth processing done
[predict()] ob_in_cams:(1, 4, 4)
[predict()] self.cfg.use_normal:False
[predict()] trans_normalizer:[0.019999999552965164, 0.019999999552965164, 0.05000000074505806], rot_normalizer:0.3490658503988659
[predict()] making cropped data
[make_crop_data_batch()] Welcome make_crop_data_batch
[make_crop_data_batch()] make tf_to_crops done
[make_crop_data_batch()] render done
[make_crop_data_batch()] warp done
[make_crop_data_batch()] pose batch data done
[predict()] forward start
[predict()] forward done
[predict()] making cropped data
[make_crop_data_batch()] Welcome make_crop_data_batch
[make_crop_data_batch()] make tf_to_crops done
[make_crop_data_batch()] render done
[make_crop_data_batch()] warp done
[make_crop_data_batch()] pose batch data done
[predict()] forward start
[predict()] forward done
[track_one()] pose done
[577/1005] 000576.png
[track_one()] Welcome
[track_one()] depth processing done
[predict()] ob_in_cams:(1, 4, 4)
[predict()] self.cfg.use_normal:False
[predict()] trans_normalizer:[0.019999999552965164, 0.019999999552965164, 0.05000000074505806], rot_normalizer:0.3490658503988659
[predict()] making cropped data
[make_crop_data_batch()] Welcome make_crop_data_batch
[make_crop_data_batch()] make tf_to_crops done
[make_crop_data_batch()] render done
[make_crop_data_batch()] warp done
[make_crop_data_batch()] pose batch data done
[predict()] forward start
[predict()] forward done
[predict()] making cropped data
[make_crop_data_batch()] Welcome make_crop_data_batch
[make_crop_data_batch()] make tf_to_crops done
[make_crop_data_batch()] render done
[make_crop_data_batch()] warp done
[make_crop_data_batch()] pose batch data done
[predict()] forward start
[predict()] forward done
[track_one()] pose done
[578/1005] 000577.png
[track_one()] Welcome
[track_one()] depth processing done
[predict()] ob_in_cams:(1, 4, 4)
[predict()] self.cfg.use_normal:False
[predict()] trans_normalizer:[0.019999999552965164, 0.019999999552965164, 0.05000000074505806], rot_normalizer:0.3490658503988659
[predict()] making cropped data
[make_crop_data_batch()] Welcome make_crop_data_batch
[make_crop_data_batch()] make tf_to_crops done
[make_crop_data_batch()] render done
[make_crop_data_batch()] warp done
[make_crop_data_batch()] pose batch data done
[predict()] forward start
[predict()] forward done
[predict()] making cropped data
[make_crop_data_batch()] Welcome make_crop_data_batch
[make_crop_data_batch()] make tf_to_crops done
[make_crop_data_batch()] render done
[make_crop_data_batch()] warp done
[make_crop_data_batch()] pose batch data done
[predict()] forward start
[predict()] forward done
[track_one()] pose done
[579/1005] 000578.png
[track_one()] Welcome
[track_one()] depth processing done
[predict()] ob_in_cams:(1, 4, 4)
[predict()] self.cfg.use_normal:False
[predict()] trans_normalizer:[0.019999999552965164, 0.019999999552965164, 0.05000000074505806], rot_normalizer:0.3490658503988659
[predict()] making cropped data
[make_crop_data_batch()] Welcome make_crop_data_batch
[make_crop_data_batch()] make tf_to_crops done
[make_crop_data_batch()] render done
[make_crop_data_batch()] warp done
[make_crop_data_batch()] pose batch data done
[predict()] forward start
[predict()] forward done
[predict()] making cropped data
[make_crop_data_batch()] Welcome make_crop_data_batch
[make_crop_data_batch()] make tf_to_crops done
[make_crop_data_batch()] render done
[make_crop_data_batch()] warp done
[make_crop_data_batch()] pose batch data done
[predict()] forward start
[predict()] forward done
[track_one()] pose done
[580/1005] 000579.png
[track_one()] Welcome
[track_one()] depth processing done
[predict()] ob_in_cams:(1, 4, 4)
[predict()] self.cfg.use_normal:False
[predict()] trans_normalizer:[0.019999999552965164, 0.019999999552965164, 0.05000000074505806], rot_normalizer:0.3490658503988659
[predict()] making cropped data
[make_crop_data_batch()] Welcome make_crop_data_batch
[make_crop_data_batch()] make tf_to_crops done
[make_crop_data_batch()] render done
[make_crop_data_batch()] warp done
[make_crop_data_batch()] pose batch data done
[predict()] forward start
[predict()] forward done
[predict()] making cropped data
[make_crop_data_batch()] Welcome make_crop_data_batch
[make_crop_data_batch()] make tf_to_crops done
[make_crop_data_batch()] render done
[make_crop_data_batch()] warp done
[make_crop_data_batch()] pose batch data done
[predict()] forward start
[predict()] forward done
[track_one()] pose done
[581/1005] 000580.png
[track_one()] Welcome
[track_one()] depth processing done
[predict()] ob_in_cams:(1, 4, 4)
[predict()] self.cfg.use_normal:False
[predict()] trans_normalizer:[0.019999999552965164, 0.019999999552965164, 0.05000000074505806], rot_normalizer:0.3490658503988659
[predict()] making cropped data
[make_crop_data_batch()] Welcome make_crop_data_batch
[make_crop_data_batch()] make tf_to_crops done
[make_crop_data_batch()] render done
[make_crop_data_batch()] warp done
[make_crop_data_batch()] pose batch data done
[predict()] forward start
[predict()] forward done
[predict()] making cropped data
[make_crop_data_batch()] Welcome make_crop_data_batch
[make_crop_data_batch()] make tf_to_crops done
[make_crop_data_batch()] render done
[make_crop_data_batch()] warp done
[make_crop_data_batch()] pose batch data done
[predict()] forward start
[predict()] forward done
[track_one()] pose done
[582/1005] 000581.png
[track_one()] Welcome
[track_one()] depth processing done
[predict()] ob_in_cams:(1, 4, 4)
[predict()] self.cfg.use_normal:False
[predict()] trans_normalizer:[0.019999999552965164, 0.019999999552965164, 0.05000000074505806], rot_normalizer:0.3490658503988659
[predict()] making cropped data
[make_crop_data_batch()] Welcome make_crop_data_batch
[make_crop_data_batch()] make tf_to_crops done
[make_crop_data_batch()] render done
[make_crop_data_batch()] warp done
[make_crop_data_batch()] pose batch data done
[predict()] forward start
[predict()] forward done
[predict()] making cropped data
[make_crop_data_batch()] Welcome make_crop_data_batch
[make_crop_data_batch()] make tf_to_crops done
[make_crop_data_batch()] render done
[make_crop_data_batch()] warp done
[make_crop_data_batch()] pose batch data done
[predict()] forward start
[predict()] forward done
[track_one()] pose done
[583/1005] 000582.png
[track_one()] Welcome
[track_one()] depth processing done
[predict()] ob_in_cams:(1, 4, 4)
[predict()] self.cfg.use_normal:False
[predict()] trans_normalizer:[0.019999999552965164, 0.019999999552965164, 0.05000000074505806], rot_normalizer:0.3490658503988659
[predict()] making cropped data
[make_crop_data_batch()] Welcome make_crop_data_batch
[make_crop_data_batch()] make tf_to_crops done
[make_crop_data_batch()] render done
[make_crop_data_batch()] warp done
[make_crop_data_batch()] pose batch data done
[predict()] forward start
[predict()] forward done
[predict()] making cropped data
[make_crop_data_batch()] Welcome make_crop_data_batch
[make_crop_data_batch()] make tf_to_crops done
[make_crop_data_batch()] render done
[make_crop_data_batch()] warp done
[make_crop_data_batch()] pose batch data done
[predict()] forward start
[predict()] forward done
[track_one()] pose done
[584/1005] 000583.png
[track_one()] Welcome
[track_one()] depth processing done
[predict()] ob_in_cams:(1, 4, 4)
[predict()] self.cfg.use_normal:False
[predict()] trans_normalizer:[0.019999999552965164, 0.019999999552965164, 0.05000000074505806], rot_normalizer:0.3490658503988659
[predict()] making cropped data
[make_crop_data_batch()] Welcome make_crop_data_batch
[make_crop_data_batch()] make tf_to_crops done
[make_crop_data_batch()] render done
[make_crop_data_batch()] warp done
[make_crop_data_batch()] pose batch data done
[predict()] forward start
[predict()] forward done
[predict()] making cropped data
[make_crop_data_batch()] Welcome make_crop_data_batch
[make_crop_data_batch()] make tf_to_crops done
[make_crop_data_batch()] render done
[make_crop_data_batch()] warp done
[make_crop_data_batch()] pose batch data done
[predict()] forward start
[predict()] forward done
[track_one()] pose done
[585/1005] 000584.png
[track_one()] Welcome
[track_one()] depth processing done
[predict()] ob_in_cams:(1, 4, 4)
[predict()] self.cfg.use_normal:False
[predict()] trans_normalizer:[0.019999999552965164, 0.019999999552965164, 0.05000000074505806], rot_normalizer:0.3490658503988659
[predict()] making cropped data
[make_crop_data_batch()] Welcome make_crop_data_batch
[make_crop_data_batch()] make tf_to_crops done
[make_crop_data_batch()] render done
[make_crop_data_batch()] warp done
[make_crop_data_batch()] pose batch data done
[predict()] forward start
[predict()] forward done
[predict()] making cropped data
[make_crop_data_batch()] Welcome make_crop_data_batch
[make_crop_data_batch()] make tf_to_crops done
[make_crop_data_batch()] render done
[make_crop_data_batch()] warp done
[make_crop_data_batch()] pose batch data done
[predict()] forward start
[predict()] forward done
[track_one()] pose done
[586/1005] 000585.png
[track_one()] Welcome
[track_one()] depth processing done
[predict()] ob_in_cams:(1, 4, 4)
[predict()] self.cfg.use_normal:False
[predict()] trans_normalizer:[0.019999999552965164, 0.019999999552965164, 0.05000000074505806], rot_normalizer:0.3490658503988659
[predict()] making cropped data
[make_crop_data_batch()] Welcome make_crop_data_batch
[make_crop_data_batch()] make tf_to_crops done
[make_crop_data_batch()] render done
[make_crop_data_batch()] warp done
[make_crop_data_batch()] pose batch data done
[predict()] forward start
[predict()] forward done
[predict()] making cropped data
[make_crop_data_batch()] Welcome make_crop_data_batch
[make_crop_data_batch()] make tf_to_crops done
[make_crop_data_batch()] render done
[make_crop_data_batch()] warp done
[make_crop_data_batch()] pose batch data done
[predict()] forward start
[predict()] forward done
[track_one()] pose done
[587/1005] 000586.png
[track_one()] Welcome
[track_one()] depth processing done
[predict()] ob_in_cams:(1, 4, 4)
[predict()] self.cfg.use_normal:False
[predict()] trans_normalizer:[0.019999999552965164, 0.019999999552965164, 0.05000000074505806], rot_normalizer:0.3490658503988659
[predict()] making cropped data
[make_crop_data_batch()] Welcome make_crop_data_batch
[make_crop_data_batch()] make tf_to_crops done
[make_crop_data_batch()] render done
[make_crop_data_batch()] warp done
[make_crop_data_batch()] pose batch data done
[predict()] forward start
[predict()] forward done
[predict()] making cropped data
[make_crop_data_batch()] Welcome make_crop_data_batch
[make_crop_data_batch()] make tf_to_crops done
[make_crop_data_batch()] render done
[make_crop_data_batch()] warp done
[make_crop_data_batch()] pose batch data done
[predict()] forward start
[predict()] forward done
[track_one()] pose done
[588/1005] 000587.png
[track_one()] Welcome
[track_one()] depth processing done
[predict()] ob_in_cams:(1, 4, 4)
[predict()] self.cfg.use_normal:False
[predict()] trans_normalizer:[0.019999999552965164, 0.019999999552965164, 0.05000000074505806], rot_normalizer:0.3490658503988659
[predict()] making cropped data
[make_crop_data_batch()] Welcome make_crop_data_batch
[make_crop_data_batch()] make tf_to_crops done
[make_crop_data_batch()] render done
[make_crop_data_batch()] warp done
[make_crop_data_batch()] pose batch data done
[predict()] forward start
[predict()] forward done
[predict()] making cropped data
[make_crop_data_batch()] Welcome make_crop_data_batch
[make_crop_data_batch()] make tf_to_crops done
[make_crop_data_batch()] render done
[make_crop_data_batch()] warp done
[make_crop_data_batch()] pose batch data done
[predict()] forward start
[predict()] forward done
[track_one()] pose done
[589/1005] 000588.png
[track_one()] Welcome
[track_one()] depth processing done
[predict()] ob_in_cams:(1, 4, 4)
[predict()] self.cfg.use_normal:False
[predict()] trans_normalizer:[0.019999999552965164, 0.019999999552965164, 0.05000000074505806], rot_normalizer:0.3490658503988659
[predict()] making cropped data
[make_crop_data_batch()] Welcome make_crop_data_batch
[make_crop_data_batch()] make tf_to_crops done
[make_crop_data_batch()] render done
[make_crop_data_batch()] warp done
[make_crop_data_batch()] pose batch data done
[predict()] forward start
[predict()] forward done
[predict()] making cropped data
[make_crop_data_batch()] Welcome make_crop_data_batch
[make_crop_data_batch()] make tf_to_crops done
[make_crop_data_batch()] render done
[make_crop_data_batch()] warp done
[make_crop_data_batch()] pose batch data done
[predict()] forward start
[predict()] forward done
[track_one()] pose done
[590/1005] 000589.png
[track_one()] Welcome
[track_one()] depth processing done
[predict()] ob_in_cams:(1, 4, 4)
[predict()] self.cfg.use_normal:False
[predict()] trans_normalizer:[0.019999999552965164, 0.019999999552965164, 0.05000000074505806], rot_normalizer:0.3490658503988659
[predict()] making cropped data
[make_crop_data_batch()] Welcome make_crop_data_batch
[make_crop_data_batch()] make tf_to_crops done
[make_crop_data_batch()] render done
[make_crop_data_batch()] warp done
[make_crop_data_batch()] pose batch data done
[predict()] forward start
[predict()] forward done
[predict()] making cropped data
[make_crop_data_batch()] Welcome make_crop_data_batch
[make_crop_data_batch()] make tf_to_crops done
[make_crop_data_batch()] render done
[make_crop_data_batch()] warp done
[make_crop_data_batch()] pose batch data done
[predict()] forward start
[predict()] forward done
[track_one()] pose done
[591/1005] 000590.png
[track_one()] Welcome
[track_one()] depth processing done
[predict()] ob_in_cams:(1, 4, 4)
[predict()] self.cfg.use_normal:False
[predict()] trans_normalizer:[0.019999999552965164, 0.019999999552965164, 0.05000000074505806], rot_normalizer:0.3490658503988659
[predict()] making cropped data
[make_crop_data_batch()] Welcome make_crop_data_batch
[make_crop_data_batch()] make tf_to_crops done
[make_crop_data_batch()] render done
[make_crop_data_batch()] warp done
[make_crop_data_batch()] pose batch data done
[predict()] forward start
[predict()] forward done
[predict()] making cropped data
[make_crop_data_batch()] Welcome make_crop_data_batch
[make_crop_data_batch()] make tf_to_crops done
[make_crop_data_batch()] render done
[make_crop_data_batch()] warp done
[make_crop_data_batch()] pose batch data done
[predict()] forward start
[predict()] forward done
[track_one()] pose done
[592/1005] 000591.png
[track_one()] Welcome
[track_one()] depth processing done
[predict()] ob_in_cams:(1, 4, 4)
[predict()] self.cfg.use_normal:False
[predict()] trans_normalizer:[0.019999999552965164, 0.019999999552965164, 0.05000000074505806], rot_normalizer:0.3490658503988659
[predict()] making cropped data
[make_crop_data_batch()] Welcome make_crop_data_batch
[make_crop_data_batch()] make tf_to_crops done
[make_crop_data_batch()] render done
[make_crop_data_batch()] warp done
[make_crop_data_batch()] pose batch data done
[predict()] forward start
[predict()] forward done
[predict()] making cropped data
[make_crop_data_batch()] Welcome make_crop_data_batch
[make_crop_data_batch()] make tf_to_crops done
[make_crop_data_batch()] render done
[make_crop_data_batch()] warp done
[make_crop_data_batch()] pose batch data done
[predict()] forward start
[predict()] forward done
[track_one()] pose done
[593/1005] 000592.png
[track_one()] Welcome
[track_one()] depth processing done
[predict()] ob_in_cams:(1, 4, 4)
[predict()] self.cfg.use_normal:False
[predict()] trans_normalizer:[0.019999999552965164, 0.019999999552965164, 0.05000000074505806], rot_normalizer:0.3490658503988659
[predict()] making cropped data
[make_crop_data_batch()] Welcome make_crop_data_batch
[make_crop_data_batch()] make tf_to_crops done
[make_crop_data_batch()] render done
[make_crop_data_batch()] warp done
[make_crop_data_batch()] pose batch data done
[predict()] forward start
[predict()] forward done
[predict()] making cropped data
[make_crop_data_batch()] Welcome make_crop_data_batch
[make_crop_data_batch()] make tf_to_crops done
[make_crop_data_batch()] render done
[make_crop_data_batch()] warp done
[make_crop_data_batch()] pose batch data done
[predict()] forward start
[predict()] forward done
[track_one()] pose done
[594/1005] 000593.png
[track_one()] Welcome
[track_one()] depth processing done
[predict()] ob_in_cams:(1, 4, 4)
[predict()] self.cfg.use_normal:False
[predict()] trans_normalizer:[0.019999999552965164, 0.019999999552965164, 0.05000000074505806], rot_normalizer:0.3490658503988659
[predict()] making cropped data
[make_crop_data_batch()] Welcome make_crop_data_batch
[make_crop_data_batch()] make tf_to_crops done
[make_crop_data_batch()] render done
[make_crop_data_batch()] warp done
[make_crop_data_batch()] pose batch data done
[predict()] forward start
[predict()] forward done
[predict()] making cropped data
[make_crop_data_batch()] Welcome make_crop_data_batch
[make_crop_data_batch()] make tf_to_crops done
[make_crop_data_batch()] render done
[make_crop_data_batch()] warp done
[make_crop_data_batch()] pose batch data done
[predict()] forward start
[predict()] forward done
[track_one()] pose done
[595/1005] 000594.png
[track_one()] Welcome
[track_one()] depth processing done
[predict()] ob_in_cams:(1, 4, 4)
[predict()] self.cfg.use_normal:False
[predict()] trans_normalizer:[0.019999999552965164, 0.019999999552965164, 0.05000000074505806], rot_normalizer:0.3490658503988659
[predict()] making cropped data
[make_crop_data_batch()] Welcome make_crop_data_batch
[make_crop_data_batch()] make tf_to_crops done
[make_crop_data_batch()] render done
[make_crop_data_batch()] warp done
[make_crop_data_batch()] pose batch data done
[predict()] forward start
[predict()] forward done
[predict()] making cropped data
[make_crop_data_batch()] Welcome make_crop_data_batch
[make_crop_data_batch()] make tf_to_crops done
[make_crop_data_batch()] render done
[make_crop_data_batch()] warp done
[make_crop_data_batch()] pose batch data done
[predict()] forward start
[predict()] forward done
[track_one()] pose done
[596/1005] 000595.png
[track_one()] Welcome
[track_one()] depth processing done
[predict()] ob_in_cams:(1, 4, 4)
[predict()] self.cfg.use_normal:False
[predict()] trans_normalizer:[0.019999999552965164, 0.019999999552965164, 0.05000000074505806], rot_normalizer:0.3490658503988659
[predict()] making cropped data
[make_crop_data_batch()] Welcome make_crop_data_batch
[make_crop_data_batch()] make tf_to_crops done
[make_crop_data_batch()] render done
[make_crop_data_batch()] warp done
[make_crop_data_batch()] pose batch data done
[predict()] forward start
[predict()] forward done
[predict()] making cropped data
[make_crop_data_batch()] Welcome make_crop_data_batch
[make_crop_data_batch()] make tf_to_crops done
[make_crop_data_batch()] render done
[make_crop_data_batch()] warp done
[make_crop_data_batch()] pose batch data done
[predict()] forward start
[predict()] forward done
[track_one()] pose done
[597/1005] 000596.png
[track_one()] Welcome
[track_one()] depth processing done
[predict()] ob_in_cams:(1, 4, 4)
[predict()] self.cfg.use_normal:False
[predict()] trans_normalizer:[0.019999999552965164, 0.019999999552965164, 0.05000000074505806], rot_normalizer:0.3490658503988659
[predict()] making cropped data
[make_crop_data_batch()] Welcome make_crop_data_batch
[make_crop_data_batch()] make tf_to_crops done
[make_crop_data_batch()] render done
[make_crop_data_batch()] warp done
[make_crop_data_batch()] pose batch data done
[predict()] forward start
[predict()] forward done
[predict()] making cropped data
[make_crop_data_batch()] Welcome make_crop_data_batch
[make_crop_data_batch()] make tf_to_crops done
[make_crop_data_batch()] render done
[make_crop_data_batch()] warp done
[make_crop_data_batch()] pose batch data done
[predict()] forward start
[predict()] forward done
[track_one()] pose done
[598/1005] 000597.png
[track_one()] Welcome
[track_one()] depth processing done
[predict()] ob_in_cams:(1, 4, 4)
[predict()] self.cfg.use_normal:False
[predict()] trans_normalizer:[0.019999999552965164, 0.019999999552965164, 0.05000000074505806], rot_normalizer:0.3490658503988659
[predict()] making cropped data
[make_crop_data_batch()] Welcome make_crop_data_batch
[make_crop_data_batch()] make tf_to_crops done
[make_crop_data_batch()] render done
[make_crop_data_batch()] warp done
[make_crop_data_batch()] pose batch data done
[predict()] forward start
[predict()] forward done
[predict()] making cropped data
[make_crop_data_batch()] Welcome make_crop_data_batch
[make_crop_data_batch()] make tf_to_crops done
[make_crop_data_batch()] render done
[make_crop_data_batch()] warp done
[make_crop_data_batch()] pose batch data done
[predict()] forward start
[predict()] forward done
[track_one()] pose done
[599/1005] 000598.png
[track_one()] Welcome
[track_one()] depth processing done
[predict()] ob_in_cams:(1, 4, 4)
[predict()] self.cfg.use_normal:False
[predict()] trans_normalizer:[0.019999999552965164, 0.019999999552965164, 0.05000000074505806], rot_normalizer:0.3490658503988659
[predict()] making cropped data
[make_crop_data_batch()] Welcome make_crop_data_batch
[make_crop_data_batch()] make tf_to_crops done
[make_crop_data_batch()] render done
[make_crop_data_batch()] warp done
[make_crop_data_batch()] pose batch data done
[predict()] forward start
[predict()] forward done
[predict()] making cropped data
[make_crop_data_batch()] Welcome make_crop_data_batch
[make_crop_data_batch()] make tf_to_crops done
[make_crop_data_batch()] render done
[make_crop_data_batch()] warp done
[make_crop_data_batch()] pose batch data done
[predict()] forward start
[predict()] forward done
[track_one()] pose done
[600/1005] 000599.png
[track_one()] Welcome
[track_one()] depth processing done
[predict()] ob_in_cams:(1, 4, 4)
[predict()] self.cfg.use_normal:False
[predict()] trans_normalizer:[0.019999999552965164, 0.019999999552965164, 0.05000000074505806], rot_normalizer:0.3490658503988659
[predict()] making cropped data
[make_crop_data_batch()] Welcome make_crop_data_batch
[make_crop_data_batch()] make tf_to_crops done
[make_crop_data_batch()] render done
[make_crop_data_batch()] warp done
[make_crop_data_batch()] pose batch data done
[predict()] forward start
[predict()] forward done
[predict()] making cropped data
[make_crop_data_batch()] Welcome make_crop_data_batch
[make_crop_data_batch()] make tf_to_crops done
[make_crop_data_batch()] render done
[make_crop_data_batch()] warp done
[make_crop_data_batch()] pose batch data done
[predict()] forward start
[predict()] forward done
[track_one()] pose done
[601/1005] 000600.png
[track_one()] Welcome
[track_one()] depth processing done
[predict()] ob_in_cams:(1, 4, 4)
[predict()] self.cfg.use_normal:False
[predict()] trans_normalizer:[0.019999999552965164, 0.019999999552965164, 0.05000000074505806], rot_normalizer:0.3490658503988659
[predict()] making cropped data
[make_crop_data_batch()] Welcome make_crop_data_batch
[make_crop_data_batch()] make tf_to_crops done
[make_crop_data_batch()] render done
[make_crop_data_batch()] warp done
[make_crop_data_batch()] pose batch data done
[predict()] forward start
[predict()] forward done
[predict()] making cropped data
[make_crop_data_batch()] Welcome make_crop_data_batch
[make_crop_data_batch()] make tf_to_crops done
[make_crop_data_batch()] render done
[make_crop_data_batch()] warp done
[make_crop_data_batch()] pose batch data done
[predict()] forward start
[predict()] forward done
[track_one()] pose done
[602/1005] 000601.png
[track_one()] Welcome
[track_one()] depth processing done
[predict()] ob_in_cams:(1, 4, 4)
[predict()] self.cfg.use_normal:False
[predict()] trans_normalizer:[0.019999999552965164, 0.019999999552965164, 0.05000000074505806], rot_normalizer:0.3490658503988659
[predict()] making cropped data
[make_crop_data_batch()] Welcome make_crop_data_batch
[make_crop_data_batch()] make tf_to_crops done
[make_crop_data_batch()] render done
[make_crop_data_batch()] warp done
[make_crop_data_batch()] pose batch data done
[predict()] forward start
[predict()] forward done
[predict()] making cropped data
[make_crop_data_batch()] Welcome make_crop_data_batch
[make_crop_data_batch()] make tf_to_crops done
[make_crop_data_batch()] render done
[make_crop_data_batch()] warp done
[make_crop_data_batch()] pose batch data done
[predict()] forward start
[predict()] forward done
[track_one()] pose done
[603/1005] 000602.png
[track_one()] Welcome
[track_one()] depth processing done
[predict()] ob_in_cams:(1, 4, 4)
[predict()] self.cfg.use_normal:False
[predict()] trans_normalizer:[0.019999999552965164, 0.019999999552965164, 0.05000000074505806], rot_normalizer:0.3490658503988659
[predict()] making cropped data
[make_crop_data_batch()] Welcome make_crop_data_batch
[make_crop_data_batch()] make tf_to_crops done
[make_crop_data_batch()] render done
[make_crop_data_batch()] warp done
[make_crop_data_batch()] pose batch data done
[predict()] forward start
[predict()] forward done
[predict()] making cropped data
[make_crop_data_batch()] Welcome make_crop_data_batch
[make_crop_data_batch()] make tf_to_crops done
[make_crop_data_batch()] render done
[make_crop_data_batch()] warp done
[make_crop_data_batch()] pose batch data done
[predict()] forward start
[predict()] forward done
[track_one()] pose done
[604/1005] 000603.png
[track_one()] Welcome
[track_one()] depth processing done
[predict()] ob_in_cams:(1, 4, 4)
[predict()] self.cfg.use_normal:False
[predict()] trans_normalizer:[0.019999999552965164, 0.019999999552965164, 0.05000000074505806], rot_normalizer:0.3490658503988659
[predict()] making cropped data
[make_crop_data_batch()] Welcome make_crop_data_batch
[make_crop_data_batch()] make tf_to_crops done
[make_crop_data_batch()] render done
[make_crop_data_batch()] warp done
[make_crop_data_batch()] pose batch data done
[predict()] forward start
[predict()] forward done
[predict()] making cropped data
[make_crop_data_batch()] Welcome make_crop_data_batch
[make_crop_data_batch()] make tf_to_crops done
[make_crop_data_batch()] render done
[make_crop_data_batch()] warp done
[make_crop_data_batch()] pose batch data done
[predict()] forward start
[predict()] forward done
[track_one()] pose done
[605/1005] 000604.png
[track_one()] Welcome
[track_one()] depth processing done
[predict()] ob_in_cams:(1, 4, 4)
[predict()] self.cfg.use_normal:False
[predict()] trans_normalizer:[0.019999999552965164, 0.019999999552965164, 0.05000000074505806], rot_normalizer:0.3490658503988659
[predict()] making cropped data
[make_crop_data_batch()] Welcome make_crop_data_batch
[make_crop_data_batch()] make tf_to_crops done
[make_crop_data_batch()] render done
[make_crop_data_batch()] warp done
[make_crop_data_batch()] pose batch data done
[predict()] forward start
[predict()] forward done
[predict()] making cropped data
[make_crop_data_batch()] Welcome make_crop_data_batch
[make_crop_data_batch()] make tf_to_crops done
[make_crop_data_batch()] render done
[make_crop_data_batch()] warp done
[make_crop_data_batch()] pose batch data done
[predict()] forward start
[predict()] forward done
[track_one()] pose done
[606/1005] 000605.png
[track_one()] Welcome
[track_one()] depth processing done
[predict()] ob_in_cams:(1, 4, 4)
[predict()] self.cfg.use_normal:False
[predict()] trans_normalizer:[0.019999999552965164, 0.019999999552965164, 0.05000000074505806], rot_normalizer:0.3490658503988659
[predict()] making cropped data
[make_crop_data_batch()] Welcome make_crop_data_batch
[make_crop_data_batch()] make tf_to_crops done
[make_crop_data_batch()] render done
[make_crop_data_batch()] warp done
[make_crop_data_batch()] pose batch data done
[predict()] forward start
[predict()] forward done
[predict()] making cropped data
[make_crop_data_batch()] Welcome make_crop_data_batch
[make_crop_data_batch()] make tf_to_crops done
[make_crop_data_batch()] render done
[make_crop_data_batch()] warp done
[make_crop_data_batch()] pose batch data done
[predict()] forward start
[predict()] forward done
[track_one()] pose done
[607/1005] 000606.png
[track_one()] Welcome
[track_one()] depth processing done
[predict()] ob_in_cams:(1, 4, 4)
[predict()] self.cfg.use_normal:False
[predict()] trans_normalizer:[0.019999999552965164, 0.019999999552965164, 0.05000000074505806], rot_normalizer:0.3490658503988659
[predict()] making cropped data
[make_crop_data_batch()] Welcome make_crop_data_batch
[make_crop_data_batch()] make tf_to_crops done
[make_crop_data_batch()] render done
[make_crop_data_batch()] warp done
[make_crop_data_batch()] pose batch data done
[predict()] forward start
[predict()] forward done
[predict()] making cropped data
[make_crop_data_batch()] Welcome make_crop_data_batch
[make_crop_data_batch()] make tf_to_crops done
[make_crop_data_batch()] render done
[make_crop_data_batch()] warp done
[make_crop_data_batch()] pose batch data done
[predict()] forward start
[predict()] forward done
[track_one()] pose done
[608/1005] 000607.png
[track_one()] Welcome
[track_one()] depth processing done
[predict()] ob_in_cams:(1, 4, 4)
[predict()] self.cfg.use_normal:False
[predict()] trans_normalizer:[0.019999999552965164, 0.019999999552965164, 0.05000000074505806], rot_normalizer:0.3490658503988659
[predict()] making cropped data
[make_crop_data_batch()] Welcome make_crop_data_batch
[make_crop_data_batch()] make tf_to_crops done
[make_crop_data_batch()] render done
[make_crop_data_batch()] warp done
[make_crop_data_batch()] pose batch data done
[predict()] forward start
[predict()] forward done
[predict()] making cropped data
[make_crop_data_batch()] Welcome make_crop_data_batch
[make_crop_data_batch()] make tf_to_crops done
[make_crop_data_batch()] render done
[make_crop_data_batch()] warp done
[make_crop_data_batch()] pose batch data done
[predict()] forward start
[predict()] forward done
[track_one()] pose done
[609/1005] 000608.png
[track_one()] Welcome
[track_one()] depth processing done
[predict()] ob_in_cams:(1, 4, 4)
[predict()] self.cfg.use_normal:False
[predict()] trans_normalizer:[0.019999999552965164, 0.019999999552965164, 0.05000000074505806], rot_normalizer:0.3490658503988659
[predict()] making cropped data
[make_crop_data_batch()] Welcome make_crop_data_batch
[make_crop_data_batch()] make tf_to_crops done
[make_crop_data_batch()] render done
[make_crop_data_batch()] warp done
[make_crop_data_batch()] pose batch data done
[predict()] forward start
[predict()] forward done
[predict()] making cropped data
[make_crop_data_batch()] Welcome make_crop_data_batch
[make_crop_data_batch()] make tf_to_crops done
[make_crop_data_batch()] render done
[make_crop_data_batch()] warp done
[make_crop_data_batch()] pose batch data done
[predict()] forward start
[predict()] forward done
[track_one()] pose done
[610/1005] 000609.png
[track_one()] Welcome
[track_one()] depth processing done
[predict()] ob_in_cams:(1, 4, 4)
[predict()] self.cfg.use_normal:False
[predict()] trans_normalizer:[0.019999999552965164, 0.019999999552965164, 0.05000000074505806], rot_normalizer:0.3490658503988659
[predict()] making cropped data
[make_crop_data_batch()] Welcome make_crop_data_batch
[make_crop_data_batch()] make tf_to_crops done
[make_crop_data_batch()] render done
[make_crop_data_batch()] warp done
[make_crop_data_batch()] pose batch data done
[predict()] forward start
[predict()] forward done
[predict()] making cropped data
[make_crop_data_batch()] Welcome make_crop_data_batch
[make_crop_data_batch()] make tf_to_crops done
[make_crop_data_batch()] render done
[make_crop_data_batch()] warp done
[make_crop_data_batch()] pose batch data done
[predict()] forward start
[predict()] forward done
[track_one()] pose done
[611/1005] 000610.png
[track_one()] Welcome
[track_one()] depth processing done
[predict()] ob_in_cams:(1, 4, 4)
[predict()] self.cfg.use_normal:False
[predict()] trans_normalizer:[0.019999999552965164, 0.019999999552965164, 0.05000000074505806], rot_normalizer:0.3490658503988659
[predict()] making cropped data
[make_crop_data_batch()] Welcome make_crop_data_batch
[make_crop_data_batch()] make tf_to_crops done
[make_crop_data_batch()] render done
[make_crop_data_batch()] warp done
[make_crop_data_batch()] pose batch data done
[predict()] forward start
[predict()] forward done
[predict()] making cropped data
[make_crop_data_batch()] Welcome make_crop_data_batch
[make_crop_data_batch()] make tf_to_crops done
[make_crop_data_batch()] render done
[make_crop_data_batch()] warp done
[make_crop_data_batch()] pose batch data done
[predict()] forward start
[predict()] forward done
[track_one()] pose done
[612/1005] 000611.png
[track_one()] Welcome
[track_one()] depth processing done
[predict()] ob_in_cams:(1, 4, 4)
[predict()] self.cfg.use_normal:False
[predict()] trans_normalizer:[0.019999999552965164, 0.019999999552965164, 0.05000000074505806], rot_normalizer:0.3490658503988659
[predict()] making cropped data
[make_crop_data_batch()] Welcome make_crop_data_batch
[make_crop_data_batch()] make tf_to_crops done
[make_crop_data_batch()] render done
[make_crop_data_batch()] warp done
[make_crop_data_batch()] pose batch data done
[predict()] forward start
[predict()] forward done
[predict()] making cropped data
[make_crop_data_batch()] Welcome make_crop_data_batch
[make_crop_data_batch()] make tf_to_crops done
[make_crop_data_batch()] render done
[make_crop_data_batch()] warp done
[make_crop_data_batch()] pose batch data done
[predict()] forward start
[predict()] forward done
[track_one()] pose done
[613/1005] 000612.png
[track_one()] Welcome
[track_one()] depth processing done
[predict()] ob_in_cams:(1, 4, 4)
[predict()] self.cfg.use_normal:False
[predict()] trans_normalizer:[0.019999999552965164, 0.019999999552965164, 0.05000000074505806], rot_normalizer:0.3490658503988659
[predict()] making cropped data
[make_crop_data_batch()] Welcome make_crop_data_batch
[make_crop_data_batch()] make tf_to_crops done
[make_crop_data_batch()] render done
[make_crop_data_batch()] warp done
[make_crop_data_batch()] pose batch data done
[predict()] forward start
[predict()] forward done
[predict()] making cropped data
[make_crop_data_batch()] Welcome make_crop_data_batch
[make_crop_data_batch()] make tf_to_crops done
[make_crop_data_batch()] render done
[make_crop_data_batch()] warp done
[make_crop_data_batch()] pose batch data done
[predict()] forward start
[predict()] forward done
[track_one()] pose done
[614/1005] 000613.png
[track_one()] Welcome
[track_one()] depth processing done
[predict()] ob_in_cams:(1, 4, 4)
[predict()] self.cfg.use_normal:False
[predict()] trans_normalizer:[0.019999999552965164, 0.019999999552965164, 0.05000000074505806], rot_normalizer:0.3490658503988659
[predict()] making cropped data
[make_crop_data_batch()] Welcome make_crop_data_batch
[make_crop_data_batch()] make tf_to_crops done
[make_crop_data_batch()] render done
[make_crop_data_batch()] warp done
[make_crop_data_batch()] pose batch data done
[predict()] forward start
[predict()] forward done
[predict()] making cropped data
[make_crop_data_batch()] Welcome make_crop_data_batch
[make_crop_data_batch()] make tf_to_crops done
[make_crop_data_batch()] render done
[make_crop_data_batch()] warp done
[make_crop_data_batch()] pose batch data done
[predict()] forward start
[predict()] forward done
[track_one()] pose done
[615/1005] 000614.png
[track_one()] Welcome
[track_one()] depth processing done
[predict()] ob_in_cams:(1, 4, 4)
[predict()] self.cfg.use_normal:False
[predict()] trans_normalizer:[0.019999999552965164, 0.019999999552965164, 0.05000000074505806], rot_normalizer:0.3490658503988659
[predict()] making cropped data
[make_crop_data_batch()] Welcome make_crop_data_batch
[make_crop_data_batch()] make tf_to_crops done
[make_crop_data_batch()] render done
[make_crop_data_batch()] warp done
[make_crop_data_batch()] pose batch data done
[predict()] forward start
[predict()] forward done
[predict()] making cropped data
[make_crop_data_batch()] Welcome make_crop_data_batch
[make_crop_data_batch()] make tf_to_crops done
[make_crop_data_batch()] render done
[make_crop_data_batch()] warp done
[make_crop_data_batch()] pose batch data done
[predict()] forward start
[predict()] forward done
[track_one()] pose done
[616/1005] 000615.png
[track_one()] Welcome
[track_one()] depth processing done
[predict()] ob_in_cams:(1, 4, 4)
[predict()] self.cfg.use_normal:False
[predict()] trans_normalizer:[0.019999999552965164, 0.019999999552965164, 0.05000000074505806], rot_normalizer:0.3490658503988659
[predict()] making cropped data
[make_crop_data_batch()] Welcome make_crop_data_batch
[make_crop_data_batch()] make tf_to_crops done
[make_crop_data_batch()] render done
[make_crop_data_batch()] warp done
[make_crop_data_batch()] pose batch data done
[predict()] forward start
[predict()] forward done
[predict()] making cropped data
[make_crop_data_batch()] Welcome make_crop_data_batch
[make_crop_data_batch()] make tf_to_crops done
[make_crop_data_batch()] render done
[make_crop_data_batch()] warp done
[make_crop_data_batch()] pose batch data done
[predict()] forward start
[predict()] forward done
[track_one()] pose done
[617/1005] 000616.png
[track_one()] Welcome
[track_one()] depth processing done
[predict()] ob_in_cams:(1, 4, 4)
[predict()] self.cfg.use_normal:False
[predict()] trans_normalizer:[0.019999999552965164, 0.019999999552965164, 0.05000000074505806], rot_normalizer:0.3490658503988659
[predict()] making cropped data
[make_crop_data_batch()] Welcome make_crop_data_batch
[make_crop_data_batch()] make tf_to_crops done
[make_crop_data_batch()] render done
[make_crop_data_batch()] warp done
[make_crop_data_batch()] pose batch data done
[predict()] forward start
[predict()] forward done
[predict()] making cropped data
[make_crop_data_batch()] Welcome make_crop_data_batch
[make_crop_data_batch()] make tf_to_crops done
[make_crop_data_batch()] render done
[make_crop_data_batch()] warp done
[make_crop_data_batch()] pose batch data done
[predict()] forward start
[predict()] forward done
[track_one()] pose done
[618/1005] 000617.png
[track_one()] Welcome
[track_one()] depth processing done
[predict()] ob_in_cams:(1, 4, 4)
[predict()] self.cfg.use_normal:False
[predict()] trans_normalizer:[0.019999999552965164, 0.019999999552965164, 0.05000000074505806], rot_normalizer:0.3490658503988659
[predict()] making cropped data
[make_crop_data_batch()] Welcome make_crop_data_batch
[make_crop_data_batch()] make tf_to_crops done
[make_crop_data_batch()] render done
[make_crop_data_batch()] warp done
[make_crop_data_batch()] pose batch data done
[predict()] forward start
[predict()] forward done
[predict()] making cropped data
[make_crop_data_batch()] Welcome make_crop_data_batch
[make_crop_data_batch()] make tf_to_crops done
[make_crop_data_batch()] render done
[make_crop_data_batch()] warp done
[make_crop_data_batch()] pose batch data done
[predict()] forward start
[predict()] forward done
[track_one()] pose done
[619/1005] 000618.png
[track_one()] Welcome
[track_one()] depth processing done
[predict()] ob_in_cams:(1, 4, 4)
[predict()] self.cfg.use_normal:False
[predict()] trans_normalizer:[0.019999999552965164, 0.019999999552965164, 0.05000000074505806], rot_normalizer:0.3490658503988659
[predict()] making cropped data
[make_crop_data_batch()] Welcome make_crop_data_batch
[make_crop_data_batch()] make tf_to_crops done
[make_crop_data_batch()] render done
[make_crop_data_batch()] warp done
[make_crop_data_batch()] pose batch data done
[predict()] forward start
[predict()] forward done
[predict()] making cropped data
[make_crop_data_batch()] Welcome make_crop_data_batch
[make_crop_data_batch()] make tf_to_crops done
[make_crop_data_batch()] render done
[make_crop_data_batch()] warp done
[make_crop_data_batch()] pose batch data done
[predict()] forward start
[predict()] forward done
[track_one()] pose done
[620/1005] 000619.png
[track_one()] Welcome
[track_one()] depth processing done
[predict()] ob_in_cams:(1, 4, 4)
[predict()] self.cfg.use_normal:False
[predict()] trans_normalizer:[0.019999999552965164, 0.019999999552965164, 0.05000000074505806], rot_normalizer:0.3490658503988659
[predict()] making cropped data
[make_crop_data_batch()] Welcome make_crop_data_batch
[make_crop_data_batch()] make tf_to_crops done
[make_crop_data_batch()] render done
[make_crop_data_batch()] warp done
[make_crop_data_batch()] pose batch data done
[predict()] forward start
[predict()] forward done
[predict()] making cropped data
[make_crop_data_batch()] Welcome make_crop_data_batch
[make_crop_data_batch()] make tf_to_crops done
[make_crop_data_batch()] render done
[make_crop_data_batch()] warp done
[make_crop_data_batch()] pose batch data done
[predict()] forward start
[predict()] forward done
[track_one()] pose done
[621/1005] 000620.png
[track_one()] Welcome
[track_one()] depth processing done
[predict()] ob_in_cams:(1, 4, 4)
[predict()] self.cfg.use_normal:False
[predict()] trans_normalizer:[0.019999999552965164, 0.019999999552965164, 0.05000000074505806], rot_normalizer:0.3490658503988659
[predict()] making cropped data
[make_crop_data_batch()] Welcome make_crop_data_batch
[make_crop_data_batch()] make tf_to_crops done
[make_crop_data_batch()] render done
[make_crop_data_batch()] warp done
[make_crop_data_batch()] pose batch data done
[predict()] forward start
[predict()] forward done
[predict()] making cropped data
[make_crop_data_batch()] Welcome make_crop_data_batch
[make_crop_data_batch()] make tf_to_crops done
[make_crop_data_batch()] render done
[make_crop_data_batch()] warp done
[make_crop_data_batch()] pose batch data done
[predict()] forward start
[predict()] forward done
[track_one()] pose done
[622/1005] 000621.png
[track_one()] Welcome
[track_one()] depth processing done
[predict()] ob_in_cams:(1, 4, 4)
[predict()] self.cfg.use_normal:False
[predict()] trans_normalizer:[0.019999999552965164, 0.019999999552965164, 0.05000000074505806], rot_normalizer:0.3490658503988659
[predict()] making cropped data
[make_crop_data_batch()] Welcome make_crop_data_batch
[make_crop_data_batch()] make tf_to_crops done
[make_crop_data_batch()] render done
[make_crop_data_batch()] warp done
[make_crop_data_batch()] pose batch data done
[predict()] forward start
[predict()] forward done
[predict()] making cropped data
[make_crop_data_batch()] Welcome make_crop_data_batch
[make_crop_data_batch()] make tf_to_crops done
[make_crop_data_batch()] render done
[make_crop_data_batch()] warp done
[make_crop_data_batch()] pose batch data done
[predict()] forward start
[predict()] forward done
[track_one()] pose done
[623/1005] 000622.png
[track_one()] Welcome
[track_one()] depth processing done
[predict()] ob_in_cams:(1, 4, 4)
[predict()] self.cfg.use_normal:False
[predict()] trans_normalizer:[0.019999999552965164, 0.019999999552965164, 0.05000000074505806], rot_normalizer:0.3490658503988659
[predict()] making cropped data
[make_crop_data_batch()] Welcome make_crop_data_batch
[make_crop_data_batch()] make tf_to_crops done
[make_crop_data_batch()] render done
[make_crop_data_batch()] warp done
[make_crop_data_batch()] pose batch data done
[predict()] forward start
[predict()] forward done
[predict()] making cropped data
[make_crop_data_batch()] Welcome make_crop_data_batch
[make_crop_data_batch()] make tf_to_crops done
[make_crop_data_batch()] render done
[make_crop_data_batch()] warp done
[make_crop_data_batch()] pose batch data done
[predict()] forward start
[predict()] forward done
[track_one()] pose done
[624/1005] 000623.png
[track_one()] Welcome
[track_one()] depth processing done
[predict()] ob_in_cams:(1, 4, 4)
[predict()] self.cfg.use_normal:False
[predict()] trans_normalizer:[0.019999999552965164, 0.019999999552965164, 0.05000000074505806], rot_normalizer:0.3490658503988659
[predict()] making cropped data
[make_crop_data_batch()] Welcome make_crop_data_batch
[make_crop_data_batch()] make tf_to_crops done
[make_crop_data_batch()] render done
[make_crop_data_batch()] warp done
[make_crop_data_batch()] pose batch data done
[predict()] forward start
[predict()] forward done
[predict()] making cropped data
[make_crop_data_batch()] Welcome make_crop_data_batch
[make_crop_data_batch()] make tf_to_crops done
[make_crop_data_batch()] render done
[make_crop_data_batch()] warp done
[make_crop_data_batch()] pose batch data done
[predict()] forward start
[predict()] forward done
[track_one()] pose done
[625/1005] 000624.png
[track_one()] Welcome
[track_one()] depth processing done
[predict()] ob_in_cams:(1, 4, 4)
[predict()] self.cfg.use_normal:False
[predict()] trans_normalizer:[0.019999999552965164, 0.019999999552965164, 0.05000000074505806], rot_normalizer:0.3490658503988659
[predict()] making cropped data
[make_crop_data_batch()] Welcome make_crop_data_batch
[make_crop_data_batch()] make tf_to_crops done
[make_crop_data_batch()] render done
[make_crop_data_batch()] warp done
[make_crop_data_batch()] pose batch data done
[predict()] forward start
[predict()] forward done
[predict()] making cropped data
[make_crop_data_batch()] Welcome make_crop_data_batch
[make_crop_data_batch()] make tf_to_crops done
[make_crop_data_batch()] render done
[make_crop_data_batch()] warp done
[make_crop_data_batch()] pose batch data done
[predict()] forward start
[predict()] forward done
[track_one()] pose done
[626/1005] 000625.png
[track_one()] Welcome
[track_one()] depth processing done
[predict()] ob_in_cams:(1, 4, 4)
[predict()] self.cfg.use_normal:False
[predict()] trans_normalizer:[0.019999999552965164, 0.019999999552965164, 0.05000000074505806], rot_normalizer:0.3490658503988659
[predict()] making cropped data
[make_crop_data_batch()] Welcome make_crop_data_batch
[make_crop_data_batch()] make tf_to_crops done
[make_crop_data_batch()] render done
[make_crop_data_batch()] warp done
[make_crop_data_batch()] pose batch data done
[predict()] forward start
[predict()] forward done
[predict()] making cropped data
[make_crop_data_batch()] Welcome make_crop_data_batch
[make_crop_data_batch()] make tf_to_crops done
[make_crop_data_batch()] render done
[make_crop_data_batch()] warp done
[make_crop_data_batch()] pose batch data done
[predict()] forward start
[predict()] forward done
[track_one()] pose done
[627/1005] 000626.png
[track_one()] Welcome
[track_one()] depth processing done
[predict()] ob_in_cams:(1, 4, 4)
[predict()] self.cfg.use_normal:False
[predict()] trans_normalizer:[0.019999999552965164, 0.019999999552965164, 0.05000000074505806], rot_normalizer:0.3490658503988659
[predict()] making cropped data
[make_crop_data_batch()] Welcome make_crop_data_batch
[make_crop_data_batch()] make tf_to_crops done
[make_crop_data_batch()] render done
[make_crop_data_batch()] warp done
[make_crop_data_batch()] pose batch data done
[predict()] forward start
[predict()] forward done
[predict()] making cropped data
[make_crop_data_batch()] Welcome make_crop_data_batch
[make_crop_data_batch()] make tf_to_crops done
[make_crop_data_batch()] render done
[make_crop_data_batch()] warp done
[make_crop_data_batch()] pose batch data done
[predict()] forward start
[predict()] forward done
[track_one()] pose done
[628/1005] 000627.png
[track_one()] Welcome
[track_one()] depth processing done
[predict()] ob_in_cams:(1, 4, 4)
[predict()] self.cfg.use_normal:False
[predict()] trans_normalizer:[0.019999999552965164, 0.019999999552965164, 0.05000000074505806], rot_normalizer:0.3490658503988659
[predict()] making cropped data
[make_crop_data_batch()] Welcome make_crop_data_batch
[make_crop_data_batch()] make tf_to_crops done
[make_crop_data_batch()] render done
[make_crop_data_batch()] warp done
[make_crop_data_batch()] pose batch data done
[predict()] forward start
[predict()] forward done
[predict()] making cropped data
[make_crop_data_batch()] Welcome make_crop_data_batch
[make_crop_data_batch()] make tf_to_crops done
[make_crop_data_batch()] render done
[make_crop_data_batch()] warp done
[make_crop_data_batch()] pose batch data done
[predict()] forward start
[predict()] forward done
[track_one()] pose done
[629/1005] 000628.png
[track_one()] Welcome
[track_one()] depth processing done
[predict()] ob_in_cams:(1, 4, 4)
[predict()] self.cfg.use_normal:False
[predict()] trans_normalizer:[0.019999999552965164, 0.019999999552965164, 0.05000000074505806], rot_normalizer:0.3490658503988659
[predict()] making cropped data
[make_crop_data_batch()] Welcome make_crop_data_batch
[make_crop_data_batch()] make tf_to_crops done
[make_crop_data_batch()] render done
[make_crop_data_batch()] warp done
[make_crop_data_batch()] pose batch data done
[predict()] forward start
[predict()] forward done
[predict()] making cropped data
[make_crop_data_batch()] Welcome make_crop_data_batch
[make_crop_data_batch()] make tf_to_crops done
[make_crop_data_batch()] render done
[make_crop_data_batch()] warp done
[make_crop_data_batch()] pose batch data done
[predict()] forward start
[predict()] forward done
[track_one()] pose done
[630/1005] 000629.png
[track_one()] Welcome
[track_one()] depth processing done
[predict()] ob_in_cams:(1, 4, 4)
[predict()] self.cfg.use_normal:False
[predict()] trans_normalizer:[0.019999999552965164, 0.019999999552965164, 0.05000000074505806], rot_normalizer:0.3490658503988659
[predict()] making cropped data
[make_crop_data_batch()] Welcome make_crop_data_batch
[make_crop_data_batch()] make tf_to_crops done
[make_crop_data_batch()] render done
[make_crop_data_batch()] warp done
[make_crop_data_batch()] pose batch data done
[predict()] forward start
[predict()] forward done
[predict()] making cropped data
[make_crop_data_batch()] Welcome make_crop_data_batch
[make_crop_data_batch()] make tf_to_crops done
[make_crop_data_batch()] render done
[make_crop_data_batch()] warp done
[make_crop_data_batch()] pose batch data done
[predict()] forward start
[predict()] forward done
[track_one()] pose done
[631/1005] 000630.png
[track_one()] Welcome
[track_one()] depth processing done
[predict()] ob_in_cams:(1, 4, 4)
[predict()] self.cfg.use_normal:False
[predict()] trans_normalizer:[0.019999999552965164, 0.019999999552965164, 0.05000000074505806], rot_normalizer:0.3490658503988659
[predict()] making cropped data
[make_crop_data_batch()] Welcome make_crop_data_batch
[make_crop_data_batch()] make tf_to_crops done
[make_crop_data_batch()] render done
[make_crop_data_batch()] warp done
[make_crop_data_batch()] pose batch data done
[predict()] forward start
[predict()] forward done
[predict()] making cropped data
[make_crop_data_batch()] Welcome make_crop_data_batch
[make_crop_data_batch()] make tf_to_crops done
[make_crop_data_batch()] render done
[make_crop_data_batch()] warp done
[make_crop_data_batch()] pose batch data done
[predict()] forward start
[predict()] forward done
[track_one()] pose done
[632/1005] 000631.png
[track_one()] Welcome
[track_one()] depth processing done
[predict()] ob_in_cams:(1, 4, 4)
[predict()] self.cfg.use_normal:False
[predict()] trans_normalizer:[0.019999999552965164, 0.019999999552965164, 0.05000000074505806], rot_normalizer:0.3490658503988659
[predict()] making cropped data
[make_crop_data_batch()] Welcome make_crop_data_batch
[make_crop_data_batch()] make tf_to_crops done
[make_crop_data_batch()] render done
[make_crop_data_batch()] warp done
[make_crop_data_batch()] pose batch data done
[predict()] forward start
[predict()] forward done
[predict()] making cropped data
[make_crop_data_batch()] Welcome make_crop_data_batch
[make_crop_data_batch()] make tf_to_crops done
[make_crop_data_batch()] render done
[make_crop_data_batch()] warp done
[make_crop_data_batch()] pose batch data done
[predict()] forward start
[predict()] forward done
[track_one()] pose done
[633/1005] 000632.png
[track_one()] Welcome
[track_one()] depth processing done
[predict()] ob_in_cams:(1, 4, 4)
[predict()] self.cfg.use_normal:False
[predict()] trans_normalizer:[0.019999999552965164, 0.019999999552965164, 0.05000000074505806], rot_normalizer:0.3490658503988659
[predict()] making cropped data
[make_crop_data_batch()] Welcome make_crop_data_batch
[make_crop_data_batch()] make tf_to_crops done
[make_crop_data_batch()] render done
[make_crop_data_batch()] warp done
[make_crop_data_batch()] pose batch data done
[predict()] forward start
[predict()] forward done
[predict()] making cropped data
[make_crop_data_batch()] Welcome make_crop_data_batch
[make_crop_data_batch()] make tf_to_crops done
[make_crop_data_batch()] render done
[make_crop_data_batch()] warp done
[make_crop_data_batch()] pose batch data done
[predict()] forward start
[predict()] forward done
[track_one()] pose done
[634/1005] 000633.png
[track_one()] Welcome
[track_one()] depth processing done
[predict()] ob_in_cams:(1, 4, 4)
[predict()] self.cfg.use_normal:False
[predict()] trans_normalizer:[0.019999999552965164, 0.019999999552965164, 0.05000000074505806], rot_normalizer:0.3490658503988659
[predict()] making cropped data
[make_crop_data_batch()] Welcome make_crop_data_batch
[make_crop_data_batch()] make tf_to_crops done
[make_crop_data_batch()] render done
[make_crop_data_batch()] warp done
[make_crop_data_batch()] pose batch data done
[predict()] forward start
[predict()] forward done
[predict()] making cropped data
[make_crop_data_batch()] Welcome make_crop_data_batch
[make_crop_data_batch()] make tf_to_crops done
[make_crop_data_batch()] render done
[make_crop_data_batch()] warp done
[make_crop_data_batch()] pose batch data done
[predict()] forward start
[predict()] forward done
[track_one()] pose done
[635/1005] 000634.png
[track_one()] Welcome
[track_one()] depth processing done
[predict()] ob_in_cams:(1, 4, 4)
[predict()] self.cfg.use_normal:False
[predict()] trans_normalizer:[0.019999999552965164, 0.019999999552965164, 0.05000000074505806], rot_normalizer:0.3490658503988659
[predict()] making cropped data
[make_crop_data_batch()] Welcome make_crop_data_batch
[make_crop_data_batch()] make tf_to_crops done
[make_crop_data_batch()] render done
[make_crop_data_batch()] warp done
[make_crop_data_batch()] pose batch data done
[predict()] forward start
[predict()] forward done
[predict()] making cropped data
[make_crop_data_batch()] Welcome make_crop_data_batch
[make_crop_data_batch()] make tf_to_crops done
[make_crop_data_batch()] render done
[make_crop_data_batch()] warp done
[make_crop_data_batch()] pose batch data done
[predict()] forward start
[predict()] forward done
[track_one()] pose done
[636/1005] 000635.png
[track_one()] Welcome
[track_one()] depth processing done
[predict()] ob_in_cams:(1, 4, 4)
[predict()] self.cfg.use_normal:False
[predict()] trans_normalizer:[0.019999999552965164, 0.019999999552965164, 0.05000000074505806], rot_normalizer:0.3490658503988659
[predict()] making cropped data
[make_crop_data_batch()] Welcome make_crop_data_batch
[make_crop_data_batch()] make tf_to_crops done
[make_crop_data_batch()] render done
[make_crop_data_batch()] warp done
[make_crop_data_batch()] pose batch data done
[predict()] forward start
[predict()] forward done
[predict()] making cropped data
[make_crop_data_batch()] Welcome make_crop_data_batch
[make_crop_data_batch()] make tf_to_crops done
[make_crop_data_batch()] render done
[make_crop_data_batch()] warp done
[make_crop_data_batch()] pose batch data done
[predict()] forward start
[predict()] forward done
[track_one()] pose done
[637/1005] 000636.png
[track_one()] Welcome
[track_one()] depth processing done
[predict()] ob_in_cams:(1, 4, 4)
[predict()] self.cfg.use_normal:False
[predict()] trans_normalizer:[0.019999999552965164, 0.019999999552965164, 0.05000000074505806], rot_normalizer:0.3490658503988659
[predict()] making cropped data
[make_crop_data_batch()] Welcome make_crop_data_batch
[make_crop_data_batch()] make tf_to_crops done
[make_crop_data_batch()] render done
[make_crop_data_batch()] warp done
[make_crop_data_batch()] pose batch data done
[predict()] forward start
[predict()] forward done
[predict()] making cropped data
[make_crop_data_batch()] Welcome make_crop_data_batch
[make_crop_data_batch()] make tf_to_crops done
[make_crop_data_batch()] render done
[make_crop_data_batch()] warp done
[make_crop_data_batch()] pose batch data done
[predict()] forward start
[predict()] forward done
[track_one()] pose done
[638/1005] 000637.png
[track_one()] Welcome
[track_one()] depth processing done
[predict()] ob_in_cams:(1, 4, 4)
[predict()] self.cfg.use_normal:False
[predict()] trans_normalizer:[0.019999999552965164, 0.019999999552965164, 0.05000000074505806], rot_normalizer:0.3490658503988659
[predict()] making cropped data
[make_crop_data_batch()] Welcome make_crop_data_batch
[make_crop_data_batch()] make tf_to_crops done
[make_crop_data_batch()] render done
[make_crop_data_batch()] warp done
[make_crop_data_batch()] pose batch data done
[predict()] forward start
[predict()] forward done
[predict()] making cropped data
[make_crop_data_batch()] Welcome make_crop_data_batch
[make_crop_data_batch()] make tf_to_crops done
[make_crop_data_batch()] render done
[make_crop_data_batch()] warp done
[make_crop_data_batch()] pose batch data done
[predict()] forward start
[predict()] forward done
[track_one()] pose done
[639/1005] 000638.png
[track_one()] Welcome
[track_one()] depth processing done
[predict()] ob_in_cams:(1, 4, 4)
[predict()] self.cfg.use_normal:False
[predict()] trans_normalizer:[0.019999999552965164, 0.019999999552965164, 0.05000000074505806], rot_normalizer:0.3490658503988659
[predict()] making cropped data
[make_crop_data_batch()] Welcome make_crop_data_batch
[make_crop_data_batch()] make tf_to_crops done
[make_crop_data_batch()] render done
[make_crop_data_batch()] warp done
[make_crop_data_batch()] pose batch data done
[predict()] forward start
[predict()] forward done
[predict()] making cropped data
[make_crop_data_batch()] Welcome make_crop_data_batch
[make_crop_data_batch()] make tf_to_crops done
[make_crop_data_batch()] render done
[make_crop_data_batch()] warp done
[make_crop_data_batch()] pose batch data done
[predict()] forward start
[predict()] forward done
[track_one()] pose done
[640/1005] 000639.png
[track_one()] Welcome
[track_one()] depth processing done
[predict()] ob_in_cams:(1, 4, 4)
[predict()] self.cfg.use_normal:False
[predict()] trans_normalizer:[0.019999999552965164, 0.019999999552965164, 0.05000000074505806], rot_normalizer:0.3490658503988659
[predict()] making cropped data
[make_crop_data_batch()] Welcome make_crop_data_batch
[make_crop_data_batch()] make tf_to_crops done
[make_crop_data_batch()] render done
[make_crop_data_batch()] warp done
[make_crop_data_batch()] pose batch data done
[predict()] forward start
[predict()] forward done
[predict()] making cropped data
[make_crop_data_batch()] Welcome make_crop_data_batch
[make_crop_data_batch()] make tf_to_crops done
[make_crop_data_batch()] render done
[make_crop_data_batch()] warp done
[make_crop_data_batch()] pose batch data done
[predict()] forward start
[predict()] forward done
[track_one()] pose done
[641/1005] 000640.png
[track_one()] Welcome
[track_one()] depth processing done
[predict()] ob_in_cams:(1, 4, 4)
[predict()] self.cfg.use_normal:False
[predict()] trans_normalizer:[0.019999999552965164, 0.019999999552965164, 0.05000000074505806], rot_normalizer:0.3490658503988659
[predict()] making cropped data
[make_crop_data_batch()] Welcome make_crop_data_batch
[make_crop_data_batch()] make tf_to_crops done
[make_crop_data_batch()] render done
[make_crop_data_batch()] warp done
[make_crop_data_batch()] pose batch data done
[predict()] forward start
[predict()] forward done
[predict()] making cropped data
[make_crop_data_batch()] Welcome make_crop_data_batch
[make_crop_data_batch()] make tf_to_crops done
[make_crop_data_batch()] render done
[make_crop_data_batch()] warp done
[make_crop_data_batch()] pose batch data done
[predict()] forward start
[predict()] forward done
[track_one()] pose done
[642/1005] 000641.png
[track_one()] Welcome
[track_one()] depth processing done
[predict()] ob_in_cams:(1, 4, 4)
[predict()] self.cfg.use_normal:False
[predict()] trans_normalizer:[0.019999999552965164, 0.019999999552965164, 0.05000000074505806], rot_normalizer:0.3490658503988659
[predict()] making cropped data
[make_crop_data_batch()] Welcome make_crop_data_batch
[make_crop_data_batch()] make tf_to_crops done
[make_crop_data_batch()] render done
[make_crop_data_batch()] warp done
[make_crop_data_batch()] pose batch data done
[predict()] forward start
[predict()] forward done
[predict()] making cropped data
[make_crop_data_batch()] Welcome make_crop_data_batch
[make_crop_data_batch()] make tf_to_crops done
[make_crop_data_batch()] render done
[make_crop_data_batch()] warp done
[make_crop_data_batch()] pose batch data done
[predict()] forward start
[predict()] forward done
[track_one()] pose done
[643/1005] 000642.png
[track_one()] Welcome
[track_one()] depth processing done
[predict()] ob_in_cams:(1, 4, 4)
[predict()] self.cfg.use_normal:False
[predict()] trans_normalizer:[0.019999999552965164, 0.019999999552965164, 0.05000000074505806], rot_normalizer:0.3490658503988659
[predict()] making cropped data
[make_crop_data_batch()] Welcome make_crop_data_batch
[make_crop_data_batch()] make tf_to_crops done
[make_crop_data_batch()] render done
[make_crop_data_batch()] warp done
[make_crop_data_batch()] pose batch data done
[predict()] forward start
[predict()] forward done
[predict()] making cropped data
[make_crop_data_batch()] Welcome make_crop_data_batch
[make_crop_data_batch()] make tf_to_crops done
[make_crop_data_batch()] render done
[make_crop_data_batch()] warp done
[make_crop_data_batch()] pose batch data done
[predict()] forward start
[predict()] forward done
[track_one()] pose done
[644/1005] 000643.png
[track_one()] Welcome
[track_one()] depth processing done
[predict()] ob_in_cams:(1, 4, 4)
[predict()] self.cfg.use_normal:False
[predict()] trans_normalizer:[0.019999999552965164, 0.019999999552965164, 0.05000000074505806], rot_normalizer:0.3490658503988659
[predict()] making cropped data
[make_crop_data_batch()] Welcome make_crop_data_batch
[make_crop_data_batch()] make tf_to_crops done
[make_crop_data_batch()] render done
[make_crop_data_batch()] warp done
[make_crop_data_batch()] pose batch data done
[predict()] forward start
[predict()] forward done
[predict()] making cropped data
[make_crop_data_batch()] Welcome make_crop_data_batch
[make_crop_data_batch()] make tf_to_crops done
[make_crop_data_batch()] render done
[make_crop_data_batch()] warp done
[make_crop_data_batch()] pose batch data done
[predict()] forward start
[predict()] forward done
[track_one()] pose done
[645/1005] 000644.png
[track_one()] Welcome
[track_one()] depth processing done
[predict()] ob_in_cams:(1, 4, 4)
[predict()] self.cfg.use_normal:False
[predict()] trans_normalizer:[0.019999999552965164, 0.019999999552965164, 0.05000000074505806], rot_normalizer:0.3490658503988659
[predict()] making cropped data
[make_crop_data_batch()] Welcome make_crop_data_batch
[make_crop_data_batch()] make tf_to_crops done
[make_crop_data_batch()] render done
[make_crop_data_batch()] warp done
[make_crop_data_batch()] pose batch data done
[predict()] forward start
[predict()] forward done
[predict()] making cropped data
[make_crop_data_batch()] Welcome make_crop_data_batch
[make_crop_data_batch()] make tf_to_crops done
[make_crop_data_batch()] render done
[make_crop_data_batch()] warp done
[make_crop_data_batch()] pose batch data done
[predict()] forward start
[predict()] forward done
[track_one()] pose done
[646/1005] 000645.png
[track_one()] Welcome
[track_one()] depth processing done
[predict()] ob_in_cams:(1, 4, 4)
[predict()] self.cfg.use_normal:False
[predict()] trans_normalizer:[0.019999999552965164, 0.019999999552965164, 0.05000000074505806], rot_normalizer:0.3490658503988659
[predict()] making cropped data
[make_crop_data_batch()] Welcome make_crop_data_batch
[make_crop_data_batch()] make tf_to_crops done
[make_crop_data_batch()] render done
[make_crop_data_batch()] warp done
[make_crop_data_batch()] pose batch data done
[predict()] forward start
[predict()] forward done
[predict()] making cropped data
[make_crop_data_batch()] Welcome make_crop_data_batch
[make_crop_data_batch()] make tf_to_crops done
[make_crop_data_batch()] render done
[make_crop_data_batch()] warp done
[make_crop_data_batch()] pose batch data done
[predict()] forward start
[predict()] forward done
[track_one()] pose done
[647/1005] 000646.png
[track_one()] Welcome
[track_one()] depth processing done
[predict()] ob_in_cams:(1, 4, 4)
[predict()] self.cfg.use_normal:False
[predict()] trans_normalizer:[0.019999999552965164, 0.019999999552965164, 0.05000000074505806], rot_normalizer:0.3490658503988659
[predict()] making cropped data
[make_crop_data_batch()] Welcome make_crop_data_batch
[make_crop_data_batch()] make tf_to_crops done
[make_crop_data_batch()] render done
[make_crop_data_batch()] warp done
[make_crop_data_batch()] pose batch data done
[predict()] forward start
[predict()] forward done
[predict()] making cropped data
[make_crop_data_batch()] Welcome make_crop_data_batch
[make_crop_data_batch()] make tf_to_crops done
[make_crop_data_batch()] render done
[make_crop_data_batch()] warp done
[make_crop_data_batch()] pose batch data done
[predict()] forward start
[predict()] forward done
[track_one()] pose done
[648/1005] 000647.png
[track_one()] Welcome
[track_one()] depth processing done
[predict()] ob_in_cams:(1, 4, 4)
[predict()] self.cfg.use_normal:False
[predict()] trans_normalizer:[0.019999999552965164, 0.019999999552965164, 0.05000000074505806], rot_normalizer:0.3490658503988659
[predict()] making cropped data
[make_crop_data_batch()] Welcome make_crop_data_batch
[make_crop_data_batch()] make tf_to_crops done
[make_crop_data_batch()] render done
[make_crop_data_batch()] warp done
[make_crop_data_batch()] pose batch data done
[predict()] forward start
[predict()] forward done
[predict()] making cropped data
[make_crop_data_batch()] Welcome make_crop_data_batch
[make_crop_data_batch()] make tf_to_crops done
[make_crop_data_batch()] render done
[make_crop_data_batch()] warp done
[make_crop_data_batch()] pose batch data done
[predict()] forward start
[predict()] forward done
[track_one()] pose done
[649/1005] 000648.png
[track_one()] Welcome
[track_one()] depth processing done
[predict()] ob_in_cams:(1, 4, 4)
[predict()] self.cfg.use_normal:False
[predict()] trans_normalizer:[0.019999999552965164, 0.019999999552965164, 0.05000000074505806], rot_normalizer:0.3490658503988659
[predict()] making cropped data
[make_crop_data_batch()] Welcome make_crop_data_batch
[make_crop_data_batch()] make tf_to_crops done
[make_crop_data_batch()] render done
[make_crop_data_batch()] warp done
[make_crop_data_batch()] pose batch data done
[predict()] forward start
[predict()] forward done
[predict()] making cropped data
[make_crop_data_batch()] Welcome make_crop_data_batch
[make_crop_data_batch()] make tf_to_crops done
[make_crop_data_batch()] render done
[make_crop_data_batch()] warp done
[make_crop_data_batch()] pose batch data done
[predict()] forward start
[predict()] forward done
[track_one()] pose done
[650/1005] 000649.png
[track_one()] Welcome
[track_one()] depth processing done
[predict()] ob_in_cams:(1, 4, 4)
[predict()] self.cfg.use_normal:False
[predict()] trans_normalizer:[0.019999999552965164, 0.019999999552965164, 0.05000000074505806], rot_normalizer:0.3490658503988659
[predict()] making cropped data
[make_crop_data_batch()] Welcome make_crop_data_batch
[make_crop_data_batch()] make tf_to_crops done
[make_crop_data_batch()] render done
[make_crop_data_batch()] warp done
[make_crop_data_batch()] pose batch data done
[predict()] forward start
[predict()] forward done
[predict()] making cropped data
[make_crop_data_batch()] Welcome make_crop_data_batch
[make_crop_data_batch()] make tf_to_crops done
[make_crop_data_batch()] render done
[make_crop_data_batch()] warp done
[make_crop_data_batch()] pose batch data done
[predict()] forward start
[predict()] forward done
[track_one()] pose done
[651/1005] 000650.png
[track_one()] Welcome
[track_one()] depth processing done
[predict()] ob_in_cams:(1, 4, 4)
[predict()] self.cfg.use_normal:False
[predict()] trans_normalizer:[0.019999999552965164, 0.019999999552965164, 0.05000000074505806], rot_normalizer:0.3490658503988659
[predict()] making cropped data
[make_crop_data_batch()] Welcome make_crop_data_batch
[make_crop_data_batch()] make tf_to_crops done
[make_crop_data_batch()] render done
[make_crop_data_batch()] warp done
[make_crop_data_batch()] pose batch data done
[predict()] forward start
[predict()] forward done
[predict()] making cropped data
[make_crop_data_batch()] Welcome make_crop_data_batch
[make_crop_data_batch()] make tf_to_crops done
[make_crop_data_batch()] render done
[make_crop_data_batch()] warp done
[make_crop_data_batch()] pose batch data done
[predict()] forward start
[predict()] forward done
[track_one()] pose done
[652/1005] 000651.png
[track_one()] Welcome
[track_one()] depth processing done
[predict()] ob_in_cams:(1, 4, 4)
[predict()] self.cfg.use_normal:False
[predict()] trans_normalizer:[0.019999999552965164, 0.019999999552965164, 0.05000000074505806], rot_normalizer:0.3490658503988659
[predict()] making cropped data
[make_crop_data_batch()] Welcome make_crop_data_batch
[make_crop_data_batch()] make tf_to_crops done
[make_crop_data_batch()] render done
[make_crop_data_batch()] warp done
[make_crop_data_batch()] pose batch data done
[predict()] forward start
[predict()] forward done
[predict()] making cropped data
[make_crop_data_batch()] Welcome make_crop_data_batch
[make_crop_data_batch()] make tf_to_crops done
[make_crop_data_batch()] render done
[make_crop_data_batch()] warp done
[make_crop_data_batch()] pose batch data done
[predict()] forward start
[predict()] forward done
[track_one()] pose done
[653/1005] 000652.png
[track_one()] Welcome
[track_one()] depth processing done
[predict()] ob_in_cams:(1, 4, 4)
[predict()] self.cfg.use_normal:False
[predict()] trans_normalizer:[0.019999999552965164, 0.019999999552965164, 0.05000000074505806], rot_normalizer:0.3490658503988659
[predict()] making cropped data
[make_crop_data_batch()] Welcome make_crop_data_batch
[make_crop_data_batch()] make tf_to_crops done
[make_crop_data_batch()] render done
[make_crop_data_batch()] warp done
[make_crop_data_batch()] pose batch data done
[predict()] forward start
[predict()] forward done
[predict()] making cropped data
[make_crop_data_batch()] Welcome make_crop_data_batch
[make_crop_data_batch()] make tf_to_crops done
[make_crop_data_batch()] render done
[make_crop_data_batch()] warp done
[make_crop_data_batch()] pose batch data done
[predict()] forward start
[predict()] forward done
[track_one()] pose done
[654/1005] 000653.png
[track_one()] Welcome
[track_one()] depth processing done
[predict()] ob_in_cams:(1, 4, 4)
[predict()] self.cfg.use_normal:False
[predict()] trans_normalizer:[0.019999999552965164, 0.019999999552965164, 0.05000000074505806], rot_normalizer:0.3490658503988659
[predict()] making cropped data
[make_crop_data_batch()] Welcome make_crop_data_batch
[make_crop_data_batch()] make tf_to_crops done
[make_crop_data_batch()] render done
[make_crop_data_batch()] warp done
[make_crop_data_batch()] pose batch data done
[predict()] forward start
[predict()] forward done
[predict()] making cropped data
[make_crop_data_batch()] Welcome make_crop_data_batch
[make_crop_data_batch()] make tf_to_crops done
[make_crop_data_batch()] render done
[make_crop_data_batch()] warp done
[make_crop_data_batch()] pose batch data done
[predict()] forward start
[predict()] forward done
[track_one()] pose done
[655/1005] 000654.png
[track_one()] Welcome
[track_one()] depth processing done
[predict()] ob_in_cams:(1, 4, 4)
[predict()] self.cfg.use_normal:False
[predict()] trans_normalizer:[0.019999999552965164, 0.019999999552965164, 0.05000000074505806], rot_normalizer:0.3490658503988659
[predict()] making cropped data
[make_crop_data_batch()] Welcome make_crop_data_batch
[make_crop_data_batch()] make tf_to_crops done
[make_crop_data_batch()] render done
[make_crop_data_batch()] warp done
[make_crop_data_batch()] pose batch data done
[predict()] forward start
[predict()] forward done
[predict()] making cropped data
[make_crop_data_batch()] Welcome make_crop_data_batch
[make_crop_data_batch()] make tf_to_crops done
[make_crop_data_batch()] render done
[make_crop_data_batch()] warp done
[make_crop_data_batch()] pose batch data done
[predict()] forward start
[predict()] forward done
[track_one()] pose done
[656/1005] 000655.png
[track_one()] Welcome
[track_one()] depth processing done
[predict()] ob_in_cams:(1, 4, 4)
[predict()] self.cfg.use_normal:False
[predict()] trans_normalizer:[0.019999999552965164, 0.019999999552965164, 0.05000000074505806], rot_normalizer:0.3490658503988659
[predict()] making cropped data
[make_crop_data_batch()] Welcome make_crop_data_batch
[make_crop_data_batch()] make tf_to_crops done
[make_crop_data_batch()] render done
[make_crop_data_batch()] warp done
[make_crop_data_batch()] pose batch data done
[predict()] forward start
[predict()] forward done
[predict()] making cropped data
[make_crop_data_batch()] Welcome make_crop_data_batch
[make_crop_data_batch()] make tf_to_crops done
[make_crop_data_batch()] render done
[make_crop_data_batch()] warp done
[make_crop_data_batch()] pose batch data done
[predict()] forward start
[predict()] forward done
[track_one()] pose done
[657/1005] 000656.png
[track_one()] Welcome
[track_one()] depth processing done
[predict()] ob_in_cams:(1, 4, 4)
[predict()] self.cfg.use_normal:False
[predict()] trans_normalizer:[0.019999999552965164, 0.019999999552965164, 0.05000000074505806], rot_normalizer:0.3490658503988659
[predict()] making cropped data
[make_crop_data_batch()] Welcome make_crop_data_batch
[make_crop_data_batch()] make tf_to_crops done
[make_crop_data_batch()] render done
[make_crop_data_batch()] warp done
[make_crop_data_batch()] pose batch data done
[predict()] forward start
[predict()] forward done
[predict()] making cropped data
[make_crop_data_batch()] Welcome make_crop_data_batch
[make_crop_data_batch()] make tf_to_crops done
[make_crop_data_batch()] render done
[make_crop_data_batch()] warp done
[make_crop_data_batch()] pose batch data done
[predict()] forward start
[predict()] forward done
[track_one()] pose done
[658/1005] 000657.png
[track_one()] Welcome
[track_one()] depth processing done
[predict()] ob_in_cams:(1, 4, 4)
[predict()] self.cfg.use_normal:False
[predict()] trans_normalizer:[0.019999999552965164, 0.019999999552965164, 0.05000000074505806], rot_normalizer:0.3490658503988659
[predict()] making cropped data
[make_crop_data_batch()] Welcome make_crop_data_batch
[make_crop_data_batch()] make tf_to_crops done
[make_crop_data_batch()] render done
[make_crop_data_batch()] warp done
[make_crop_data_batch()] pose batch data done
[predict()] forward start
[predict()] forward done
[predict()] making cropped data
[make_crop_data_batch()] Welcome make_crop_data_batch
[make_crop_data_batch()] make tf_to_crops done
[make_crop_data_batch()] render done
[make_crop_data_batch()] warp done
[make_crop_data_batch()] pose batch data done
[predict()] forward start
[predict()] forward done
[track_one()] pose done
[659/1005] 000658.png
[track_one()] Welcome
[track_one()] depth processing done
[predict()] ob_in_cams:(1, 4, 4)
[predict()] self.cfg.use_normal:False
[predict()] trans_normalizer:[0.019999999552965164, 0.019999999552965164, 0.05000000074505806], rot_normalizer:0.3490658503988659
[predict()] making cropped data
[make_crop_data_batch()] Welcome make_crop_data_batch
[make_crop_data_batch()] make tf_to_crops done
[make_crop_data_batch()] render done
[make_crop_data_batch()] warp done
[make_crop_data_batch()] pose batch data done
[predict()] forward start
[predict()] forward done
[predict()] making cropped data
[make_crop_data_batch()] Welcome make_crop_data_batch
[make_crop_data_batch()] make tf_to_crops done
[make_crop_data_batch()] render done
[make_crop_data_batch()] warp done
[make_crop_data_batch()] pose batch data done
[predict()] forward start
[predict()] forward done
[track_one()] pose done
[660/1005] 000659.png
[track_one()] Welcome
[track_one()] depth processing done
[predict()] ob_in_cams:(1, 4, 4)
[predict()] self.cfg.use_normal:False
[predict()] trans_normalizer:[0.019999999552965164, 0.019999999552965164, 0.05000000074505806], rot_normalizer:0.3490658503988659
[predict()] making cropped data
[make_crop_data_batch()] Welcome make_crop_data_batch
[make_crop_data_batch()] make tf_to_crops done
[make_crop_data_batch()] render done
[make_crop_data_batch()] warp done
[make_crop_data_batch()] pose batch data done
[predict()] forward start
[predict()] forward done
[predict()] making cropped data
[make_crop_data_batch()] Welcome make_crop_data_batch
[make_crop_data_batch()] make tf_to_crops done
[make_crop_data_batch()] render done
[make_crop_data_batch()] warp done
[make_crop_data_batch()] pose batch data done
[predict()] forward start
[predict()] forward done
[track_one()] pose done
[661/1005] 000660.png
[track_one()] Welcome
[track_one()] depth processing done
[predict()] ob_in_cams:(1, 4, 4)
[predict()] self.cfg.use_normal:False
[predict()] trans_normalizer:[0.019999999552965164, 0.019999999552965164, 0.05000000074505806], rot_normalizer:0.3490658503988659
[predict()] making cropped data
[make_crop_data_batch()] Welcome make_crop_data_batch
[make_crop_data_batch()] make tf_to_crops done
[make_crop_data_batch()] render done
[make_crop_data_batch()] warp done
[make_crop_data_batch()] pose batch data done
[predict()] forward start
[predict()] forward done
[predict()] making cropped data
[make_crop_data_batch()] Welcome make_crop_data_batch
[make_crop_data_batch()] make tf_to_crops done
[make_crop_data_batch()] render done
[make_crop_data_batch()] warp done
[make_crop_data_batch()] pose batch data done
[predict()] forward start
[predict()] forward done
[track_one()] pose done
[662/1005] 000661.png
[track_one()] Welcome
[track_one()] depth processing done
[predict()] ob_in_cams:(1, 4, 4)
[predict()] self.cfg.use_normal:False
[predict()] trans_normalizer:[0.019999999552965164, 0.019999999552965164, 0.05000000074505806], rot_normalizer:0.3490658503988659
[predict()] making cropped data
[make_crop_data_batch()] Welcome make_crop_data_batch
[make_crop_data_batch()] make tf_to_crops done
[make_crop_data_batch()] render done
[make_crop_data_batch()] warp done
[make_crop_data_batch()] pose batch data done
[predict()] forward start
[predict()] forward done
[predict()] making cropped data
[make_crop_data_batch()] Welcome make_crop_data_batch
[make_crop_data_batch()] make tf_to_crops done
[make_crop_data_batch()] render done
[make_crop_data_batch()] warp done
[make_crop_data_batch()] pose batch data done
[predict()] forward start
[predict()] forward done
[track_one()] pose done
[663/1005] 000662.png
[track_one()] Welcome
[track_one()] depth processing done
[predict()] ob_in_cams:(1, 4, 4)
[predict()] self.cfg.use_normal:False
[predict()] trans_normalizer:[0.019999999552965164, 0.019999999552965164, 0.05000000074505806], rot_normalizer:0.3490658503988659
[predict()] making cropped data
[make_crop_data_batch()] Welcome make_crop_data_batch
[make_crop_data_batch()] make tf_to_crops done
[make_crop_data_batch()] render done
[make_crop_data_batch()] warp done
[make_crop_data_batch()] pose batch data done
[predict()] forward start
[predict()] forward done
[predict()] making cropped data
[make_crop_data_batch()] Welcome make_crop_data_batch
[make_crop_data_batch()] make tf_to_crops done
[make_crop_data_batch()] render done
[make_crop_data_batch()] warp done
[make_crop_data_batch()] pose batch data done
[predict()] forward start
[predict()] forward done
[track_one()] pose done
[664/1005] 000663.png
[track_one()] Welcome
[track_one()] depth processing done
[predict()] ob_in_cams:(1, 4, 4)
[predict()] self.cfg.use_normal:False
[predict()] trans_normalizer:[0.019999999552965164, 0.019999999552965164, 0.05000000074505806], rot_normalizer:0.3490658503988659
[predict()] making cropped data
[make_crop_data_batch()] Welcome make_crop_data_batch
[make_crop_data_batch()] make tf_to_crops done
[make_crop_data_batch()] render done
[make_crop_data_batch()] warp done
[make_crop_data_batch()] pose batch data done
[predict()] forward start
[predict()] forward done
[predict()] making cropped data
[make_crop_data_batch()] Welcome make_crop_data_batch
[make_crop_data_batch()] make tf_to_crops done
[make_crop_data_batch()] render done
[make_crop_data_batch()] warp done
[make_crop_data_batch()] pose batch data done
[predict()] forward start
[predict()] forward done
[track_one()] pose done
[665/1005] 000664.png
[track_one()] Welcome
[track_one()] depth processing done
[predict()] ob_in_cams:(1, 4, 4)
[predict()] self.cfg.use_normal:False
[predict()] trans_normalizer:[0.019999999552965164, 0.019999999552965164, 0.05000000074505806], rot_normalizer:0.3490658503988659
[predict()] making cropped data
[make_crop_data_batch()] Welcome make_crop_data_batch
[make_crop_data_batch()] make tf_to_crops done
[make_crop_data_batch()] render done
[make_crop_data_batch()] warp done
[make_crop_data_batch()] pose batch data done
[predict()] forward start
[predict()] forward done
[predict()] making cropped data
[make_crop_data_batch()] Welcome make_crop_data_batch
[make_crop_data_batch()] make tf_to_crops done
[make_crop_data_batch()] render done
[make_crop_data_batch()] warp done
[make_crop_data_batch()] pose batch data done
[predict()] forward start
[predict()] forward done
[track_one()] pose done
[666/1005] 000665.png
[track_one()] Welcome
[track_one()] depth processing done
[predict()] ob_in_cams:(1, 4, 4)
[predict()] self.cfg.use_normal:False
[predict()] trans_normalizer:[0.019999999552965164, 0.019999999552965164, 0.05000000074505806], rot_normalizer:0.3490658503988659
[predict()] making cropped data
[make_crop_data_batch()] Welcome make_crop_data_batch
[make_crop_data_batch()] make tf_to_crops done
[make_crop_data_batch()] render done
[make_crop_data_batch()] warp done
[make_crop_data_batch()] pose batch data done
[predict()] forward start
[predict()] forward done
[predict()] making cropped data
[make_crop_data_batch()] Welcome make_crop_data_batch
[make_crop_data_batch()] make tf_to_crops done
[make_crop_data_batch()] render done
[make_crop_data_batch()] warp done
[make_crop_data_batch()] pose batch data done
[predict()] forward start
[predict()] forward done
[track_one()] pose done
[667/1005] 000666.png
[track_one()] Welcome
[track_one()] depth processing done
[predict()] ob_in_cams:(1, 4, 4)
[predict()] self.cfg.use_normal:False
[predict()] trans_normalizer:[0.019999999552965164, 0.019999999552965164, 0.05000000074505806], rot_normalizer:0.3490658503988659
[predict()] making cropped data
[make_crop_data_batch()] Welcome make_crop_data_batch
[make_crop_data_batch()] make tf_to_crops done
[make_crop_data_batch()] render done
[make_crop_data_batch()] warp done
[make_crop_data_batch()] pose batch data done
[predict()] forward start
[predict()] forward done
[predict()] making cropped data
[make_crop_data_batch()] Welcome make_crop_data_batch
[make_crop_data_batch()] make tf_to_crops done
[make_crop_data_batch()] render done
[make_crop_data_batch()] warp done
[make_crop_data_batch()] pose batch data done
[predict()] forward start
[predict()] forward done
[track_one()] pose done
[668/1005] 000667.png
[track_one()] Welcome
[track_one()] depth processing done
[predict()] ob_in_cams:(1, 4, 4)
[predict()] self.cfg.use_normal:False
[predict()] trans_normalizer:[0.019999999552965164, 0.019999999552965164, 0.05000000074505806], rot_normalizer:0.3490658503988659
[predict()] making cropped data
[make_crop_data_batch()] Welcome make_crop_data_batch
[make_crop_data_batch()] make tf_to_crops done
[make_crop_data_batch()] render done
[make_crop_data_batch()] warp done
[make_crop_data_batch()] pose batch data done
[predict()] forward start
[predict()] forward done
[predict()] making cropped data
[make_crop_data_batch()] Welcome make_crop_data_batch
[make_crop_data_batch()] make tf_to_crops done
[make_crop_data_batch()] render done
[make_crop_data_batch()] warp done
[make_crop_data_batch()] pose batch data done
[predict()] forward start
[predict()] forward done
[track_one()] pose done
[669/1005] 000668.png
[track_one()] Welcome
[track_one()] depth processing done
[predict()] ob_in_cams:(1, 4, 4)
[predict()] self.cfg.use_normal:False
[predict()] trans_normalizer:[0.019999999552965164, 0.019999999552965164, 0.05000000074505806], rot_normalizer:0.3490658503988659
[predict()] making cropped data
[make_crop_data_batch()] Welcome make_crop_data_batch
[make_crop_data_batch()] make tf_to_crops done
[make_crop_data_batch()] render done
[make_crop_data_batch()] warp done
[make_crop_data_batch()] pose batch data done
[predict()] forward start
[predict()] forward done
[predict()] making cropped data
[make_crop_data_batch()] Welcome make_crop_data_batch
[make_crop_data_batch()] make tf_to_crops done
[make_crop_data_batch()] render done
[make_crop_data_batch()] warp done
[make_crop_data_batch()] pose batch data done
[predict()] forward start
[predict()] forward done
[track_one()] pose done
[670/1005] 000669.png
[track_one()] Welcome
[track_one()] depth processing done
[predict()] ob_in_cams:(1, 4, 4)
[predict()] self.cfg.use_normal:False
[predict()] trans_normalizer:[0.019999999552965164, 0.019999999552965164, 0.05000000074505806], rot_normalizer:0.3490658503988659
[predict()] making cropped data
[make_crop_data_batch()] Welcome make_crop_data_batch
[make_crop_data_batch()] make tf_to_crops done
[make_crop_data_batch()] render done
[make_crop_data_batch()] warp done
[make_crop_data_batch()] pose batch data done
[predict()] forward start
[predict()] forward done
[predict()] making cropped data
[make_crop_data_batch()] Welcome make_crop_data_batch
[make_crop_data_batch()] make tf_to_crops done
[make_crop_data_batch()] render done
[make_crop_data_batch()] warp done
[make_crop_data_batch()] pose batch data done
[predict()] forward start
[predict()] forward done
[track_one()] pose done
[671/1005] 000670.png
[track_one()] Welcome
[track_one()] depth processing done
[predict()] ob_in_cams:(1, 4, 4)
[predict()] self.cfg.use_normal:False
[predict()] trans_normalizer:[0.019999999552965164, 0.019999999552965164, 0.05000000074505806], rot_normalizer:0.3490658503988659
[predict()] making cropped data
[make_crop_data_batch()] Welcome make_crop_data_batch
[make_crop_data_batch()] make tf_to_crops done
[make_crop_data_batch()] render done
[make_crop_data_batch()] warp done
[make_crop_data_batch()] pose batch data done
[predict()] forward start
[predict()] forward done
[predict()] making cropped data
[make_crop_data_batch()] Welcome make_crop_data_batch
[make_crop_data_batch()] make tf_to_crops done
[make_crop_data_batch()] render done
[make_crop_data_batch()] warp done
[make_crop_data_batch()] pose batch data done
[predict()] forward start
[predict()] forward done
[track_one()] pose done
[672/1005] 000671.png
[track_one()] Welcome
[track_one()] depth processing done
[predict()] ob_in_cams:(1, 4, 4)
[predict()] self.cfg.use_normal:False
[predict()] trans_normalizer:[0.019999999552965164, 0.019999999552965164, 0.05000000074505806], rot_normalizer:0.3490658503988659
[predict()] making cropped data
[make_crop_data_batch()] Welcome make_crop_data_batch
[make_crop_data_batch()] make tf_to_crops done
[make_crop_data_batch()] render done
[make_crop_data_batch()] warp done
[make_crop_data_batch()] pose batch data done
[predict()] forward start
[predict()] forward done
[predict()] making cropped data
[make_crop_data_batch()] Welcome make_crop_data_batch
[make_crop_data_batch()] make tf_to_crops done
[make_crop_data_batch()] render done
[make_crop_data_batch()] warp done
[make_crop_data_batch()] pose batch data done
[predict()] forward start
[predict()] forward done
[track_one()] pose done
[673/1005] 000672.png
[track_one()] Welcome
[track_one()] depth processing done
[predict()] ob_in_cams:(1, 4, 4)
[predict()] self.cfg.use_normal:False
[predict()] trans_normalizer:[0.019999999552965164, 0.019999999552965164, 0.05000000074505806], rot_normalizer:0.3490658503988659
[predict()] making cropped data
[make_crop_data_batch()] Welcome make_crop_data_batch
[make_crop_data_batch()] make tf_to_crops done
[make_crop_data_batch()] render done
[make_crop_data_batch()] warp done
[make_crop_data_batch()] pose batch data done
[predict()] forward start
[predict()] forward done
[predict()] making cropped data
[make_crop_data_batch()] Welcome make_crop_data_batch
[make_crop_data_batch()] make tf_to_crops done
[make_crop_data_batch()] render done
[make_crop_data_batch()] warp done
[make_crop_data_batch()] pose batch data done
[predict()] forward start
[predict()] forward done
[track_one()] pose done
[674/1005] 000673.png
[track_one()] Welcome
[track_one()] depth processing done
[predict()] ob_in_cams:(1, 4, 4)
[predict()] self.cfg.use_normal:False
[predict()] trans_normalizer:[0.019999999552965164, 0.019999999552965164, 0.05000000074505806], rot_normalizer:0.3490658503988659
[predict()] making cropped data
[make_crop_data_batch()] Welcome make_crop_data_batch
[make_crop_data_batch()] make tf_to_crops done
[make_crop_data_batch()] render done
[make_crop_data_batch()] warp done
[make_crop_data_batch()] pose batch data done
[predict()] forward start
[predict()] forward done
[predict()] making cropped data
[make_crop_data_batch()] Welcome make_crop_data_batch
[make_crop_data_batch()] make tf_to_crops done
[make_crop_data_batch()] render done
[make_crop_data_batch()] warp done
[make_crop_data_batch()] pose batch data done
[predict()] forward start
[predict()] forward done
[track_one()] pose done
[675/1005] 000674.png
[track_one()] Welcome
[track_one()] depth processing done
[predict()] ob_in_cams:(1, 4, 4)
[predict()] self.cfg.use_normal:False
[predict()] trans_normalizer:[0.019999999552965164, 0.019999999552965164, 0.05000000074505806], rot_normalizer:0.3490658503988659
[predict()] making cropped data
[make_crop_data_batch()] Welcome make_crop_data_batch
[make_crop_data_batch()] make tf_to_crops done
[make_crop_data_batch()] render done
[make_crop_data_batch()] warp done
[make_crop_data_batch()] pose batch data done
[predict()] forward start
[predict()] forward done
[predict()] making cropped data
[make_crop_data_batch()] Welcome make_crop_data_batch
[make_crop_data_batch()] make tf_to_crops done
[make_crop_data_batch()] render done
[make_crop_data_batch()] warp done
[make_crop_data_batch()] pose batch data done
[predict()] forward start
[predict()] forward done
[track_one()] pose done
[676/1005] 000675.png
[track_one()] Welcome
[track_one()] depth processing done
[predict()] ob_in_cams:(1, 4, 4)
[predict()] self.cfg.use_normal:False
[predict()] trans_normalizer:[0.019999999552965164, 0.019999999552965164, 0.05000000074505806], rot_normalizer:0.3490658503988659
[predict()] making cropped data
[make_crop_data_batch()] Welcome make_crop_data_batch
[make_crop_data_batch()] make tf_to_crops done
[make_crop_data_batch()] render done
[make_crop_data_batch()] warp done
[make_crop_data_batch()] pose batch data done
[predict()] forward start
[predict()] forward done
[predict()] making cropped data
[make_crop_data_batch()] Welcome make_crop_data_batch
[make_crop_data_batch()] make tf_to_crops done
[make_crop_data_batch()] render done
[make_crop_data_batch()] warp done
[make_crop_data_batch()] pose batch data done
[predict()] forward start
[predict()] forward done
[track_one()] pose done
[677/1005] 000676.png
[track_one()] Welcome
[track_one()] depth processing done
[predict()] ob_in_cams:(1, 4, 4)
[predict()] self.cfg.use_normal:False
[predict()] trans_normalizer:[0.019999999552965164, 0.019999999552965164, 0.05000000074505806], rot_normalizer:0.3490658503988659
[predict()] making cropped data
[make_crop_data_batch()] Welcome make_crop_data_batch
[make_crop_data_batch()] make tf_to_crops done
[make_crop_data_batch()] render done
[make_crop_data_batch()] warp done
[make_crop_data_batch()] pose batch data done
[predict()] forward start
[predict()] forward done
[predict()] making cropped data
[make_crop_data_batch()] Welcome make_crop_data_batch
[make_crop_data_batch()] make tf_to_crops done
[make_crop_data_batch()] render done
[make_crop_data_batch()] warp done
[make_crop_data_batch()] pose batch data done
[predict()] forward start
[predict()] forward done
[track_one()] pose done
[678/1005] 000677.png
[track_one()] Welcome
[track_one()] depth processing done
[predict()] ob_in_cams:(1, 4, 4)
[predict()] self.cfg.use_normal:False
[predict()] trans_normalizer:[0.019999999552965164, 0.019999999552965164, 0.05000000074505806], rot_normalizer:0.3490658503988659
[predict()] making cropped data
[make_crop_data_batch()] Welcome make_crop_data_batch
[make_crop_data_batch()] make tf_to_crops done
[make_crop_data_batch()] render done
[make_crop_data_batch()] warp done
[make_crop_data_batch()] pose batch data done
[predict()] forward start
[predict()] forward done
[predict()] making cropped data
[make_crop_data_batch()] Welcome make_crop_data_batch
[make_crop_data_batch()] make tf_to_crops done
[make_crop_data_batch()] render done
[make_crop_data_batch()] warp done
[make_crop_data_batch()] pose batch data done
[predict()] forward start
[predict()] forward done
[track_one()] pose done
[679/1005] 000678.png
[track_one()] Welcome
[track_one()] depth processing done
[predict()] ob_in_cams:(1, 4, 4)
[predict()] self.cfg.use_normal:False
[predict()] trans_normalizer:[0.019999999552965164, 0.019999999552965164, 0.05000000074505806], rot_normalizer:0.3490658503988659
[predict()] making cropped data
[make_crop_data_batch()] Welcome make_crop_data_batch
[make_crop_data_batch()] make tf_to_crops done
[make_crop_data_batch()] render done
[make_crop_data_batch()] warp done
[make_crop_data_batch()] pose batch data done
[predict()] forward start
[predict()] forward done
[predict()] making cropped data
[make_crop_data_batch()] Welcome make_crop_data_batch
[make_crop_data_batch()] make tf_to_crops done
[make_crop_data_batch()] render done
[make_crop_data_batch()] warp done
[make_crop_data_batch()] pose batch data done
[predict()] forward start
[predict()] forward done
[track_one()] pose done
[680/1005] 000679.png
[track_one()] Welcome
[track_one()] depth processing done
[predict()] ob_in_cams:(1, 4, 4)
[predict()] self.cfg.use_normal:False
[predict()] trans_normalizer:[0.019999999552965164, 0.019999999552965164, 0.05000000074505806], rot_normalizer:0.3490658503988659
[predict()] making cropped data
[make_crop_data_batch()] Welcome make_crop_data_batch
[make_crop_data_batch()] make tf_to_crops done
[make_crop_data_batch()] render done
[make_crop_data_batch()] warp done
[make_crop_data_batch()] pose batch data done
[predict()] forward start
[predict()] forward done
[predict()] making cropped data
[make_crop_data_batch()] Welcome make_crop_data_batch
[make_crop_data_batch()] make tf_to_crops done
[make_crop_data_batch()] render done
[make_crop_data_batch()] warp done
[make_crop_data_batch()] pose batch data done
[predict()] forward start
[predict()] forward done
[track_one()] pose done
[681/1005] 000680.png
[track_one()] Welcome
[track_one()] depth processing done
[predict()] ob_in_cams:(1, 4, 4)
[predict()] self.cfg.use_normal:False
[predict()] trans_normalizer:[0.019999999552965164, 0.019999999552965164, 0.05000000074505806], rot_normalizer:0.3490658503988659
[predict()] making cropped data
[make_crop_data_batch()] Welcome make_crop_data_batch
[make_crop_data_batch()] make tf_to_crops done
[make_crop_data_batch()] render done
[make_crop_data_batch()] warp done
[make_crop_data_batch()] pose batch data done
[predict()] forward start
[predict()] forward done
[predict()] making cropped data
[make_crop_data_batch()] Welcome make_crop_data_batch
[make_crop_data_batch()] make tf_to_crops done
[make_crop_data_batch()] render done
[make_crop_data_batch()] warp done
[make_crop_data_batch()] pose batch data done
[predict()] forward start
[predict()] forward done
[track_one()] pose done
[682/1005] 000681.png
[track_one()] Welcome
[track_one()] depth processing done
[predict()] ob_in_cams:(1, 4, 4)
[predict()] self.cfg.use_normal:False
[predict()] trans_normalizer:[0.019999999552965164, 0.019999999552965164, 0.05000000074505806], rot_normalizer:0.3490658503988659
[predict()] making cropped data
[make_crop_data_batch()] Welcome make_crop_data_batch
[make_crop_data_batch()] make tf_to_crops done
[make_crop_data_batch()] render done
[make_crop_data_batch()] warp done
[make_crop_data_batch()] pose batch data done
[predict()] forward start
[predict()] forward done
[predict()] making cropped data
[make_crop_data_batch()] Welcome make_crop_data_batch
[make_crop_data_batch()] make tf_to_crops done
[make_crop_data_batch()] render done
[make_crop_data_batch()] warp done
[make_crop_data_batch()] pose batch data done
[predict()] forward start
[predict()] forward done
[track_one()] pose done
[683/1005] 000682.png
[track_one()] Welcome
[track_one()] depth processing done
[predict()] ob_in_cams:(1, 4, 4)
[predict()] self.cfg.use_normal:False
[predict()] trans_normalizer:[0.019999999552965164, 0.019999999552965164, 0.05000000074505806], rot_normalizer:0.3490658503988659
[predict()] making cropped data
[make_crop_data_batch()] Welcome make_crop_data_batch
[make_crop_data_batch()] make tf_to_crops done
[make_crop_data_batch()] render done
[make_crop_data_batch()] warp done
[make_crop_data_batch()] pose batch data done
[predict()] forward start
[predict()] forward done
[predict()] making cropped data
[make_crop_data_batch()] Welcome make_crop_data_batch
[make_crop_data_batch()] make tf_to_crops done
[make_crop_data_batch()] render done
[make_crop_data_batch()] warp done
[make_crop_data_batch()] pose batch data done
[predict()] forward start
[predict()] forward done
[track_one()] pose done
[684/1005] 000683.png
[track_one()] Welcome
[track_one()] depth processing done
[predict()] ob_in_cams:(1, 4, 4)
[predict()] self.cfg.use_normal:False
[predict()] trans_normalizer:[0.019999999552965164, 0.019999999552965164, 0.05000000074505806], rot_normalizer:0.3490658503988659
[predict()] making cropped data
[make_crop_data_batch()] Welcome make_crop_data_batch
[make_crop_data_batch()] make tf_to_crops done
[make_crop_data_batch()] render done
[make_crop_data_batch()] warp done
[make_crop_data_batch()] pose batch data done
[predict()] forward start
[predict()] forward done
[predict()] making cropped data
[make_crop_data_batch()] Welcome make_crop_data_batch
[make_crop_data_batch()] make tf_to_crops done
[make_crop_data_batch()] render done
[make_crop_data_batch()] warp done
[make_crop_data_batch()] pose batch data done
[predict()] forward start
[predict()] forward done
[track_one()] pose done
[685/1005] 000684.png
[track_one()] Welcome
[track_one()] depth processing done
[predict()] ob_in_cams:(1, 4, 4)
[predict()] self.cfg.use_normal:False
[predict()] trans_normalizer:[0.019999999552965164, 0.019999999552965164, 0.05000000074505806], rot_normalizer:0.3490658503988659
[predict()] making cropped data
[make_crop_data_batch()] Welcome make_crop_data_batch
[make_crop_data_batch()] make tf_to_crops done
[make_crop_data_batch()] render done
[make_crop_data_batch()] warp done
[make_crop_data_batch()] pose batch data done
[predict()] forward start
[predict()] forward done
[predict()] making cropped data
[make_crop_data_batch()] Welcome make_crop_data_batch
[make_crop_data_batch()] make tf_to_crops done
[make_crop_data_batch()] render done
[make_crop_data_batch()] warp done
[make_crop_data_batch()] pose batch data done
[predict()] forward start
[predict()] forward done
[track_one()] pose done
[686/1005] 000685.png
[track_one()] Welcome
[track_one()] depth processing done
[predict()] ob_in_cams:(1, 4, 4)
[predict()] self.cfg.use_normal:False
[predict()] trans_normalizer:[0.019999999552965164, 0.019999999552965164, 0.05000000074505806], rot_normalizer:0.3490658503988659
[predict()] making cropped data
[make_crop_data_batch()] Welcome make_crop_data_batch
[make_crop_data_batch()] make tf_to_crops done
[make_crop_data_batch()] render done
[make_crop_data_batch()] warp done
[make_crop_data_batch()] pose batch data done
[predict()] forward start
[predict()] forward done
[predict()] making cropped data
[make_crop_data_batch()] Welcome make_crop_data_batch
[make_crop_data_batch()] make tf_to_crops done
[make_crop_data_batch()] render done
[make_crop_data_batch()] warp done
[make_crop_data_batch()] pose batch data done
[predict()] forward start
[predict()] forward done
[track_one()] pose done
[687/1005] 000686.png
[track_one()] Welcome
[track_one()] depth processing done
[predict()] ob_in_cams:(1, 4, 4)
[predict()] self.cfg.use_normal:False
[predict()] trans_normalizer:[0.019999999552965164, 0.019999999552965164, 0.05000000074505806], rot_normalizer:0.3490658503988659
[predict()] making cropped data
[make_crop_data_batch()] Welcome make_crop_data_batch
[make_crop_data_batch()] make tf_to_crops done
[make_crop_data_batch()] render done
[make_crop_data_batch()] warp done
[make_crop_data_batch()] pose batch data done
[predict()] forward start
[predict()] forward done
[predict()] making cropped data
[make_crop_data_batch()] Welcome make_crop_data_batch
[make_crop_data_batch()] make tf_to_crops done
[make_crop_data_batch()] render done
[make_crop_data_batch()] warp done
[make_crop_data_batch()] pose batch data done
[predict()] forward start
[predict()] forward done
[track_one()] pose done
[688/1005] 000687.png
[track_one()] Welcome
[track_one()] depth processing done
[predict()] ob_in_cams:(1, 4, 4)
[predict()] self.cfg.use_normal:False
[predict()] trans_normalizer:[0.019999999552965164, 0.019999999552965164, 0.05000000074505806], rot_normalizer:0.3490658503988659
[predict()] making cropped data
[make_crop_data_batch()] Welcome make_crop_data_batch
[make_crop_data_batch()] make tf_to_crops done
[make_crop_data_batch()] render done
[make_crop_data_batch()] warp done
[make_crop_data_batch()] pose batch data done
[predict()] forward start
[predict()] forward done
[predict()] making cropped data
[make_crop_data_batch()] Welcome make_crop_data_batch
[make_crop_data_batch()] make tf_to_crops done
[make_crop_data_batch()] render done
[make_crop_data_batch()] warp done
[make_crop_data_batch()] pose batch data done
[predict()] forward start
[predict()] forward done
[track_one()] pose done
[689/1005] 000688.png
[track_one()] Welcome
[track_one()] depth processing done
[predict()] ob_in_cams:(1, 4, 4)
[predict()] self.cfg.use_normal:False
[predict()] trans_normalizer:[0.019999999552965164, 0.019999999552965164, 0.05000000074505806], rot_normalizer:0.3490658503988659
[predict()] making cropped data
[make_crop_data_batch()] Welcome make_crop_data_batch
[make_crop_data_batch()] make tf_to_crops done
[make_crop_data_batch()] render done
[make_crop_data_batch()] warp done
[make_crop_data_batch()] pose batch data done
[predict()] forward start
[predict()] forward done
[predict()] making cropped data
[make_crop_data_batch()] Welcome make_crop_data_batch
[make_crop_data_batch()] make tf_to_crops done
[make_crop_data_batch()] render done
[make_crop_data_batch()] warp done
[make_crop_data_batch()] pose batch data done
[predict()] forward start
[predict()] forward done
[track_one()] pose done
[690/1005] 000689.png
[track_one()] Welcome
[track_one()] depth processing done
[predict()] ob_in_cams:(1, 4, 4)
[predict()] self.cfg.use_normal:False
[predict()] trans_normalizer:[0.019999999552965164, 0.019999999552965164, 0.05000000074505806], rot_normalizer:0.3490658503988659
[predict()] making cropped data
[make_crop_data_batch()] Welcome make_crop_data_batch
[make_crop_data_batch()] make tf_to_crops done
[make_crop_data_batch()] render done
[make_crop_data_batch()] warp done
[make_crop_data_batch()] pose batch data done
[predict()] forward start
[predict()] forward done
[predict()] making cropped data
[make_crop_data_batch()] Welcome make_crop_data_batch
[make_crop_data_batch()] make tf_to_crops done
[make_crop_data_batch()] render done
[make_crop_data_batch()] warp done
[make_crop_data_batch()] pose batch data done
[predict()] forward start
[predict()] forward done
[track_one()] pose done
[691/1005] 000690.png
[track_one()] Welcome
[track_one()] depth processing done
[predict()] ob_in_cams:(1, 4, 4)
[predict()] self.cfg.use_normal:False
[predict()] trans_normalizer:[0.019999999552965164, 0.019999999552965164, 0.05000000074505806], rot_normalizer:0.3490658503988659
[predict()] making cropped data
[make_crop_data_batch()] Welcome make_crop_data_batch
[make_crop_data_batch()] make tf_to_crops done
[make_crop_data_batch()] render done
[make_crop_data_batch()] warp done
[make_crop_data_batch()] pose batch data done
[predict()] forward start
[predict()] forward done
[predict()] making cropped data
[make_crop_data_batch()] Welcome make_crop_data_batch
[make_crop_data_batch()] make tf_to_crops done
[make_crop_data_batch()] render done
[make_crop_data_batch()] warp done
[make_crop_data_batch()] pose batch data done
[predict()] forward start
[predict()] forward done
[track_one()] pose done
[692/1005] 000691.png
[track_one()] Welcome
[track_one()] depth processing done
[predict()] ob_in_cams:(1, 4, 4)
[predict()] self.cfg.use_normal:False
[predict()] trans_normalizer:[0.019999999552965164, 0.019999999552965164, 0.05000000074505806], rot_normalizer:0.3490658503988659
[predict()] making cropped data
[make_crop_data_batch()] Welcome make_crop_data_batch
[make_crop_data_batch()] make tf_to_crops done
[make_crop_data_batch()] render done
[make_crop_data_batch()] warp done
[make_crop_data_batch()] pose batch data done
[predict()] forward start
[predict()] forward done
[predict()] making cropped data
[make_crop_data_batch()] Welcome make_crop_data_batch
[make_crop_data_batch()] make tf_to_crops done
[make_crop_data_batch()] render done
[make_crop_data_batch()] warp done
[make_crop_data_batch()] pose batch data done
[predict()] forward start
[predict()] forward done
[track_one()] pose done
[693/1005] 000692.png
[track_one()] Welcome
[track_one()] depth processing done
[predict()] ob_in_cams:(1, 4, 4)
[predict()] self.cfg.use_normal:False
[predict()] trans_normalizer:[0.019999999552965164, 0.019999999552965164, 0.05000000074505806], rot_normalizer:0.3490658503988659
[predict()] making cropped data
[make_crop_data_batch()] Welcome make_crop_data_batch
[make_crop_data_batch()] make tf_to_crops done
[make_crop_data_batch()] render done
[make_crop_data_batch()] warp done
[make_crop_data_batch()] pose batch data done
[predict()] forward start
[predict()] forward done
[predict()] making cropped data
[make_crop_data_batch()] Welcome make_crop_data_batch
[make_crop_data_batch()] make tf_to_crops done
[make_crop_data_batch()] render done
[make_crop_data_batch()] warp done
[make_crop_data_batch()] pose batch data done
[predict()] forward start
[predict()] forward done
[track_one()] pose done
[694/1005] 000693.png
[track_one()] Welcome
[track_one()] depth processing done
[predict()] ob_in_cams:(1, 4, 4)
[predict()] self.cfg.use_normal:False
[predict()] trans_normalizer:[0.019999999552965164, 0.019999999552965164, 0.05000000074505806], rot_normalizer:0.3490658503988659
[predict()] making cropped data
[make_crop_data_batch()] Welcome make_crop_data_batch
[make_crop_data_batch()] make tf_to_crops done
[make_crop_data_batch()] render done
[make_crop_data_batch()] warp done
[make_crop_data_batch()] pose batch data done
[predict()] forward start
[predict()] forward done
[predict()] making cropped data
[make_crop_data_batch()] Welcome make_crop_data_batch
[make_crop_data_batch()] make tf_to_crops done
[make_crop_data_batch()] render done
[make_crop_data_batch()] warp done
[make_crop_data_batch()] pose batch data done
[predict()] forward start
[predict()] forward done
[track_one()] pose done
[695/1005] 000694.png
[track_one()] Welcome
[track_one()] depth processing done
[predict()] ob_in_cams:(1, 4, 4)
[predict()] self.cfg.use_normal:False
[predict()] trans_normalizer:[0.019999999552965164, 0.019999999552965164, 0.05000000074505806], rot_normalizer:0.3490658503988659
[predict()] making cropped data
[make_crop_data_batch()] Welcome make_crop_data_batch
[make_crop_data_batch()] make tf_to_crops done
[make_crop_data_batch()] render done
[make_crop_data_batch()] warp done
[make_crop_data_batch()] pose batch data done
[predict()] forward start
[predict()] forward done
[predict()] making cropped data
[make_crop_data_batch()] Welcome make_crop_data_batch
[make_crop_data_batch()] make tf_to_crops done
[make_crop_data_batch()] render done
[make_crop_data_batch()] warp done
[make_crop_data_batch()] pose batch data done
[predict()] forward start
[predict()] forward done
[track_one()] pose done
[696/1005] 000695.png
[track_one()] Welcome
[track_one()] depth processing done
[predict()] ob_in_cams:(1, 4, 4)
[predict()] self.cfg.use_normal:False
[predict()] trans_normalizer:[0.019999999552965164, 0.019999999552965164, 0.05000000074505806], rot_normalizer:0.3490658503988659
[predict()] making cropped data
[make_crop_data_batch()] Welcome make_crop_data_batch
[make_crop_data_batch()] make tf_to_crops done
[make_crop_data_batch()] render done
[make_crop_data_batch()] warp done
[make_crop_data_batch()] pose batch data done
[predict()] forward start
[predict()] forward done
[predict()] making cropped data
[make_crop_data_batch()] Welcome make_crop_data_batch
[make_crop_data_batch()] make tf_to_crops done
[make_crop_data_batch()] render done
[make_crop_data_batch()] warp done
[make_crop_data_batch()] pose batch data done
[predict()] forward start
[predict()] forward done
[track_one()] pose done
[697/1005] 000696.png
[track_one()] Welcome
[track_one()] depth processing done
[predict()] ob_in_cams:(1, 4, 4)
[predict()] self.cfg.use_normal:False
[predict()] trans_normalizer:[0.019999999552965164, 0.019999999552965164, 0.05000000074505806], rot_normalizer:0.3490658503988659
[predict()] making cropped data
[make_crop_data_batch()] Welcome make_crop_data_batch
[make_crop_data_batch()] make tf_to_crops done
[make_crop_data_batch()] render done
[make_crop_data_batch()] warp done
[make_crop_data_batch()] pose batch data done
[predict()] forward start
[predict()] forward done
[predict()] making cropped data
[make_crop_data_batch()] Welcome make_crop_data_batch
[make_crop_data_batch()] make tf_to_crops done
[make_crop_data_batch()] render done
[make_crop_data_batch()] warp done
[make_crop_data_batch()] pose batch data done
[predict()] forward start
[predict()] forward done
[track_one()] pose done
[698/1005] 000697.png
[track_one()] Welcome
[track_one()] depth processing done
[predict()] ob_in_cams:(1, 4, 4)
[predict()] self.cfg.use_normal:False
[predict()] trans_normalizer:[0.019999999552965164, 0.019999999552965164, 0.05000000074505806], rot_normalizer:0.3490658503988659
[predict()] making cropped data
[make_crop_data_batch()] Welcome make_crop_data_batch
[make_crop_data_batch()] make tf_to_crops done
[make_crop_data_batch()] render done
[make_crop_data_batch()] warp done
[make_crop_data_batch()] pose batch data done
[predict()] forward start
[predict()] forward done
[predict()] making cropped data
[make_crop_data_batch()] Welcome make_crop_data_batch
[make_crop_data_batch()] make tf_to_crops done
[make_crop_data_batch()] render done
[make_crop_data_batch()] warp done
[make_crop_data_batch()] pose batch data done
[predict()] forward start
[predict()] forward done
[track_one()] pose done
[699/1005] 000698.png
[track_one()] Welcome
[track_one()] depth processing done
[predict()] ob_in_cams:(1, 4, 4)
[predict()] self.cfg.use_normal:False
[predict()] trans_normalizer:[0.019999999552965164, 0.019999999552965164, 0.05000000074505806], rot_normalizer:0.3490658503988659
[predict()] making cropped data
[make_crop_data_batch()] Welcome make_crop_data_batch
[make_crop_data_batch()] make tf_to_crops done
[make_crop_data_batch()] render done
[make_crop_data_batch()] warp done
[make_crop_data_batch()] pose batch data done
[predict()] forward start
[predict()] forward done
[predict()] making cropped data
[make_crop_data_batch()] Welcome make_crop_data_batch
[make_crop_data_batch()] make tf_to_crops done
[make_crop_data_batch()] render done
[make_crop_data_batch()] warp done
[make_crop_data_batch()] pose batch data done
[predict()] forward start
[predict()] forward done
[track_one()] pose done
[700/1005] 000699.png
[track_one()] Welcome
[track_one()] depth processing done
[predict()] ob_in_cams:(1, 4, 4)
[predict()] self.cfg.use_normal:False
[predict()] trans_normalizer:[0.019999999552965164, 0.019999999552965164, 0.05000000074505806], rot_normalizer:0.3490658503988659
[predict()] making cropped data
[make_crop_data_batch()] Welcome make_crop_data_batch
[make_crop_data_batch()] make tf_to_crops done
[make_crop_data_batch()] render done
[make_crop_data_batch()] warp done
[make_crop_data_batch()] pose batch data done
[predict()] forward start
[predict()] forward done
[predict()] making cropped data
[make_crop_data_batch()] Welcome make_crop_data_batch
[make_crop_data_batch()] make tf_to_crops done
[make_crop_data_batch()] render done
[make_crop_data_batch()] warp done
[make_crop_data_batch()] pose batch data done
[predict()] forward start
[predict()] forward done
[track_one()] pose done
[701/1005] 000700.png
[track_one()] Welcome
[track_one()] depth processing done
[predict()] ob_in_cams:(1, 4, 4)
[predict()] self.cfg.use_normal:False
[predict()] trans_normalizer:[0.019999999552965164, 0.019999999552965164, 0.05000000074505806], rot_normalizer:0.3490658503988659
[predict()] making cropped data
[make_crop_data_batch()] Welcome make_crop_data_batch
[make_crop_data_batch()] make tf_to_crops done
[make_crop_data_batch()] render done
[make_crop_data_batch()] warp done
[make_crop_data_batch()] pose batch data done
[predict()] forward start
[predict()] forward done
[predict()] making cropped data
[make_crop_data_batch()] Welcome make_crop_data_batch
[make_crop_data_batch()] make tf_to_crops done
[make_crop_data_batch()] render done
[make_crop_data_batch()] warp done
[make_crop_data_batch()] pose batch data done
[predict()] forward start
[predict()] forward done
[track_one()] pose done
[702/1005] 000701.png
[track_one()] Welcome
[track_one()] depth processing done
[predict()] ob_in_cams:(1, 4, 4)
[predict()] self.cfg.use_normal:False
[predict()] trans_normalizer:[0.019999999552965164, 0.019999999552965164, 0.05000000074505806], rot_normalizer:0.3490658503988659
[predict()] making cropped data
[make_crop_data_batch()] Welcome make_crop_data_batch
[make_crop_data_batch()] make tf_to_crops done
[make_crop_data_batch()] render done
[make_crop_data_batch()] warp done
[make_crop_data_batch()] pose batch data done
[predict()] forward start
[predict()] forward done
[predict()] making cropped data
[make_crop_data_batch()] Welcome make_crop_data_batch
[make_crop_data_batch()] make tf_to_crops done
[make_crop_data_batch()] render done
[make_crop_data_batch()] warp done
[make_crop_data_batch()] pose batch data done
[predict()] forward start
[predict()] forward done
[track_one()] pose done
[703/1005] 000702.png
[track_one()] Welcome
[track_one()] depth processing done
[predict()] ob_in_cams:(1, 4, 4)
[predict()] self.cfg.use_normal:False
[predict()] trans_normalizer:[0.019999999552965164, 0.019999999552965164, 0.05000000074505806], rot_normalizer:0.3490658503988659
[predict()] making cropped data
[make_crop_data_batch()] Welcome make_crop_data_batch
[make_crop_data_batch()] make tf_to_crops done
[make_crop_data_batch()] render done
[make_crop_data_batch()] warp done
[make_crop_data_batch()] pose batch data done
[predict()] forward start
[predict()] forward done
[predict()] making cropped data
[make_crop_data_batch()] Welcome make_crop_data_batch
[make_crop_data_batch()] make tf_to_crops done
[make_crop_data_batch()] render done
[make_crop_data_batch()] warp done
[make_crop_data_batch()] pose batch data done
[predict()] forward start
[predict()] forward done
[track_one()] pose done
[704/1005] 000703.png
[track_one()] Welcome
[track_one()] depth processing done
[predict()] ob_in_cams:(1, 4, 4)
[predict()] self.cfg.use_normal:False
[predict()] trans_normalizer:[0.019999999552965164, 0.019999999552965164, 0.05000000074505806], rot_normalizer:0.3490658503988659
[predict()] making cropped data
[make_crop_data_batch()] Welcome make_crop_data_batch
[make_crop_data_batch()] make tf_to_crops done
[make_crop_data_batch()] render done
[make_crop_data_batch()] warp done
[make_crop_data_batch()] pose batch data done
[predict()] forward start
[predict()] forward done
[predict()] making cropped data
[make_crop_data_batch()] Welcome make_crop_data_batch
[make_crop_data_batch()] make tf_to_crops done
[make_crop_data_batch()] render done
[make_crop_data_batch()] warp done
[make_crop_data_batch()] pose batch data done
[predict()] forward start
[predict()] forward done
[track_one()] pose done
[705/1005] 000704.png
[track_one()] Welcome
[track_one()] depth processing done
[predict()] ob_in_cams:(1, 4, 4)
[predict()] self.cfg.use_normal:False
[predict()] trans_normalizer:[0.019999999552965164, 0.019999999552965164, 0.05000000074505806], rot_normalizer:0.3490658503988659
[predict()] making cropped data
[make_crop_data_batch()] Welcome make_crop_data_batch
[make_crop_data_batch()] make tf_to_crops done
[make_crop_data_batch()] render done
[make_crop_data_batch()] warp done
[make_crop_data_batch()] pose batch data done
[predict()] forward start
[predict()] forward done
[predict()] making cropped data
[make_crop_data_batch()] Welcome make_crop_data_batch
[make_crop_data_batch()] make tf_to_crops done
[make_crop_data_batch()] render done
[make_crop_data_batch()] warp done
[make_crop_data_batch()] pose batch data done
[predict()] forward start
[predict()] forward done
[track_one()] pose done
[706/1005] 000705.png
[track_one()] Welcome
[track_one()] depth processing done
[predict()] ob_in_cams:(1, 4, 4)
[predict()] self.cfg.use_normal:False
[predict()] trans_normalizer:[0.019999999552965164, 0.019999999552965164, 0.05000000074505806], rot_normalizer:0.3490658503988659
[predict()] making cropped data
[make_crop_data_batch()] Welcome make_crop_data_batch
[make_crop_data_batch()] make tf_to_crops done
[make_crop_data_batch()] render done
[make_crop_data_batch()] warp done
[make_crop_data_batch()] pose batch data done
[predict()] forward start
[predict()] forward done
[predict()] making cropped data
[make_crop_data_batch()] Welcome make_crop_data_batch
[make_crop_data_batch()] make tf_to_crops done
[make_crop_data_batch()] render done
[make_crop_data_batch()] warp done
[make_crop_data_batch()] pose batch data done
[predict()] forward start
[predict()] forward done
[track_one()] pose done
[707/1005] 000706.png
[track_one()] Welcome
[track_one()] depth processing done
[predict()] ob_in_cams:(1, 4, 4)
[predict()] self.cfg.use_normal:False
[predict()] trans_normalizer:[0.019999999552965164, 0.019999999552965164, 0.05000000074505806], rot_normalizer:0.3490658503988659
[predict()] making cropped data
[make_crop_data_batch()] Welcome make_crop_data_batch
[make_crop_data_batch()] make tf_to_crops done
[make_crop_data_batch()] render done
[make_crop_data_batch()] warp done
[make_crop_data_batch()] pose batch data done
[predict()] forward start
[predict()] forward done
[predict()] making cropped data
[make_crop_data_batch()] Welcome make_crop_data_batch
[make_crop_data_batch()] make tf_to_crops done
[make_crop_data_batch()] render done
[make_crop_data_batch()] warp done
[make_crop_data_batch()] pose batch data done
[predict()] forward start
[predict()] forward done
[track_one()] pose done
[708/1005] 000707.png
[track_one()] Welcome
[track_one()] depth processing done
[predict()] ob_in_cams:(1, 4, 4)
[predict()] self.cfg.use_normal:False
[predict()] trans_normalizer:[0.019999999552965164, 0.019999999552965164, 0.05000000074505806], rot_normalizer:0.3490658503988659
[predict()] making cropped data
[make_crop_data_batch()] Welcome make_crop_data_batch
[make_crop_data_batch()] make tf_to_crops done
[make_crop_data_batch()] render done
[make_crop_data_batch()] warp done
[make_crop_data_batch()] pose batch data done
[predict()] forward start
[predict()] forward done
[predict()] making cropped data
[make_crop_data_batch()] Welcome make_crop_data_batch
[make_crop_data_batch()] make tf_to_crops done
[make_crop_data_batch()] render done
[make_crop_data_batch()] warp done
[make_crop_data_batch()] pose batch data done
[predict()] forward start
[predict()] forward done
[track_one()] pose done
[709/1005] 000708.png
[track_one()] Welcome
[track_one()] depth processing done
[predict()] ob_in_cams:(1, 4, 4)
[predict()] self.cfg.use_normal:False
[predict()] trans_normalizer:[0.019999999552965164, 0.019999999552965164, 0.05000000074505806], rot_normalizer:0.3490658503988659
[predict()] making cropped data
[make_crop_data_batch()] Welcome make_crop_data_batch
[make_crop_data_batch()] make tf_to_crops done
[make_crop_data_batch()] render done
[make_crop_data_batch()] warp done
[make_crop_data_batch()] pose batch data done
[predict()] forward start
[predict()] forward done
[predict()] making cropped data
[make_crop_data_batch()] Welcome make_crop_data_batch
[make_crop_data_batch()] make tf_to_crops done
[make_crop_data_batch()] render done
[make_crop_data_batch()] warp done
[make_crop_data_batch()] pose batch data done
[predict()] forward start
[predict()] forward done
[track_one()] pose done
[710/1005] 000709.png
[track_one()] Welcome
[track_one()] depth processing done
[predict()] ob_in_cams:(1, 4, 4)
[predict()] self.cfg.use_normal:False
[predict()] trans_normalizer:[0.019999999552965164, 0.019999999552965164, 0.05000000074505806], rot_normalizer:0.3490658503988659
[predict()] making cropped data
[make_crop_data_batch()] Welcome make_crop_data_batch
[make_crop_data_batch()] make tf_to_crops done
[make_crop_data_batch()] render done
[make_crop_data_batch()] warp done
[make_crop_data_batch()] pose batch data done
[predict()] forward start
[predict()] forward done
[predict()] making cropped data
[make_crop_data_batch()] Welcome make_crop_data_batch
[make_crop_data_batch()] make tf_to_crops done
[make_crop_data_batch()] render done
[make_crop_data_batch()] warp done
[make_crop_data_batch()] pose batch data done
[predict()] forward start
[predict()] forward done
[track_one()] pose done
[711/1005] 000710.png
[track_one()] Welcome
[track_one()] depth processing done
[predict()] ob_in_cams:(1, 4, 4)
[predict()] self.cfg.use_normal:False
[predict()] trans_normalizer:[0.019999999552965164, 0.019999999552965164, 0.05000000074505806], rot_normalizer:0.3490658503988659
[predict()] making cropped data
[make_crop_data_batch()] Welcome make_crop_data_batch
[make_crop_data_batch()] make tf_to_crops done
[make_crop_data_batch()] render done
[make_crop_data_batch()] warp done
[make_crop_data_batch()] pose batch data done
[predict()] forward start
[predict()] forward done
[predict()] making cropped data
[make_crop_data_batch()] Welcome make_crop_data_batch
[make_crop_data_batch()] make tf_to_crops done
[make_crop_data_batch()] render done
[make_crop_data_batch()] warp done
[make_crop_data_batch()] pose batch data done
[predict()] forward start
[predict()] forward done
[track_one()] pose done
[712/1005] 000711.png
[track_one()] Welcome
[track_one()] depth processing done
[predict()] ob_in_cams:(1, 4, 4)
[predict()] self.cfg.use_normal:False
[predict()] trans_normalizer:[0.019999999552965164, 0.019999999552965164, 0.05000000074505806], rot_normalizer:0.3490658503988659
[predict()] making cropped data
[make_crop_data_batch()] Welcome make_crop_data_batch
[make_crop_data_batch()] make tf_to_crops done
[make_crop_data_batch()] render done
[make_crop_data_batch()] warp done
[make_crop_data_batch()] pose batch data done
[predict()] forward start
[predict()] forward done
[predict()] making cropped data
[make_crop_data_batch()] Welcome make_crop_data_batch
[make_crop_data_batch()] make tf_to_crops done
[make_crop_data_batch()] render done
[make_crop_data_batch()] warp done
[make_crop_data_batch()] pose batch data done
[predict()] forward start
[predict()] forward done
[track_one()] pose done
[713/1005] 000712.png
[track_one()] Welcome
[track_one()] depth processing done
[predict()] ob_in_cams:(1, 4, 4)
[predict()] self.cfg.use_normal:False
[predict()] trans_normalizer:[0.019999999552965164, 0.019999999552965164, 0.05000000074505806], rot_normalizer:0.3490658503988659
[predict()] making cropped data
[make_crop_data_batch()] Welcome make_crop_data_batch
[make_crop_data_batch()] make tf_to_crops done
[make_crop_data_batch()] render done
[make_crop_data_batch()] warp done
[make_crop_data_batch()] pose batch data done
[predict()] forward start
[predict()] forward done
[predict()] making cropped data
[make_crop_data_batch()] Welcome make_crop_data_batch
[make_crop_data_batch()] make tf_to_crops done
[make_crop_data_batch()] render done
[make_crop_data_batch()] warp done
[make_crop_data_batch()] pose batch data done
[predict()] forward start
[predict()] forward done
[track_one()] pose done
[714/1005] 000713.png
[track_one()] Welcome
[track_one()] depth processing done
[predict()] ob_in_cams:(1, 4, 4)
[predict()] self.cfg.use_normal:False
[predict()] trans_normalizer:[0.019999999552965164, 0.019999999552965164, 0.05000000074505806], rot_normalizer:0.3490658503988659
[predict()] making cropped data
[make_crop_data_batch()] Welcome make_crop_data_batch
[make_crop_data_batch()] make tf_to_crops done
[make_crop_data_batch()] render done
[make_crop_data_batch()] warp done
[make_crop_data_batch()] pose batch data done
[predict()] forward start
[predict()] forward done
[predict()] making cropped data
[make_crop_data_batch()] Welcome make_crop_data_batch
[make_crop_data_batch()] make tf_to_crops done
[make_crop_data_batch()] render done
[make_crop_data_batch()] warp done
[make_crop_data_batch()] pose batch data done
[predict()] forward start
[predict()] forward done
[track_one()] pose done
[715/1005] 000714.png
[track_one()] Welcome
[track_one()] depth processing done
[predict()] ob_in_cams:(1, 4, 4)
[predict()] self.cfg.use_normal:False
[predict()] trans_normalizer:[0.019999999552965164, 0.019999999552965164, 0.05000000074505806], rot_normalizer:0.3490658503988659
[predict()] making cropped data
[make_crop_data_batch()] Welcome make_crop_data_batch
[make_crop_data_batch()] make tf_to_crops done
[make_crop_data_batch()] render done
[make_crop_data_batch()] warp done
[make_crop_data_batch()] pose batch data done
[predict()] forward start
[predict()] forward done
[predict()] making cropped data
[make_crop_data_batch()] Welcome make_crop_data_batch
[make_crop_data_batch()] make tf_to_crops done
[make_crop_data_batch()] render done
[make_crop_data_batch()] warp done
[make_crop_data_batch()] pose batch data done
[predict()] forward start
[predict()] forward done
[track_one()] pose done
[716/1005] 000715.png
[track_one()] Welcome
[track_one()] depth processing done
[predict()] ob_in_cams:(1, 4, 4)
[predict()] self.cfg.use_normal:False
[predict()] trans_normalizer:[0.019999999552965164, 0.019999999552965164, 0.05000000074505806], rot_normalizer:0.3490658503988659
[predict()] making cropped data
[make_crop_data_batch()] Welcome make_crop_data_batch
[make_crop_data_batch()] make tf_to_crops done
[make_crop_data_batch()] render done
[make_crop_data_batch()] warp done
[make_crop_data_batch()] pose batch data done
[predict()] forward start
[predict()] forward done
[predict()] making cropped data
[make_crop_data_batch()] Welcome make_crop_data_batch
[make_crop_data_batch()] make tf_to_crops done
[make_crop_data_batch()] render done
[make_crop_data_batch()] warp done
[make_crop_data_batch()] pose batch data done
[predict()] forward start
[predict()] forward done
[track_one()] pose done
[717/1005] 000716.png
[track_one()] Welcome
[track_one()] depth processing done
[predict()] ob_in_cams:(1, 4, 4)
[predict()] self.cfg.use_normal:False
[predict()] trans_normalizer:[0.019999999552965164, 0.019999999552965164, 0.05000000074505806], rot_normalizer:0.3490658503988659
[predict()] making cropped data
[make_crop_data_batch()] Welcome make_crop_data_batch
[make_crop_data_batch()] make tf_to_crops done
[make_crop_data_batch()] render done
[make_crop_data_batch()] warp done
[make_crop_data_batch()] pose batch data done
[predict()] forward start
[predict()] forward done
[predict()] making cropped data
[make_crop_data_batch()] Welcome make_crop_data_batch
[make_crop_data_batch()] make tf_to_crops done
[make_crop_data_batch()] render done
[make_crop_data_batch()] warp done
[make_crop_data_batch()] pose batch data done
[predict()] forward start
[predict()] forward done
[track_one()] pose done
[718/1005] 000717.png
[track_one()] Welcome
[track_one()] depth processing done
[predict()] ob_in_cams:(1, 4, 4)
[predict()] self.cfg.use_normal:False
[predict()] trans_normalizer:[0.019999999552965164, 0.019999999552965164, 0.05000000074505806], rot_normalizer:0.3490658503988659
[predict()] making cropped data
[make_crop_data_batch()] Welcome make_crop_data_batch
[make_crop_data_batch()] make tf_to_crops done
[make_crop_data_batch()] render done
[make_crop_data_batch()] warp done
[make_crop_data_batch()] pose batch data done
[predict()] forward start
[predict()] forward done
[predict()] making cropped data
[make_crop_data_batch()] Welcome make_crop_data_batch
[make_crop_data_batch()] make tf_to_crops done
[make_crop_data_batch()] render done
[make_crop_data_batch()] warp done
[make_crop_data_batch()] pose batch data done
[predict()] forward start
[predict()] forward done
[track_one()] pose done
[719/1005] 000718.png
[track_one()] Welcome
[track_one()] depth processing done
[predict()] ob_in_cams:(1, 4, 4)
[predict()] self.cfg.use_normal:False
[predict()] trans_normalizer:[0.019999999552965164, 0.019999999552965164, 0.05000000074505806], rot_normalizer:0.3490658503988659
[predict()] making cropped data
[make_crop_data_batch()] Welcome make_crop_data_batch
[make_crop_data_batch()] make tf_to_crops done
[make_crop_data_batch()] render done
[make_crop_data_batch()] warp done
[make_crop_data_batch()] pose batch data done
[predict()] forward start
[predict()] forward done
[predict()] making cropped data
[make_crop_data_batch()] Welcome make_crop_data_batch
[make_crop_data_batch()] make tf_to_crops done
[make_crop_data_batch()] render done
[make_crop_data_batch()] warp done
[make_crop_data_batch()] pose batch data done
[predict()] forward start
[predict()] forward done
[track_one()] pose done
[720/1005] 000719.png
[track_one()] Welcome
[track_one()] depth processing done
[predict()] ob_in_cams:(1, 4, 4)
[predict()] self.cfg.use_normal:False
[predict()] trans_normalizer:[0.019999999552965164, 0.019999999552965164, 0.05000000074505806], rot_normalizer:0.3490658503988659
[predict()] making cropped data
[make_crop_data_batch()] Welcome make_crop_data_batch
[make_crop_data_batch()] make tf_to_crops done
[make_crop_data_batch()] render done
[make_crop_data_batch()] warp done
[make_crop_data_batch()] pose batch data done
[predict()] forward start
[predict()] forward done
[predict()] making cropped data
[make_crop_data_batch()] Welcome make_crop_data_batch
[make_crop_data_batch()] make tf_to_crops done
[make_crop_data_batch()] render done
[make_crop_data_batch()] warp done
[make_crop_data_batch()] pose batch data done
[predict()] forward start
[predict()] forward done
[track_one()] pose done
[721/1005] 000720.png
[track_one()] Welcome
[track_one()] depth processing done
[predict()] ob_in_cams:(1, 4, 4)
[predict()] self.cfg.use_normal:False
[predict()] trans_normalizer:[0.019999999552965164, 0.019999999552965164, 0.05000000074505806], rot_normalizer:0.3490658503988659
[predict()] making cropped data
[make_crop_data_batch()] Welcome make_crop_data_batch
[make_crop_data_batch()] make tf_to_crops done
[make_crop_data_batch()] render done
[make_crop_data_batch()] warp done
[make_crop_data_batch()] pose batch data done
[predict()] forward start
[predict()] forward done
[predict()] making cropped data
[make_crop_data_batch()] Welcome make_crop_data_batch
[make_crop_data_batch()] make tf_to_crops done
[make_crop_data_batch()] render done
[make_crop_data_batch()] warp done
[make_crop_data_batch()] pose batch data done
[predict()] forward start
[predict()] forward done
[track_one()] pose done
[722/1005] 000721.png
[track_one()] Welcome
[track_one()] depth processing done
[predict()] ob_in_cams:(1, 4, 4)
[predict()] self.cfg.use_normal:False
[predict()] trans_normalizer:[0.019999999552965164, 0.019999999552965164, 0.05000000074505806], rot_normalizer:0.3490658503988659
[predict()] making cropped data
[make_crop_data_batch()] Welcome make_crop_data_batch
[make_crop_data_batch()] make tf_to_crops done
[make_crop_data_batch()] render done
[make_crop_data_batch()] warp done
[make_crop_data_batch()] pose batch data done
[predict()] forward start
[predict()] forward done
[predict()] making cropped data
[make_crop_data_batch()] Welcome make_crop_data_batch
[make_crop_data_batch()] make tf_to_crops done
[make_crop_data_batch()] render done
[make_crop_data_batch()] warp done
[make_crop_data_batch()] pose batch data done
[predict()] forward start
[predict()] forward done
[track_one()] pose done
[723/1005] 000722.png
[track_one()] Welcome
[track_one()] depth processing done
[predict()] ob_in_cams:(1, 4, 4)
[predict()] self.cfg.use_normal:False
[predict()] trans_normalizer:[0.019999999552965164, 0.019999999552965164, 0.05000000074505806], rot_normalizer:0.3490658503988659
[predict()] making cropped data
[make_crop_data_batch()] Welcome make_crop_data_batch
[make_crop_data_batch()] make tf_to_crops done
[make_crop_data_batch()] render done
[make_crop_data_batch()] warp done
[make_crop_data_batch()] pose batch data done
[predict()] forward start
[predict()] forward done
[predict()] making cropped data
[make_crop_data_batch()] Welcome make_crop_data_batch
[make_crop_data_batch()] make tf_to_crops done
[make_crop_data_batch()] render done
[make_crop_data_batch()] warp done
[make_crop_data_batch()] pose batch data done
[predict()] forward start
[predict()] forward done
[track_one()] pose done
[724/1005] 000723.png
[track_one()] Welcome
[track_one()] depth processing done
[predict()] ob_in_cams:(1, 4, 4)
[predict()] self.cfg.use_normal:False
[predict()] trans_normalizer:[0.019999999552965164, 0.019999999552965164, 0.05000000074505806], rot_normalizer:0.3490658503988659
[predict()] making cropped data
[make_crop_data_batch()] Welcome make_crop_data_batch
[make_crop_data_batch()] make tf_to_crops done
[make_crop_data_batch()] render done
[make_crop_data_batch()] warp done
[make_crop_data_batch()] pose batch data done
[predict()] forward start
[predict()] forward done
[predict()] making cropped data
[make_crop_data_batch()] Welcome make_crop_data_batch
[make_crop_data_batch()] make tf_to_crops done
[make_crop_data_batch()] render done
[make_crop_data_batch()] warp done
[make_crop_data_batch()] pose batch data done
[predict()] forward start
[predict()] forward done
[track_one()] pose done
[725/1005] 000724.png
[track_one()] Welcome
[track_one()] depth processing done
[predict()] ob_in_cams:(1, 4, 4)
[predict()] self.cfg.use_normal:False
[predict()] trans_normalizer:[0.019999999552965164, 0.019999999552965164, 0.05000000074505806], rot_normalizer:0.3490658503988659
[predict()] making cropped data
[make_crop_data_batch()] Welcome make_crop_data_batch
[make_crop_data_batch()] make tf_to_crops done
[make_crop_data_batch()] render done
[make_crop_data_batch()] warp done
[make_crop_data_batch()] pose batch data done
[predict()] forward start
[predict()] forward done
[predict()] making cropped data
[make_crop_data_batch()] Welcome make_crop_data_batch
[make_crop_data_batch()] make tf_to_crops done
[make_crop_data_batch()] render done
[make_crop_data_batch()] warp done
[make_crop_data_batch()] pose batch data done
[predict()] forward start
[predict()] forward done
[track_one()] pose done
[726/1005] 000725.png
[track_one()] Welcome
[track_one()] depth processing done
[predict()] ob_in_cams:(1, 4, 4)
[predict()] self.cfg.use_normal:False
[predict()] trans_normalizer:[0.019999999552965164, 0.019999999552965164, 0.05000000074505806], rot_normalizer:0.3490658503988659
[predict()] making cropped data
[make_crop_data_batch()] Welcome make_crop_data_batch
[make_crop_data_batch()] make tf_to_crops done
[make_crop_data_batch()] render done
[make_crop_data_batch()] warp done
[make_crop_data_batch()] pose batch data done
[predict()] forward start
[predict()] forward done
[predict()] making cropped data
[make_crop_data_batch()] Welcome make_crop_data_batch
[make_crop_data_batch()] make tf_to_crops done
[make_crop_data_batch()] render done
[make_crop_data_batch()] warp done
[make_crop_data_batch()] pose batch data done
[predict()] forward start
[predict()] forward done
[track_one()] pose done
[727/1005] 000726.png
[track_one()] Welcome
[track_one()] depth processing done
[predict()] ob_in_cams:(1, 4, 4)
[predict()] self.cfg.use_normal:False
[predict()] trans_normalizer:[0.019999999552965164, 0.019999999552965164, 0.05000000074505806], rot_normalizer:0.3490658503988659
[predict()] making cropped data
[make_crop_data_batch()] Welcome make_crop_data_batch
[make_crop_data_batch()] make tf_to_crops done
[make_crop_data_batch()] render done
[make_crop_data_batch()] warp done
[make_crop_data_batch()] pose batch data done
[predict()] forward start
[predict()] forward done
[predict()] making cropped data
[make_crop_data_batch()] Welcome make_crop_data_batch
[make_crop_data_batch()] make tf_to_crops done
[make_crop_data_batch()] render done
[make_crop_data_batch()] warp done
[make_crop_data_batch()] pose batch data done
[predict()] forward start
[predict()] forward done
[track_one()] pose done
[728/1005] 000727.png
[track_one()] Welcome
[track_one()] depth processing done
[predict()] ob_in_cams:(1, 4, 4)
[predict()] self.cfg.use_normal:False
[predict()] trans_normalizer:[0.019999999552965164, 0.019999999552965164, 0.05000000074505806], rot_normalizer:0.3490658503988659
[predict()] making cropped data
[make_crop_data_batch()] Welcome make_crop_data_batch
[make_crop_data_batch()] make tf_to_crops done
[make_crop_data_batch()] render done
[make_crop_data_batch()] warp done
[make_crop_data_batch()] pose batch data done
[predict()] forward start
[predict()] forward done
[predict()] making cropped data
[make_crop_data_batch()] Welcome make_crop_data_batch
[make_crop_data_batch()] make tf_to_crops done
[make_crop_data_batch()] render done
[make_crop_data_batch()] warp done
[make_crop_data_batch()] pose batch data done
[predict()] forward start
[predict()] forward done
[track_one()] pose done
[729/1005] 000728.png
[track_one()] Welcome
[track_one()] depth processing done
[predict()] ob_in_cams:(1, 4, 4)
[predict()] self.cfg.use_normal:False
[predict()] trans_normalizer:[0.019999999552965164, 0.019999999552965164, 0.05000000074505806], rot_normalizer:0.3490658503988659
[predict()] making cropped data
[make_crop_data_batch()] Welcome make_crop_data_batch
[make_crop_data_batch()] make tf_to_crops done
[make_crop_data_batch()] render done
[make_crop_data_batch()] warp done
[make_crop_data_batch()] pose batch data done
[predict()] forward start
[predict()] forward done
[predict()] making cropped data
[make_crop_data_batch()] Welcome make_crop_data_batch
[make_crop_data_batch()] make tf_to_crops done
[make_crop_data_batch()] render done
[make_crop_data_batch()] warp done
[make_crop_data_batch()] pose batch data done
[predict()] forward start
[predict()] forward done
[track_one()] pose done
[730/1005] 000729.png
[track_one()] Welcome
[track_one()] depth processing done
[predict()] ob_in_cams:(1, 4, 4)
[predict()] self.cfg.use_normal:False
[predict()] trans_normalizer:[0.019999999552965164, 0.019999999552965164, 0.05000000074505806], rot_normalizer:0.3490658503988659
[predict()] making cropped data
[make_crop_data_batch()] Welcome make_crop_data_batch
[make_crop_data_batch()] make tf_to_crops done
[make_crop_data_batch()] render done
[make_crop_data_batch()] warp done
[make_crop_data_batch()] pose batch data done
[predict()] forward start
[predict()] forward done
[predict()] making cropped data
[make_crop_data_batch()] Welcome make_crop_data_batch
[make_crop_data_batch()] make tf_to_crops done
[make_crop_data_batch()] render done
[make_crop_data_batch()] warp done
[make_crop_data_batch()] pose batch data done
[predict()] forward start
[predict()] forward done
[track_one()] pose done
[731/1005] 000730.png
[track_one()] Welcome
[track_one()] depth processing done
[predict()] ob_in_cams:(1, 4, 4)
[predict()] self.cfg.use_normal:False
[predict()] trans_normalizer:[0.019999999552965164, 0.019999999552965164, 0.05000000074505806], rot_normalizer:0.3490658503988659
[predict()] making cropped data
[make_crop_data_batch()] Welcome make_crop_data_batch
[make_crop_data_batch()] make tf_to_crops done
[make_crop_data_batch()] render done
[make_crop_data_batch()] warp done
[make_crop_data_batch()] pose batch data done
[predict()] forward start
[predict()] forward done
[predict()] making cropped data
[make_crop_data_batch()] Welcome make_crop_data_batch
[make_crop_data_batch()] make tf_to_crops done
[make_crop_data_batch()] render done
[make_crop_data_batch()] warp done
[make_crop_data_batch()] pose batch data done
[predict()] forward start
[predict()] forward done
[track_one()] pose done
[732/1005] 000731.png
[track_one()] Welcome
[track_one()] depth processing done
[predict()] ob_in_cams:(1, 4, 4)
[predict()] self.cfg.use_normal:False
[predict()] trans_normalizer:[0.019999999552965164, 0.019999999552965164, 0.05000000074505806], rot_normalizer:0.3490658503988659
[predict()] making cropped data
[make_crop_data_batch()] Welcome make_crop_data_batch
[make_crop_data_batch()] make tf_to_crops done
[make_crop_data_batch()] render done
[make_crop_data_batch()] warp done
[make_crop_data_batch()] pose batch data done
[predict()] forward start
[predict()] forward done
[predict()] making cropped data
[make_crop_data_batch()] Welcome make_crop_data_batch
[make_crop_data_batch()] make tf_to_crops done
[make_crop_data_batch()] render done
[make_crop_data_batch()] warp done
[make_crop_data_batch()] pose batch data done
[predict()] forward start
[predict()] forward done
[track_one()] pose done
[733/1005] 000732.png
[track_one()] Welcome
[track_one()] depth processing done
[predict()] ob_in_cams:(1, 4, 4)
[predict()] self.cfg.use_normal:False
[predict()] trans_normalizer:[0.019999999552965164, 0.019999999552965164, 0.05000000074505806], rot_normalizer:0.3490658503988659
[predict()] making cropped data
[make_crop_data_batch()] Welcome make_crop_data_batch
[make_crop_data_batch()] make tf_to_crops done
[make_crop_data_batch()] render done
[make_crop_data_batch()] warp done
[make_crop_data_batch()] pose batch data done
[predict()] forward start
[predict()] forward done
[predict()] making cropped data
[make_crop_data_batch()] Welcome make_crop_data_batch
[make_crop_data_batch()] make tf_to_crops done
[make_crop_data_batch()] render done
[make_crop_data_batch()] warp done
[make_crop_data_batch()] pose batch data done
[predict()] forward start
[predict()] forward done
[track_one()] pose done
[734/1005] 000733.png
[track_one()] Welcome
[track_one()] depth processing done
[predict()] ob_in_cams:(1, 4, 4)
[predict()] self.cfg.use_normal:False
[predict()] trans_normalizer:[0.019999999552965164, 0.019999999552965164, 0.05000000074505806], rot_normalizer:0.3490658503988659
[predict()] making cropped data
[make_crop_data_batch()] Welcome make_crop_data_batch
[make_crop_data_batch()] make tf_to_crops done
[make_crop_data_batch()] render done
[make_crop_data_batch()] warp done
[make_crop_data_batch()] pose batch data done
[predict()] forward start
[predict()] forward done
[predict()] making cropped data
[make_crop_data_batch()] Welcome make_crop_data_batch
[make_crop_data_batch()] make tf_to_crops done
[make_crop_data_batch()] render done
[make_crop_data_batch()] warp done
[make_crop_data_batch()] pose batch data done
[predict()] forward start
[predict()] forward done
[track_one()] pose done
[735/1005] 000734.png
[track_one()] Welcome
[track_one()] depth processing done
[predict()] ob_in_cams:(1, 4, 4)
[predict()] self.cfg.use_normal:False
[predict()] trans_normalizer:[0.019999999552965164, 0.019999999552965164, 0.05000000074505806], rot_normalizer:0.3490658503988659
[predict()] making cropped data
[make_crop_data_batch()] Welcome make_crop_data_batch
[make_crop_data_batch()] make tf_to_crops done
[make_crop_data_batch()] render done
[make_crop_data_batch()] warp done
[make_crop_data_batch()] pose batch data done
[predict()] forward start
[predict()] forward done
[predict()] making cropped data
[make_crop_data_batch()] Welcome make_crop_data_batch
[make_crop_data_batch()] make tf_to_crops done
[make_crop_data_batch()] render done
[make_crop_data_batch()] warp done
[make_crop_data_batch()] pose batch data done
[predict()] forward start
[predict()] forward done
[track_one()] pose done
[736/1005] 000735.png
[track_one()] Welcome
[track_one()] depth processing done
[predict()] ob_in_cams:(1, 4, 4)
[predict()] self.cfg.use_normal:False
[predict()] trans_normalizer:[0.019999999552965164, 0.019999999552965164, 0.05000000074505806], rot_normalizer:0.3490658503988659
[predict()] making cropped data
[make_crop_data_batch()] Welcome make_crop_data_batch
[make_crop_data_batch()] make tf_to_crops done
[make_crop_data_batch()] render done
[make_crop_data_batch()] warp done
[make_crop_data_batch()] pose batch data done
[predict()] forward start
[predict()] forward done
[predict()] making cropped data
[make_crop_data_batch()] Welcome make_crop_data_batch
[make_crop_data_batch()] make tf_to_crops done
[make_crop_data_batch()] render done
[make_crop_data_batch()] warp done
[make_crop_data_batch()] pose batch data done
[predict()] forward start
[predict()] forward done
[track_one()] pose done
[737/1005] 000736.png
[track_one()] Welcome
[track_one()] depth processing done
[predict()] ob_in_cams:(1, 4, 4)
[predict()] self.cfg.use_normal:False
[predict()] trans_normalizer:[0.019999999552965164, 0.019999999552965164, 0.05000000074505806], rot_normalizer:0.3490658503988659
[predict()] making cropped data
[make_crop_data_batch()] Welcome make_crop_data_batch
[make_crop_data_batch()] make tf_to_crops done
[make_crop_data_batch()] render done
[make_crop_data_batch()] warp done
[make_crop_data_batch()] pose batch data done
[predict()] forward start
[predict()] forward done
[predict()] making cropped data
[make_crop_data_batch()] Welcome make_crop_data_batch
[make_crop_data_batch()] make tf_to_crops done
[make_crop_data_batch()] render done
[make_crop_data_batch()] warp done
[make_crop_data_batch()] pose batch data done
[predict()] forward start
[predict()] forward done
[track_one()] pose done
[738/1005] 000737.png
[track_one()] Welcome
[track_one()] depth processing done
[predict()] ob_in_cams:(1, 4, 4)
[predict()] self.cfg.use_normal:False
[predict()] trans_normalizer:[0.019999999552965164, 0.019999999552965164, 0.05000000074505806], rot_normalizer:0.3490658503988659
[predict()] making cropped data
[make_crop_data_batch()] Welcome make_crop_data_batch
[make_crop_data_batch()] make tf_to_crops done
[make_crop_data_batch()] render done
[make_crop_data_batch()] warp done
[make_crop_data_batch()] pose batch data done
[predict()] forward start
[predict()] forward done
[predict()] making cropped data
[make_crop_data_batch()] Welcome make_crop_data_batch
[make_crop_data_batch()] make tf_to_crops done
[make_crop_data_batch()] render done
[make_crop_data_batch()] warp done
[make_crop_data_batch()] pose batch data done
[predict()] forward start
[predict()] forward done
[track_one()] pose done
[739/1005] 000738.png
[track_one()] Welcome
[track_one()] depth processing done
[predict()] ob_in_cams:(1, 4, 4)
[predict()] self.cfg.use_normal:False
[predict()] trans_normalizer:[0.019999999552965164, 0.019999999552965164, 0.05000000074505806], rot_normalizer:0.3490658503988659
[predict()] making cropped data
[make_crop_data_batch()] Welcome make_crop_data_batch
[make_crop_data_batch()] make tf_to_crops done
[make_crop_data_batch()] render done
[make_crop_data_batch()] warp done
[make_crop_data_batch()] pose batch data done
[predict()] forward start
[predict()] forward done
[predict()] making cropped data
[make_crop_data_batch()] Welcome make_crop_data_batch
[make_crop_data_batch()] make tf_to_crops done
[make_crop_data_batch()] render done
[make_crop_data_batch()] warp done
[make_crop_data_batch()] pose batch data done
[predict()] forward start
[predict()] forward done
[track_one()] pose done
[740/1005] 000739.png
[track_one()] Welcome
[track_one()] depth processing done
[predict()] ob_in_cams:(1, 4, 4)
[predict()] self.cfg.use_normal:False
[predict()] trans_normalizer:[0.019999999552965164, 0.019999999552965164, 0.05000000074505806], rot_normalizer:0.3490658503988659
[predict()] making cropped data
[make_crop_data_batch()] Welcome make_crop_data_batch
[make_crop_data_batch()] make tf_to_crops done
[make_crop_data_batch()] render done
[make_crop_data_batch()] warp done
[make_crop_data_batch()] pose batch data done
[predict()] forward start
[predict()] forward done
[predict()] making cropped data
[make_crop_data_batch()] Welcome make_crop_data_batch
[make_crop_data_batch()] make tf_to_crops done
[make_crop_data_batch()] render done
[make_crop_data_batch()] warp done
[make_crop_data_batch()] pose batch data done
[predict()] forward start
[predict()] forward done
[track_one()] pose done
[741/1005] 000740.png
[track_one()] Welcome
[track_one()] depth processing done
[predict()] ob_in_cams:(1, 4, 4)
[predict()] self.cfg.use_normal:False
[predict()] trans_normalizer:[0.019999999552965164, 0.019999999552965164, 0.05000000074505806], rot_normalizer:0.3490658503988659
[predict()] making cropped data
[make_crop_data_batch()] Welcome make_crop_data_batch
[make_crop_data_batch()] make tf_to_crops done
[make_crop_data_batch()] render done
[make_crop_data_batch()] warp done
[make_crop_data_batch()] pose batch data done
[predict()] forward start
[predict()] forward done
[predict()] making cropped data
[make_crop_data_batch()] Welcome make_crop_data_batch
[make_crop_data_batch()] make tf_to_crops done
[make_crop_data_batch()] render done
[make_crop_data_batch()] warp done
[make_crop_data_batch()] pose batch data done
[predict()] forward start
[predict()] forward done
[track_one()] pose done
[742/1005] 000741.png
[track_one()] Welcome
[track_one()] depth processing done
[predict()] ob_in_cams:(1, 4, 4)
[predict()] self.cfg.use_normal:False
[predict()] trans_normalizer:[0.019999999552965164, 0.019999999552965164, 0.05000000074505806], rot_normalizer:0.3490658503988659
[predict()] making cropped data
[make_crop_data_batch()] Welcome make_crop_data_batch
[make_crop_data_batch()] make tf_to_crops done
[make_crop_data_batch()] render done
[make_crop_data_batch()] warp done
[make_crop_data_batch()] pose batch data done
[predict()] forward start
[predict()] forward done
[predict()] making cropped data
[make_crop_data_batch()] Welcome make_crop_data_batch
[make_crop_data_batch()] make tf_to_crops done
[make_crop_data_batch()] render done
[make_crop_data_batch()] warp done
[make_crop_data_batch()] pose batch data done
[predict()] forward start
[predict()] forward done
[track_one()] pose done
[743/1005] 000742.png
[track_one()] Welcome
[track_one()] depth processing done
[predict()] ob_in_cams:(1, 4, 4)
[predict()] self.cfg.use_normal:False
[predict()] trans_normalizer:[0.019999999552965164, 0.019999999552965164, 0.05000000074505806], rot_normalizer:0.3490658503988659
[predict()] making cropped data
[make_crop_data_batch()] Welcome make_crop_data_batch
[make_crop_data_batch()] make tf_to_crops done
[make_crop_data_batch()] render done
[make_crop_data_batch()] warp done
[make_crop_data_batch()] pose batch data done
[predict()] forward start
[predict()] forward done
[predict()] making cropped data
[make_crop_data_batch()] Welcome make_crop_data_batch
[make_crop_data_batch()] make tf_to_crops done
[make_crop_data_batch()] render done
[make_crop_data_batch()] warp done
[make_crop_data_batch()] pose batch data done
[predict()] forward start
[predict()] forward done
[track_one()] pose done
[744/1005] 000743.png
[track_one()] Welcome
[track_one()] depth processing done
[predict()] ob_in_cams:(1, 4, 4)
[predict()] self.cfg.use_normal:False
[predict()] trans_normalizer:[0.019999999552965164, 0.019999999552965164, 0.05000000074505806], rot_normalizer:0.3490658503988659
[predict()] making cropped data
[make_crop_data_batch()] Welcome make_crop_data_batch
[make_crop_data_batch()] make tf_to_crops done
[make_crop_data_batch()] render done
[make_crop_data_batch()] warp done
[make_crop_data_batch()] pose batch data done
[predict()] forward start
[predict()] forward done
[predict()] making cropped data
[make_crop_data_batch()] Welcome make_crop_data_batch
[make_crop_data_batch()] make tf_to_crops done
[make_crop_data_batch()] render done
[make_crop_data_batch()] warp done
[make_crop_data_batch()] pose batch data done
[predict()] forward start
[predict()] forward done
[track_one()] pose done
[745/1005] 000744.png
[track_one()] Welcome
[track_one()] depth processing done
[predict()] ob_in_cams:(1, 4, 4)
[predict()] self.cfg.use_normal:False
[predict()] trans_normalizer:[0.019999999552965164, 0.019999999552965164, 0.05000000074505806], rot_normalizer:0.3490658503988659
[predict()] making cropped data
[make_crop_data_batch()] Welcome make_crop_data_batch
[make_crop_data_batch()] make tf_to_crops done
[make_crop_data_batch()] render done
[make_crop_data_batch()] warp done
[make_crop_data_batch()] pose batch data done
[predict()] forward start
[predict()] forward done
[predict()] making cropped data
[make_crop_data_batch()] Welcome make_crop_data_batch
[make_crop_data_batch()] make tf_to_crops done
[make_crop_data_batch()] render done
[make_crop_data_batch()] warp done
[make_crop_data_batch()] pose batch data done
[predict()] forward start
[predict()] forward done
[track_one()] pose done
[746/1005] 000745.png
[track_one()] Welcome
[track_one()] depth processing done
[predict()] ob_in_cams:(1, 4, 4)
[predict()] self.cfg.use_normal:False
[predict()] trans_normalizer:[0.019999999552965164, 0.019999999552965164, 0.05000000074505806], rot_normalizer:0.3490658503988659
[predict()] making cropped data
[make_crop_data_batch()] Welcome make_crop_data_batch
[make_crop_data_batch()] make tf_to_crops done
[make_crop_data_batch()] render done
[make_crop_data_batch()] warp done
[make_crop_data_batch()] pose batch data done
[predict()] forward start
[predict()] forward done
[predict()] making cropped data
[make_crop_data_batch()] Welcome make_crop_data_batch
[make_crop_data_batch()] make tf_to_crops done
[make_crop_data_batch()] render done
[make_crop_data_batch()] warp done
[make_crop_data_batch()] pose batch data done
[predict()] forward start
[predict()] forward done
[track_one()] pose done
[747/1005] 000746.png
[track_one()] Welcome
[track_one()] depth processing done
[predict()] ob_in_cams:(1, 4, 4)
[predict()] self.cfg.use_normal:False
[predict()] trans_normalizer:[0.019999999552965164, 0.019999999552965164, 0.05000000074505806], rot_normalizer:0.3490658503988659
[predict()] making cropped data
[make_crop_data_batch()] Welcome make_crop_data_batch
[make_crop_data_batch()] make tf_to_crops done
[make_crop_data_batch()] render done
[make_crop_data_batch()] warp done
[make_crop_data_batch()] pose batch data done
[predict()] forward start
[predict()] forward done
[predict()] making cropped data
[make_crop_data_batch()] Welcome make_crop_data_batch
[make_crop_data_batch()] make tf_to_crops done
[make_crop_data_batch()] render done
[make_crop_data_batch()] warp done
[make_crop_data_batch()] pose batch data done
[predict()] forward start
[predict()] forward done
[track_one()] pose done
[748/1005] 000747.png
[track_one()] Welcome
[track_one()] depth processing done
[predict()] ob_in_cams:(1, 4, 4)
[predict()] self.cfg.use_normal:False
[predict()] trans_normalizer:[0.019999999552965164, 0.019999999552965164, 0.05000000074505806], rot_normalizer:0.3490658503988659
[predict()] making cropped data
[make_crop_data_batch()] Welcome make_crop_data_batch
[make_crop_data_batch()] make tf_to_crops done
[make_crop_data_batch()] render done
[make_crop_data_batch()] warp done
[make_crop_data_batch()] pose batch data done
[predict()] forward start
[predict()] forward done
[predict()] making cropped data
[make_crop_data_batch()] Welcome make_crop_data_batch
[make_crop_data_batch()] make tf_to_crops done
[make_crop_data_batch()] render done
[make_crop_data_batch()] warp done
[make_crop_data_batch()] pose batch data done
[predict()] forward start
[predict()] forward done
[track_one()] pose done
[749/1005] 000748.png
[track_one()] Welcome
[track_one()] depth processing done
[predict()] ob_in_cams:(1, 4, 4)
[predict()] self.cfg.use_normal:False
[predict()] trans_normalizer:[0.019999999552965164, 0.019999999552965164, 0.05000000074505806], rot_normalizer:0.3490658503988659
[predict()] making cropped data
[make_crop_data_batch()] Welcome make_crop_data_batch
[make_crop_data_batch()] make tf_to_crops done
[make_crop_data_batch()] render done
[make_crop_data_batch()] warp done
[make_crop_data_batch()] pose batch data done
[predict()] forward start
[predict()] forward done
[predict()] making cropped data
[make_crop_data_batch()] Welcome make_crop_data_batch
[make_crop_data_batch()] make tf_to_crops done
[make_crop_data_batch()] render done
[make_crop_data_batch()] warp done
[make_crop_data_batch()] pose batch data done
[predict()] forward start
[predict()] forward done
[track_one()] pose done
[750/1005] 000749.png
[track_one()] Welcome
[track_one()] depth processing done
[predict()] ob_in_cams:(1, 4, 4)
[predict()] self.cfg.use_normal:False
[predict()] trans_normalizer:[0.019999999552965164, 0.019999999552965164, 0.05000000074505806], rot_normalizer:0.3490658503988659
[predict()] making cropped data
[make_crop_data_batch()] Welcome make_crop_data_batch
[make_crop_data_batch()] make tf_to_crops done
[make_crop_data_batch()] render done
[make_crop_data_batch()] warp done
[make_crop_data_batch()] pose batch data done
[predict()] forward start
[predict()] forward done
[predict()] making cropped data
[make_crop_data_batch()] Welcome make_crop_data_batch
[make_crop_data_batch()] make tf_to_crops done
[make_crop_data_batch()] render done
[make_crop_data_batch()] warp done
[make_crop_data_batch()] pose batch data done
[predict()] forward start
[predict()] forward done
[track_one()] pose done
[751/1005] 000750.png
[track_one()] Welcome
[track_one()] depth processing done
[predict()] ob_in_cams:(1, 4, 4)
[predict()] self.cfg.use_normal:False
[predict()] trans_normalizer:[0.019999999552965164, 0.019999999552965164, 0.05000000074505806], rot_normalizer:0.3490658503988659
[predict()] making cropped data
[make_crop_data_batch()] Welcome make_crop_data_batch
[make_crop_data_batch()] make tf_to_crops done
[make_crop_data_batch()] render done
[make_crop_data_batch()] warp done
[make_crop_data_batch()] pose batch data done
[predict()] forward start
[predict()] forward done
[predict()] making cropped data
[make_crop_data_batch()] Welcome make_crop_data_batch
[make_crop_data_batch()] make tf_to_crops done
[make_crop_data_batch()] render done
[make_crop_data_batch()] warp done
[make_crop_data_batch()] pose batch data done
[predict()] forward start
[predict()] forward done
[track_one()] pose done
[752/1005] 000751.png
[track_one()] Welcome
[track_one()] depth processing done
[predict()] ob_in_cams:(1, 4, 4)
[predict()] self.cfg.use_normal:False
[predict()] trans_normalizer:[0.019999999552965164, 0.019999999552965164, 0.05000000074505806], rot_normalizer:0.3490658503988659
[predict()] making cropped data
[make_crop_data_batch()] Welcome make_crop_data_batch
[make_crop_data_batch()] make tf_to_crops done
[make_crop_data_batch()] render done
[make_crop_data_batch()] warp done
[make_crop_data_batch()] pose batch data done
[predict()] forward start
[predict()] forward done
[predict()] making cropped data
[make_crop_data_batch()] Welcome make_crop_data_batch
[make_crop_data_batch()] make tf_to_crops done
[make_crop_data_batch()] render done
[make_crop_data_batch()] warp done
[make_crop_data_batch()] pose batch data done
[predict()] forward start
[predict()] forward done
[track_one()] pose done
[753/1005] 000752.png
[track_one()] Welcome
[track_one()] depth processing done
[predict()] ob_in_cams:(1, 4, 4)
[predict()] self.cfg.use_normal:False
[predict()] trans_normalizer:[0.019999999552965164, 0.019999999552965164, 0.05000000074505806], rot_normalizer:0.3490658503988659
[predict()] making cropped data
[make_crop_data_batch()] Welcome make_crop_data_batch
[make_crop_data_batch()] make tf_to_crops done
[make_crop_data_batch()] render done
[make_crop_data_batch()] warp done
[make_crop_data_batch()] pose batch data done
[predict()] forward start
[predict()] forward done
[predict()] making cropped data
[make_crop_data_batch()] Welcome make_crop_data_batch
[make_crop_data_batch()] make tf_to_crops done
[make_crop_data_batch()] render done
[make_crop_data_batch()] warp done
[make_crop_data_batch()] pose batch data done
[predict()] forward start
[predict()] forward done
[track_one()] pose done
[754/1005] 000753.png
[track_one()] Welcome
[track_one()] depth processing done
[predict()] ob_in_cams:(1, 4, 4)
[predict()] self.cfg.use_normal:False
[predict()] trans_normalizer:[0.019999999552965164, 0.019999999552965164, 0.05000000074505806], rot_normalizer:0.3490658503988659
[predict()] making cropped data
[make_crop_data_batch()] Welcome make_crop_data_batch
[make_crop_data_batch()] make tf_to_crops done
[make_crop_data_batch()] render done
[make_crop_data_batch()] warp done
[make_crop_data_batch()] pose batch data done
[predict()] forward start
[predict()] forward done
[predict()] making cropped data
[make_crop_data_batch()] Welcome make_crop_data_batch
[make_crop_data_batch()] make tf_to_crops done
[make_crop_data_batch()] render done
[make_crop_data_batch()] warp done
[make_crop_data_batch()] pose batch data done
[predict()] forward start
[predict()] forward done
[track_one()] pose done
[755/1005] 000754.png
[track_one()] Welcome
[track_one()] depth processing done
[predict()] ob_in_cams:(1, 4, 4)
[predict()] self.cfg.use_normal:False
[predict()] trans_normalizer:[0.019999999552965164, 0.019999999552965164, 0.05000000074505806], rot_normalizer:0.3490658503988659
[predict()] making cropped data
[make_crop_data_batch()] Welcome make_crop_data_batch
[make_crop_data_batch()] make tf_to_crops done
[make_crop_data_batch()] render done
[make_crop_data_batch()] warp done
[make_crop_data_batch()] pose batch data done
[predict()] forward start
[predict()] forward done
[predict()] making cropped data
[make_crop_data_batch()] Welcome make_crop_data_batch
[make_crop_data_batch()] make tf_to_crops done
[make_crop_data_batch()] render done
[make_crop_data_batch()] warp done
[make_crop_data_batch()] pose batch data done
[predict()] forward start
[predict()] forward done
[track_one()] pose done
[756/1005] 000755.png
[track_one()] Welcome
[track_one()] depth processing done
[predict()] ob_in_cams:(1, 4, 4)
[predict()] self.cfg.use_normal:False
[predict()] trans_normalizer:[0.019999999552965164, 0.019999999552965164, 0.05000000074505806], rot_normalizer:0.3490658503988659
[predict()] making cropped data
[make_crop_data_batch()] Welcome make_crop_data_batch
[make_crop_data_batch()] make tf_to_crops done
[make_crop_data_batch()] render done
[make_crop_data_batch()] warp done
[make_crop_data_batch()] pose batch data done
[predict()] forward start
[predict()] forward done
[predict()] making cropped data
[make_crop_data_batch()] Welcome make_crop_data_batch
[make_crop_data_batch()] make tf_to_crops done
[make_crop_data_batch()] render done
[make_crop_data_batch()] warp done
[make_crop_data_batch()] pose batch data done
[predict()] forward start
[predict()] forward done
[track_one()] pose done
[757/1005] 000756.png
[track_one()] Welcome
[track_one()] depth processing done
[predict()] ob_in_cams:(1, 4, 4)
[predict()] self.cfg.use_normal:False
[predict()] trans_normalizer:[0.019999999552965164, 0.019999999552965164, 0.05000000074505806], rot_normalizer:0.3490658503988659
[predict()] making cropped data
[make_crop_data_batch()] Welcome make_crop_data_batch
[make_crop_data_batch()] make tf_to_crops done
[make_crop_data_batch()] render done
[make_crop_data_batch()] warp done
[make_crop_data_batch()] pose batch data done
[predict()] forward start
[predict()] forward done
[predict()] making cropped data
[make_crop_data_batch()] Welcome make_crop_data_batch
[make_crop_data_batch()] make tf_to_crops done
[make_crop_data_batch()] render done
[make_crop_data_batch()] warp done
[make_crop_data_batch()] pose batch data done
[predict()] forward start
[predict()] forward done
[track_one()] pose done
[758/1005] 000757.png
[track_one()] Welcome
[track_one()] depth processing done
[predict()] ob_in_cams:(1, 4, 4)
[predict()] self.cfg.use_normal:False
[predict()] trans_normalizer:[0.019999999552965164, 0.019999999552965164, 0.05000000074505806], rot_normalizer:0.3490658503988659
[predict()] making cropped data
[make_crop_data_batch()] Welcome make_crop_data_batch
[make_crop_data_batch()] make tf_to_crops done
[make_crop_data_batch()] render done
[make_crop_data_batch()] warp done
[make_crop_data_batch()] pose batch data done
[predict()] forward start
[predict()] forward done
[predict()] making cropped data
[make_crop_data_batch()] Welcome make_crop_data_batch
[make_crop_data_batch()] make tf_to_crops done
[make_crop_data_batch()] render done
[make_crop_data_batch()] warp done
[make_crop_data_batch()] pose batch data done
[predict()] forward start
[predict()] forward done
[track_one()] pose done
[759/1005] 000758.png
[track_one()] Welcome
[track_one()] depth processing done
[predict()] ob_in_cams:(1, 4, 4)
[predict()] self.cfg.use_normal:False
[predict()] trans_normalizer:[0.019999999552965164, 0.019999999552965164, 0.05000000074505806], rot_normalizer:0.3490658503988659
[predict()] making cropped data
[make_crop_data_batch()] Welcome make_crop_data_batch
[make_crop_data_batch()] make tf_to_crops done
[make_crop_data_batch()] render done
[make_crop_data_batch()] warp done
[make_crop_data_batch()] pose batch data done
[predict()] forward start
[predict()] forward done
[predict()] making cropped data
[make_crop_data_batch()] Welcome make_crop_data_batch
[make_crop_data_batch()] make tf_to_crops done
[make_crop_data_batch()] render done
[make_crop_data_batch()] warp done
[make_crop_data_batch()] pose batch data done
[predict()] forward start
[predict()] forward done
[track_one()] pose done
[760/1005] 000759.png
[track_one()] Welcome
[track_one()] depth processing done
[predict()] ob_in_cams:(1, 4, 4)
[predict()] self.cfg.use_normal:False
[predict()] trans_normalizer:[0.019999999552965164, 0.019999999552965164, 0.05000000074505806], rot_normalizer:0.3490658503988659
[predict()] making cropped data
[make_crop_data_batch()] Welcome make_crop_data_batch
[make_crop_data_batch()] make tf_to_crops done
[make_crop_data_batch()] render done
[make_crop_data_batch()] warp done
[make_crop_data_batch()] pose batch data done
[predict()] forward start
[predict()] forward done
[predict()] making cropped data
[make_crop_data_batch()] Welcome make_crop_data_batch
[make_crop_data_batch()] make tf_to_crops done
[make_crop_data_batch()] render done
[make_crop_data_batch()] warp done
[make_crop_data_batch()] pose batch data done
[predict()] forward start
[predict()] forward done
[track_one()] pose done
[761/1005] 000760.png
[track_one()] Welcome
[track_one()] depth processing done
[predict()] ob_in_cams:(1, 4, 4)
[predict()] self.cfg.use_normal:False
[predict()] trans_normalizer:[0.019999999552965164, 0.019999999552965164, 0.05000000074505806], rot_normalizer:0.3490658503988659
[predict()] making cropped data
[make_crop_data_batch()] Welcome make_crop_data_batch
[make_crop_data_batch()] make tf_to_crops done
[make_crop_data_batch()] render done
[make_crop_data_batch()] warp done
[make_crop_data_batch()] pose batch data done
[predict()] forward start
[predict()] forward done
[predict()] making cropped data
[make_crop_data_batch()] Welcome make_crop_data_batch
[make_crop_data_batch()] make tf_to_crops done
[make_crop_data_batch()] render done
[make_crop_data_batch()] warp done
[make_crop_data_batch()] pose batch data done
[predict()] forward start
[predict()] forward done
[track_one()] pose done
[762/1005] 000761.png
[track_one()] Welcome
[track_one()] depth processing done
[predict()] ob_in_cams:(1, 4, 4)
[predict()] self.cfg.use_normal:False
[predict()] trans_normalizer:[0.019999999552965164, 0.019999999552965164, 0.05000000074505806], rot_normalizer:0.3490658503988659
[predict()] making cropped data
[make_crop_data_batch()] Welcome make_crop_data_batch
[make_crop_data_batch()] make tf_to_crops done
[make_crop_data_batch()] render done
[make_crop_data_batch()] warp done
[make_crop_data_batch()] pose batch data done
[predict()] forward start
[predict()] forward done
[predict()] making cropped data
[make_crop_data_batch()] Welcome make_crop_data_batch
[make_crop_data_batch()] make tf_to_crops done
[make_crop_data_batch()] render done
[make_crop_data_batch()] warp done
[make_crop_data_batch()] pose batch data done
[predict()] forward start
[predict()] forward done
[track_one()] pose done
[763/1005] 000762.png
[track_one()] Welcome
[track_one()] depth processing done
[predict()] ob_in_cams:(1, 4, 4)
[predict()] self.cfg.use_normal:False
[predict()] trans_normalizer:[0.019999999552965164, 0.019999999552965164, 0.05000000074505806], rot_normalizer:0.3490658503988659
[predict()] making cropped data
[make_crop_data_batch()] Welcome make_crop_data_batch
[make_crop_data_batch()] make tf_to_crops done
[make_crop_data_batch()] render done
[make_crop_data_batch()] warp done
[make_crop_data_batch()] pose batch data done
[predict()] forward start
[predict()] forward done
[predict()] making cropped data
[make_crop_data_batch()] Welcome make_crop_data_batch
[make_crop_data_batch()] make tf_to_crops done
[make_crop_data_batch()] render done
[make_crop_data_batch()] warp done
[make_crop_data_batch()] pose batch data done
[predict()] forward start
[predict()] forward done
[track_one()] pose done
[764/1005] 000763.png
[track_one()] Welcome
[track_one()] depth processing done
[predict()] ob_in_cams:(1, 4, 4)
[predict()] self.cfg.use_normal:False
[predict()] trans_normalizer:[0.019999999552965164, 0.019999999552965164, 0.05000000074505806], rot_normalizer:0.3490658503988659
[predict()] making cropped data
[make_crop_data_batch()] Welcome make_crop_data_batch
[make_crop_data_batch()] make tf_to_crops done
[make_crop_data_batch()] render done
[make_crop_data_batch()] warp done
[make_crop_data_batch()] pose batch data done
[predict()] forward start
[predict()] forward done
[predict()] making cropped data
[make_crop_data_batch()] Welcome make_crop_data_batch
[make_crop_data_batch()] make tf_to_crops done
[make_crop_data_batch()] render done
[make_crop_data_batch()] warp done
[make_crop_data_batch()] pose batch data done
[predict()] forward start
[predict()] forward done
[track_one()] pose done
[765/1005] 000764.png
[track_one()] Welcome
[track_one()] depth processing done
[predict()] ob_in_cams:(1, 4, 4)
[predict()] self.cfg.use_normal:False
[predict()] trans_normalizer:[0.019999999552965164, 0.019999999552965164, 0.05000000074505806], rot_normalizer:0.3490658503988659
[predict()] making cropped data
[make_crop_data_batch()] Welcome make_crop_data_batch
[make_crop_data_batch()] make tf_to_crops done
[make_crop_data_batch()] render done
[make_crop_data_batch()] warp done
[make_crop_data_batch()] pose batch data done
[predict()] forward start
[predict()] forward done
[predict()] making cropped data
[make_crop_data_batch()] Welcome make_crop_data_batch
[make_crop_data_batch()] make tf_to_crops done
[make_crop_data_batch()] render done
[make_crop_data_batch()] warp done
[make_crop_data_batch()] pose batch data done
[predict()] forward start
[predict()] forward done
[track_one()] pose done
[766/1005] 000765.png
[track_one()] Welcome
[track_one()] depth processing done
[predict()] ob_in_cams:(1, 4, 4)
[predict()] self.cfg.use_normal:False
[predict()] trans_normalizer:[0.019999999552965164, 0.019999999552965164, 0.05000000074505806], rot_normalizer:0.3490658503988659
[predict()] making cropped data
[make_crop_data_batch()] Welcome make_crop_data_batch
[make_crop_data_batch()] make tf_to_crops done
[make_crop_data_batch()] render done
[make_crop_data_batch()] warp done
[make_crop_data_batch()] pose batch data done
[predict()] forward start
[predict()] forward done
[predict()] making cropped data
[make_crop_data_batch()] Welcome make_crop_data_batch
[make_crop_data_batch()] make tf_to_crops done
[make_crop_data_batch()] render done
[make_crop_data_batch()] warp done
[make_crop_data_batch()] pose batch data done
[predict()] forward start
[predict()] forward done
[track_one()] pose done
[767/1005] 000766.png
[track_one()] Welcome
[track_one()] depth processing done
[predict()] ob_in_cams:(1, 4, 4)
[predict()] self.cfg.use_normal:False
[predict()] trans_normalizer:[0.019999999552965164, 0.019999999552965164, 0.05000000074505806], rot_normalizer:0.3490658503988659
[predict()] making cropped data
[make_crop_data_batch()] Welcome make_crop_data_batch
[make_crop_data_batch()] make tf_to_crops done
[make_crop_data_batch()] render done
[make_crop_data_batch()] warp done
[make_crop_data_batch()] pose batch data done
[predict()] forward start
[predict()] forward done
[predict()] making cropped data
[make_crop_data_batch()] Welcome make_crop_data_batch
[make_crop_data_batch()] make tf_to_crops done
[make_crop_data_batch()] render done
[make_crop_data_batch()] warp done
[make_crop_data_batch()] pose batch data done
[predict()] forward start
[predict()] forward done
[track_one()] pose done
[768/1005] 000767.png
[track_one()] Welcome
[track_one()] depth processing done
[predict()] ob_in_cams:(1, 4, 4)
[predict()] self.cfg.use_normal:False
[predict()] trans_normalizer:[0.019999999552965164, 0.019999999552965164, 0.05000000074505806], rot_normalizer:0.3490658503988659
[predict()] making cropped data
[make_crop_data_batch()] Welcome make_crop_data_batch
[make_crop_data_batch()] make tf_to_crops done
[make_crop_data_batch()] render done
[make_crop_data_batch()] warp done
[make_crop_data_batch()] pose batch data done
[predict()] forward start
[predict()] forward done
[predict()] making cropped data
[make_crop_data_batch()] Welcome make_crop_data_batch
[make_crop_data_batch()] make tf_to_crops done
[make_crop_data_batch()] render done
[make_crop_data_batch()] warp done
[make_crop_data_batch()] pose batch data done
[predict()] forward start
[predict()] forward done
[track_one()] pose done
[769/1005] 000768.png
[track_one()] Welcome
[track_one()] depth processing done
[predict()] ob_in_cams:(1, 4, 4)
[predict()] self.cfg.use_normal:False
[predict()] trans_normalizer:[0.019999999552965164, 0.019999999552965164, 0.05000000074505806], rot_normalizer:0.3490658503988659
[predict()] making cropped data
[make_crop_data_batch()] Welcome make_crop_data_batch
[make_crop_data_batch()] make tf_to_crops done
[make_crop_data_batch()] render done
[make_crop_data_batch()] warp done
[make_crop_data_batch()] pose batch data done
[predict()] forward start
[predict()] forward done
[predict()] making cropped data
[make_crop_data_batch()] Welcome make_crop_data_batch
[make_crop_data_batch()] make tf_to_crops done
[make_crop_data_batch()] render done
[make_crop_data_batch()] warp done
[make_crop_data_batch()] pose batch data done
[predict()] forward start
[predict()] forward done
[track_one()] pose done
[770/1005] 000769.png
[track_one()] Welcome
[track_one()] depth processing done
[predict()] ob_in_cams:(1, 4, 4)
[predict()] self.cfg.use_normal:False
[predict()] trans_normalizer:[0.019999999552965164, 0.019999999552965164, 0.05000000074505806], rot_normalizer:0.3490658503988659
[predict()] making cropped data
[make_crop_data_batch()] Welcome make_crop_data_batch
[make_crop_data_batch()] make tf_to_crops done
[make_crop_data_batch()] render done
[make_crop_data_batch()] warp done
[make_crop_data_batch()] pose batch data done
[predict()] forward start
[predict()] forward done
[predict()] making cropped data
[make_crop_data_batch()] Welcome make_crop_data_batch
[make_crop_data_batch()] make tf_to_crops done
[make_crop_data_batch()] render done
[make_crop_data_batch()] warp done
[make_crop_data_batch()] pose batch data done
[predict()] forward start
[predict()] forward done
[track_one()] pose done
[771/1005] 000770.png
[track_one()] Welcome
[track_one()] depth processing done
[predict()] ob_in_cams:(1, 4, 4)
[predict()] self.cfg.use_normal:False
[predict()] trans_normalizer:[0.019999999552965164, 0.019999999552965164, 0.05000000074505806], rot_normalizer:0.3490658503988659
[predict()] making cropped data
[make_crop_data_batch()] Welcome make_crop_data_batch
[make_crop_data_batch()] make tf_to_crops done
[make_crop_data_batch()] render done
[make_crop_data_batch()] warp done
[make_crop_data_batch()] pose batch data done
[predict()] forward start
[predict()] forward done
[predict()] making cropped data
[make_crop_data_batch()] Welcome make_crop_data_batch
[make_crop_data_batch()] make tf_to_crops done
[make_crop_data_batch()] render done
[make_crop_data_batch()] warp done
[make_crop_data_batch()] pose batch data done
[predict()] forward start
[predict()] forward done
[track_one()] pose done
[772/1005] 000771.png
[track_one()] Welcome
[track_one()] depth processing done
[predict()] ob_in_cams:(1, 4, 4)
[predict()] self.cfg.use_normal:False
[predict()] trans_normalizer:[0.019999999552965164, 0.019999999552965164, 0.05000000074505806], rot_normalizer:0.3490658503988659
[predict()] making cropped data
[make_crop_data_batch()] Welcome make_crop_data_batch
[make_crop_data_batch()] make tf_to_crops done
[make_crop_data_batch()] render done
[make_crop_data_batch()] warp done
[make_crop_data_batch()] pose batch data done
[predict()] forward start
[predict()] forward done
[predict()] making cropped data
[make_crop_data_batch()] Welcome make_crop_data_batch
[make_crop_data_batch()] make tf_to_crops done
[make_crop_data_batch()] render done
[make_crop_data_batch()] warp done
[make_crop_data_batch()] pose batch data done
[predict()] forward start
[predict()] forward done
[track_one()] pose done
[773/1005] 000772.png
[track_one()] Welcome
[track_one()] depth processing done
[predict()] ob_in_cams:(1, 4, 4)
[predict()] self.cfg.use_normal:False
[predict()] trans_normalizer:[0.019999999552965164, 0.019999999552965164, 0.05000000074505806], rot_normalizer:0.3490658503988659
[predict()] making cropped data
[make_crop_data_batch()] Welcome make_crop_data_batch
[make_crop_data_batch()] make tf_to_crops done
[make_crop_data_batch()] render done
[make_crop_data_batch()] warp done
[make_crop_data_batch()] pose batch data done
[predict()] forward start
[predict()] forward done
[predict()] making cropped data
[make_crop_data_batch()] Welcome make_crop_data_batch
[make_crop_data_batch()] make tf_to_crops done
[make_crop_data_batch()] render done
[make_crop_data_batch()] warp done
[make_crop_data_batch()] pose batch data done
[predict()] forward start
[predict()] forward done
[track_one()] pose done
[774/1005] 000773.png
[track_one()] Welcome
[track_one()] depth processing done
[predict()] ob_in_cams:(1, 4, 4)
[predict()] self.cfg.use_normal:False
[predict()] trans_normalizer:[0.019999999552965164, 0.019999999552965164, 0.05000000074505806], rot_normalizer:0.3490658503988659
[predict()] making cropped data
[make_crop_data_batch()] Welcome make_crop_data_batch
[make_crop_data_batch()] make tf_to_crops done
[make_crop_data_batch()] render done
[make_crop_data_batch()] warp done
[make_crop_data_batch()] pose batch data done
[predict()] forward start
[predict()] forward done
[predict()] making cropped data
[make_crop_data_batch()] Welcome make_crop_data_batch
[make_crop_data_batch()] make tf_to_crops done
[make_crop_data_batch()] render done
[make_crop_data_batch()] warp done
[make_crop_data_batch()] pose batch data done
[predict()] forward start
[predict()] forward done
[track_one()] pose done
[775/1005] 000774.png
[track_one()] Welcome
[track_one()] depth processing done
[predict()] ob_in_cams:(1, 4, 4)
[predict()] self.cfg.use_normal:False
[predict()] trans_normalizer:[0.019999999552965164, 0.019999999552965164, 0.05000000074505806], rot_normalizer:0.3490658503988659
[predict()] making cropped data
[make_crop_data_batch()] Welcome make_crop_data_batch
[make_crop_data_batch()] make tf_to_crops done
[make_crop_data_batch()] render done
[make_crop_data_batch()] warp done
[make_crop_data_batch()] pose batch data done
[predict()] forward start
[predict()] forward done
[predict()] making cropped data
[make_crop_data_batch()] Welcome make_crop_data_batch
[make_crop_data_batch()] make tf_to_crops done
[make_crop_data_batch()] render done
[make_crop_data_batch()] warp done
[make_crop_data_batch()] pose batch data done
[predict()] forward start
[predict()] forward done
[track_one()] pose done
[776/1005] 000775.png
[track_one()] Welcome
[track_one()] depth processing done
[predict()] ob_in_cams:(1, 4, 4)
[predict()] self.cfg.use_normal:False
[predict()] trans_normalizer:[0.019999999552965164, 0.019999999552965164, 0.05000000074505806], rot_normalizer:0.3490658503988659
[predict()] making cropped data
[make_crop_data_batch()] Welcome make_crop_data_batch
[make_crop_data_batch()] make tf_to_crops done
[make_crop_data_batch()] render done
[make_crop_data_batch()] warp done
[make_crop_data_batch()] pose batch data done
[predict()] forward start
[predict()] forward done
[predict()] making cropped data
[make_crop_data_batch()] Welcome make_crop_data_batch
[make_crop_data_batch()] make tf_to_crops done
[make_crop_data_batch()] render done
[make_crop_data_batch()] warp done
[make_crop_data_batch()] pose batch data done
[predict()] forward start
[predict()] forward done
[track_one()] pose done
[777/1005] 000776.png
[track_one()] Welcome
[track_one()] depth processing done
[predict()] ob_in_cams:(1, 4, 4)
[predict()] self.cfg.use_normal:False
[predict()] trans_normalizer:[0.019999999552965164, 0.019999999552965164, 0.05000000074505806], rot_normalizer:0.3490658503988659
[predict()] making cropped data
[make_crop_data_batch()] Welcome make_crop_data_batch
[make_crop_data_batch()] make tf_to_crops done
[make_crop_data_batch()] render done
[make_crop_data_batch()] warp done
[make_crop_data_batch()] pose batch data done
[predict()] forward start
[predict()] forward done
[predict()] making cropped data
[make_crop_data_batch()] Welcome make_crop_data_batch
[make_crop_data_batch()] make tf_to_crops done
[make_crop_data_batch()] render done
[make_crop_data_batch()] warp done
[make_crop_data_batch()] pose batch data done
[predict()] forward start
[predict()] forward done
[track_one()] pose done
[778/1005] 000777.png
[track_one()] Welcome
[track_one()] depth processing done
[predict()] ob_in_cams:(1, 4, 4)
[predict()] self.cfg.use_normal:False
[predict()] trans_normalizer:[0.019999999552965164, 0.019999999552965164, 0.05000000074505806], rot_normalizer:0.3490658503988659
[predict()] making cropped data
[make_crop_data_batch()] Welcome make_crop_data_batch
[make_crop_data_batch()] make tf_to_crops done
[make_crop_data_batch()] render done
[make_crop_data_batch()] warp done
[make_crop_data_batch()] pose batch data done
[predict()] forward start
[predict()] forward done
[predict()] making cropped data
[make_crop_data_batch()] Welcome make_crop_data_batch
[make_crop_data_batch()] make tf_to_crops done
[make_crop_data_batch()] render done
[make_crop_data_batch()] warp done
[make_crop_data_batch()] pose batch data done
[predict()] forward start
[predict()] forward done
[track_one()] pose done
[779/1005] 000778.png
[track_one()] Welcome
[track_one()] depth processing done
[predict()] ob_in_cams:(1, 4, 4)
[predict()] self.cfg.use_normal:False
[predict()] trans_normalizer:[0.019999999552965164, 0.019999999552965164, 0.05000000074505806], rot_normalizer:0.3490658503988659
[predict()] making cropped data
[make_crop_data_batch()] Welcome make_crop_data_batch
[make_crop_data_batch()] make tf_to_crops done
[make_crop_data_batch()] render done
[make_crop_data_batch()] warp done
[make_crop_data_batch()] pose batch data done
[predict()] forward start
[predict()] forward done
[predict()] making cropped data
[make_crop_data_batch()] Welcome make_crop_data_batch
[make_crop_data_batch()] make tf_to_crops done
[make_crop_data_batch()] render done
[make_crop_data_batch()] warp done
[make_crop_data_batch()] pose batch data done
[predict()] forward start
[predict()] forward done
[track_one()] pose done
[780/1005] 000779.png
[track_one()] Welcome
[track_one()] depth processing done
[predict()] ob_in_cams:(1, 4, 4)
[predict()] self.cfg.use_normal:False
[predict()] trans_normalizer:[0.019999999552965164, 0.019999999552965164, 0.05000000074505806], rot_normalizer:0.3490658503988659
[predict()] making cropped data
[make_crop_data_batch()] Welcome make_crop_data_batch
[make_crop_data_batch()] make tf_to_crops done
[make_crop_data_batch()] render done
[make_crop_data_batch()] warp done
[make_crop_data_batch()] pose batch data done
[predict()] forward start
[predict()] forward done
[predict()] making cropped data
[make_crop_data_batch()] Welcome make_crop_data_batch
[make_crop_data_batch()] make tf_to_crops done
[make_crop_data_batch()] render done
[make_crop_data_batch()] warp done
[make_crop_data_batch()] pose batch data done
[predict()] forward start
[predict()] forward done
[track_one()] pose done
[781/1005] 000780.png
[track_one()] Welcome
[track_one()] depth processing done
[predict()] ob_in_cams:(1, 4, 4)
[predict()] self.cfg.use_normal:False
[predict()] trans_normalizer:[0.019999999552965164, 0.019999999552965164, 0.05000000074505806], rot_normalizer:0.3490658503988659
[predict()] making cropped data
[make_crop_data_batch()] Welcome make_crop_data_batch
[make_crop_data_batch()] make tf_to_crops done
[make_crop_data_batch()] render done
[make_crop_data_batch()] warp done
[make_crop_data_batch()] pose batch data done
[predict()] forward start
[predict()] forward done
[predict()] making cropped data
[make_crop_data_batch()] Welcome make_crop_data_batch
[make_crop_data_batch()] make tf_to_crops done
[make_crop_data_batch()] render done
[make_crop_data_batch()] warp done
[make_crop_data_batch()] pose batch data done
[predict()] forward start
[predict()] forward done
[track_one()] pose done
[782/1005] 000781.png
[track_one()] Welcome
[track_one()] depth processing done
[predict()] ob_in_cams:(1, 4, 4)
[predict()] self.cfg.use_normal:False
[predict()] trans_normalizer:[0.019999999552965164, 0.019999999552965164, 0.05000000074505806], rot_normalizer:0.3490658503988659
[predict()] making cropped data
[make_crop_data_batch()] Welcome make_crop_data_batch
[make_crop_data_batch()] make tf_to_crops done
[make_crop_data_batch()] render done
[make_crop_data_batch()] warp done
[make_crop_data_batch()] pose batch data done
[predict()] forward start
[predict()] forward done
[predict()] making cropped data
[make_crop_data_batch()] Welcome make_crop_data_batch
[make_crop_data_batch()] make tf_to_crops done
[make_crop_data_batch()] render done
[make_crop_data_batch()] warp done
[make_crop_data_batch()] pose batch data done
[predict()] forward start
[predict()] forward done
[track_one()] pose done
[783/1005] 000782.png
[track_one()] Welcome
[track_one()] depth processing done
[predict()] ob_in_cams:(1, 4, 4)
[predict()] self.cfg.use_normal:False
[predict()] trans_normalizer:[0.019999999552965164, 0.019999999552965164, 0.05000000074505806], rot_normalizer:0.3490658503988659
[predict()] making cropped data
[make_crop_data_batch()] Welcome make_crop_data_batch
[make_crop_data_batch()] make tf_to_crops done
[make_crop_data_batch()] render done
[make_crop_data_batch()] warp done
[make_crop_data_batch()] pose batch data done
[predict()] forward start
[predict()] forward done
[predict()] making cropped data
[make_crop_data_batch()] Welcome make_crop_data_batch
[make_crop_data_batch()] make tf_to_crops done
[make_crop_data_batch()] render done
[make_crop_data_batch()] warp done
[make_crop_data_batch()] pose batch data done
[predict()] forward start
[predict()] forward done
[track_one()] pose done
[784/1005] 000783.png
[track_one()] Welcome
[track_one()] depth processing done
[predict()] ob_in_cams:(1, 4, 4)
[predict()] self.cfg.use_normal:False
[predict()] trans_normalizer:[0.019999999552965164, 0.019999999552965164, 0.05000000074505806], rot_normalizer:0.3490658503988659
[predict()] making cropped data
[make_crop_data_batch()] Welcome make_crop_data_batch
[make_crop_data_batch()] make tf_to_crops done
[make_crop_data_batch()] render done
[make_crop_data_batch()] warp done
[make_crop_data_batch()] pose batch data done
[predict()] forward start
[predict()] forward done
[predict()] making cropped data
[make_crop_data_batch()] Welcome make_crop_data_batch
[make_crop_data_batch()] make tf_to_crops done
[make_crop_data_batch()] render done
[make_crop_data_batch()] warp done
[make_crop_data_batch()] pose batch data done
[predict()] forward start
[predict()] forward done
[track_one()] pose done
[785/1005] 000784.png
[track_one()] Welcome
[track_one()] depth processing done
[predict()] ob_in_cams:(1, 4, 4)
[predict()] self.cfg.use_normal:False
[predict()] trans_normalizer:[0.019999999552965164, 0.019999999552965164, 0.05000000074505806], rot_normalizer:0.3490658503988659
[predict()] making cropped data
[make_crop_data_batch()] Welcome make_crop_data_batch
[make_crop_data_batch()] make tf_to_crops done
[make_crop_data_batch()] render done
[make_crop_data_batch()] warp done
[make_crop_data_batch()] pose batch data done
[predict()] forward start
[predict()] forward done
[predict()] making cropped data
[make_crop_data_batch()] Welcome make_crop_data_batch
[make_crop_data_batch()] make tf_to_crops done
[make_crop_data_batch()] render done
[make_crop_data_batch()] warp done
[make_crop_data_batch()] pose batch data done
[predict()] forward start
[predict()] forward done
[track_one()] pose done
[786/1005] 000785.png
[track_one()] Welcome
[track_one()] depth processing done
[predict()] ob_in_cams:(1, 4, 4)
[predict()] self.cfg.use_normal:False
[predict()] trans_normalizer:[0.019999999552965164, 0.019999999552965164, 0.05000000074505806], rot_normalizer:0.3490658503988659
[predict()] making cropped data
[make_crop_data_batch()] Welcome make_crop_data_batch
[make_crop_data_batch()] make tf_to_crops done
[make_crop_data_batch()] render done
[make_crop_data_batch()] warp done
[make_crop_data_batch()] pose batch data done
[predict()] forward start
[predict()] forward done
[predict()] making cropped data
[make_crop_data_batch()] Welcome make_crop_data_batch
[make_crop_data_batch()] make tf_to_crops done
[make_crop_data_batch()] render done
[make_crop_data_batch()] warp done
[make_crop_data_batch()] pose batch data done
[predict()] forward start
[predict()] forward done
[track_one()] pose done
[787/1005] 000786.png
[track_one()] Welcome
[track_one()] depth processing done
[predict()] ob_in_cams:(1, 4, 4)
[predict()] self.cfg.use_normal:False
[predict()] trans_normalizer:[0.019999999552965164, 0.019999999552965164, 0.05000000074505806], rot_normalizer:0.3490658503988659
[predict()] making cropped data
[make_crop_data_batch()] Welcome make_crop_data_batch
[make_crop_data_batch()] make tf_to_crops done
[make_crop_data_batch()] render done
[make_crop_data_batch()] warp done
[make_crop_data_batch()] pose batch data done
[predict()] forward start
[predict()] forward done
[predict()] making cropped data
[make_crop_data_batch()] Welcome make_crop_data_batch
[make_crop_data_batch()] make tf_to_crops done
[make_crop_data_batch()] render done
[make_crop_data_batch()] warp done
[make_crop_data_batch()] pose batch data done
[predict()] forward start
[predict()] forward done
[track_one()] pose done
Traceback (most recent call last):
  File "/usr/local/lib/python3.10/dist-packages/PIL/ImageFile.py", line 663, in _save
    fh = fp.fileno()
AttributeError: '_idat' object has no attribute 'fileno'

During handling of the above exception, another exception occurred:

Traceback (most recent call last):
  File "/workspace/6Dpose/FoundationPose/../src/run_foundationpose_zed.py", line 343, in main
    return run_pipeline(args)
  File "/workspace/6Dpose/FoundationPose/../src/run_foundationpose_zed.py", line 304, in run_pipeline
    imageio.imwrite(vis_dir / f"{rgb_path.stem}.png", vis)
  File "/usr/local/lib/python3.10/dist-packages/imageio/v2.py", line 396, in imwrite
    with imopen(uri, "wi", **imopen_args) as file:
  File "/usr/local/lib/python3.10/dist-packages/imageio/core/v3_plugin_api.py", line 367, in __exit__
    self.close()
  File "/usr/local/lib/python3.10/dist-packages/imageio/plugins/pillow.py", line 145, in close
    self._flush_writer()
  File "/usr/local/lib/python3.10/dist-packages/imageio/plugins/pillow.py", line 489, in _flush_writer
    primary_image.save(self._request.get_file(), **self.save_args)
  File "/usr/local/lib/python3.10/dist-packages/PIL/Image.py", line 2711, in save
    save_handler(self, fp, filename)
  File "/usr/local/lib/python3.10/dist-packages/PIL/PngImagePlugin.py", line 1522, in _save
    ImageFile._save(
  File "/usr/local/lib/python3.10/dist-packages/PIL/ImageFile.py", line 667, in _save
    _encode_tile(im, fp, tile, bufsize, None, exc)
  File "/usr/local/lib/python3.10/dist-packages/PIL/ImageFile.py", line 693, in _encode_tile
    errcode, data = encoder.encode(bufsize)[1:]
KeyboardInterrupt
运行失败；完整错误已保存到: /workspace/6Dpose/outputs/zed_foundationpose/run.log
